node1,node2,length,startLat,startLon,endLat,endLon,endNodeL,startNodeL,startYear,endYear,treeID
9,1,4.91718097290885,7.84351120560185,4.88011691516088,10.686987,13.272643,4.91718097290885,0,1964.08281902709,1969,111800000
9,10,25.1515412899875,7.84351120560185,4.88011691516088,7.67373867246735,4.91986498941401,25.1515412899875,0,1964.08281902709,1989.23436031708,111800000
10,11,20.7908526939633,7.67373867246735,4.91986498941401,7.64528392408077,5.23607196866202,45.9423939839509,25.1515412899875,1989.23436031708,2010.02521301104,111800000
10,12,9.61277449502695,7.67373867246735,4.91986498941401,7.63285146667193,4.6745510014413,34.7643157850145,25.1515412899875,1989.23436031708,1998.84713481211,111800000
11,2,6.01030611464105,7.64528392408077,5.23607196866202,7.845422,5.182916,51.9527000985919,45.9423939839509,2010.02521301104,2016.03551912568,111800000
11,3,9.01862260539636,7.64528392408077,5.23607196866202,7.525829,5.762072,54.9610165893472,45.9423939839509,2010.02521301104,2019.04383561644,111800000
12,13,5.39412868889825,7.63285146667193,4.6745510014413,7.68962770685417,4.59568992856936,40.1584444739128,34.7643157850145,1998.84713481211,2004.241263501,111800000
12,15,9.79376261664241,7.63285146667193,4.6745510014413,7.68388814282309,4.63530076445644,44.5580784016569,34.7643157850145,1998.84713481211,2008.64089742875,111800000
13,4,4.92038033461246,7.68962770685417,4.59568992856936,7.68723475598097,4.61590108295289,45.0788248085252,40.1584444739128,2004.241263501,2009.16164383562,111800000
13,14,2.83809515728296,7.68962770685417,4.59568992856936,7.68603470054688,4.62695575040487,42.9965396311957,40.1584444739128,2004.241263501,2007.07935865829,111800000
14,6,5.12282713406298,7.68603470054688,4.62695575040487,7.68402375249997,4.61871262668064,48.1193667652587,42.9965396311957,2007.07935865829,2012.20218579235,111800000
14,5,1.66927522149458,7.68603470054688,4.62695575040487,7.67893893468694,4.62058376398362,44.6658148526903,42.9965396311957,2007.07935865829,2008.74863387978,111800000
15,7,0.107736451033372,7.68388814282309,4.63530076445644,7.68367595095781,4.61756559725118,44.6658148526903,44.5580784016569,2008.64089742875,2008.74863387978,111800000
15,8,0.520746406868295,7.68388814282309,4.63530076445644,7.68513803796662,4.62131112959456,45.0788248085252,44.5580784016569,2008.64089742875,2009.16164383562,111800000
