node1,node2,length,startLat,startLon,endLat,endLon,endNodeL,startNodeL,startYear,endYear,treeID
9,10,54.8625092625108,10.5167444765702,13.6581180119385,7.78828390645911,4.75407182303021,54.8625092625108,0,1915.95454370191,1970.81705296442,100100000
9,8,53.045456298091,10.5167444765702,13.6581180119385,10.686987,13.272643,53.045456298091,0,1915.95454370191,1969,100100000
10,11,18.4990561431228,7.78828390645911,4.75407182303021,7.77907365436054,4.72780103176121,73.3615654056336,54.8625092625108,1970.81705296442,1989.31610910754,100100000
10,15,36.8549604578455,7.78828390645911,4.75407182303021,7.83780748718658,4.93400667392099,91.7174697203563,54.8625092625108,1970.81705296442,2007.67201342226,100100000
11,12,12.5189450209463,7.77907365436054,4.72780103176121,7.83958526195842,4.70264132394977,85.8805104265799,73.3615654056336,1989.31610910754,2001.83505412849,100100000
11,14,18.8625005766681,7.77907365436054,4.72780103176121,7.68105353631576,4.59533824543265,92.2240659823017,73.3615654056336,1989.31610910754,2008.17860968421,100100000
12,1,7.32658970712752,7.83958526195842,4.70264132394977,7.68723475598097,4.61590108295289,93.2071001337074,85.8805104265799,2001.83505412849,2009.16164383562,100100000
12,13,3.57372535415282,7.83958526195842,4.70264132394977,7.70154047917937,4.52945476154738,89.4542357807327,85.8805104265799,2001.83505412849,2005.40877948264,100100000
13,2,3.33985439713978,7.70154047917937,4.52945476154738,7.67893893468694,4.62058376398362,92.7940901778725,89.4542357807327,2005.40877948264,2008.74863387978,100100000
13,3,6.79340630970818,7.70154047917937,4.52945476154738,7.68402375249997,4.61871262668064,96.2476420904409,89.4542357807327,2005.40877948264,2012.20218579235,100100000
14,5,0.983034151405665,7.68105353631576,4.59533824543265,7.68513803796662,4.62131112959456,93.2071001337074,92.2240659823017,2008.17860968421,2009.16164383562,100100000
14,4,0.570024195570742,7.68105353631576,4.59533824543265,7.68367595095781,4.61756559725118,92.7940901778725,92.2240659823017,2008.17860968421,2008.74863387978,100100000
15,6,8.36350570341778,7.83780748718658,4.93400667392099,7.845422,5.182916,100.080975423774,91.7174697203563,2007.67201342226,2016.03551912568,100100000
15,7,11.3718221941731,7.83780748718658,4.93400667392099,7.525829,5.762072,103.089291914529,91.7174697203563,2007.67201342226,2019.04383561644,100100000
