node1,node2,length,startLat,startLon,endLat,endLon,endNodeL,startNodeL,startYear,endYear,treeID
9,1,0.503060036630949,10.7027597554636,13.2665520373793,10.686987,13.272643,0.503060036630949,0,1968.49693996337,1969,170400000
9,10,24.3283383568504,10.7027597554636,13.2665520373793,7.87342595065104,4.82402983504304,24.3283383568504,0,1968.49693996337,1992.82527832022,170400000
10,11,7.89709114895182,7.87342595065104,4.82402983504304,7.65931969253257,4.72697683921765,32.2254295058023,24.3283383568504,1992.82527832022,2000.72236946917,170400000
10,15,20.4640881220724,7.87342595065104,4.82402983504304,7.71884049948822,5.38775929657085,44.7924264789228,24.3283383568504,1992.82527832022,2013.28936644229,170400000
11,12,5.77829849141205,7.65931969253257,4.72697683921765,7.69206400029128,4.64294787556606,38.0037279972143,32.2254295058023,2000.72236946917,2006.50066796058,170400000
11,14,8.00800154085105,7.65931969253257,4.72697683921765,7.7029416161383,4.5727413092471,40.2334310466533,32.2254295058023,2000.72236946917,2008.73037101002,170400000
12,2,2.66097587503299,7.69206400029128,4.64294787556606,7.68723475598097,4.61590108295289,40.6647038722473,38.0037279972143,2006.50066796058,2009.16164383562,170400000
12,13,0.539011091881983,7.69206400029128,4.64294787556606,7.65026459428198,4.6534745042258,38.5427390890963,38.0037279972143,2006.50066796058,2007.03967905246,170400000
13,3,1.70895482731608,7.65026459428198,4.6534745042258,7.67893893468694,4.62058376398362,40.2516939164124,38.5427390890963,2007.03967905246,2008.74863387978,170400000
13,4,5.16250673988448,7.65026459428198,4.6534745042258,7.68402375249997,4.61871262668064,43.7052458289808,38.5427390890963,2007.03967905246,2012.20218579235,170400000
14,6,0.431272825593993,7.7029416161383,4.5727413092471,7.68513803796662,4.62131112959456,40.6647038722473,40.2334310466533,2008.73037101002,2009.16164383562,170400000
14,5,0.0182628697590701,7.7029416161383,4.5727413092471,7.68367595095781,4.61756559725118,40.2516939164124,40.2334310466533,2008.73037101002,2008.74863387978,170400000
15,7,2.7461526833912,7.71884049948822,5.38775929657085,7.845422,5.182916,47.538579162314,44.7924264789228,2013.28936644229,2016.03551912568,170400000
15,8,5.7544691741465,7.71884049948822,5.38775929657085,7.525829,5.762072,50.5468956530693,44.7924264789228,2013.28936644229,2019.04383561644,170400000
