node1,node2,length,startLat,startLon,endLat,endLon,endNodeL,startNodeL,startYear,endYear,treeID
9,10,43.4159537790109,8.36804552075156,15.6750563877864,7.79747720291066,4.25463417324403,43.4159537790109,0,1940.13488397381,1983.55083775282,198300000
9,8,28.8651160261917,8.36804552075156,15.6750563877864,10.686987,13.272643,28.8651160261917,0,1940.13488397381,1969,198300000
10,11,11.5701833243776,7.79747720291066,4.25463417324403,7.70686145340273,4.63936951008036,54.9861371033885,43.4159537790109,1983.55083775282,1995.1210210772,198300000
10,15,26.6166649913814,7.79747720291066,4.25463417324403,7.89554805389575,5.05659290324497,70.0326187703923,43.4159537790109,1983.55083775282,2010.1675027442,198300000
11,12,7.49325361442743,7.70686145340273,4.63936951008036,7.68865074326003,4.64313125905942,62.479390717816,54.9861371033885,1995.1210210772,2002.61427469162,198300000
11,14,13.2439215326626,7.70686145340273,4.63936951008036,7.640010442174,4.67169813955294,68.2300586360511,54.9861371033885,1995.1210210772,2008.36494260986,198300000
12,3,6.54736914399206,7.68865074326003,4.64313125905942,7.68723475598097,4.61590108295289,69.026759861808,62.479390717816,2002.61427469162,2009.16164383562,198300000
12,13,2.90547301389183,7.68865074326003,4.64313125905942,7.66683941887417,4.6392987419605,65.3848637317078,62.479390717816,2002.61427469162,2005.51974770552,198300000
13,1,3.22888617426531,7.66683941887417,4.6392987419605,7.67893893468694,4.62058376398362,68.6137499059731,65.3848637317078,2005.51974770552,2008.74863387978,198300000
13,2,6.68243808683371,7.66683941887417,4.6392987419605,7.68402375249997,4.61871262668064,72.0673018185415,65.3848637317078,2005.51974770552,2012.20218579235,198300000
14,5,0.796701225756943,7.640010442174,4.67169813955294,7.68513803796662,4.62131112959456,69.026759861808,68.2300586360511,2008.36494260986,2009.16164383562,198300000
14,4,0.38369126992202,7.640010442174,4.67169813955294,7.68367595095781,4.61756559725118,68.6137499059731,68.2300586360511,2008.36494260986,2008.74863387978,198300000
15,6,5.86801638148242,7.89554805389575,5.05659290324497,7.845422,5.182916,75.9006351518748,70.0326187703923,2010.1675027442,2016.03551912568,198300000
15,7,8.87633287223773,7.89554805389575,5.05659290324497,7.525829,5.762072,78.9089516426301,70.0326187703923,2010.1675027442,2019.04383561644,198300000
