node1,node2,length,startLat,startLon,endLat,endLon,endNodeL,startNodeL,startYear,endYear,treeID
9,8,1.92122541518785,10.7001293039401,13.3663914157633,10.686987,13.272643,1.92122541518785,0,1967.07877458481,1969,142900000
9,10,30.1962328927558,10.7001293039401,13.3663914157633,7.54972063081596,5.384701795321,30.1962328927558,0,1967.07877458481,1997.27500747757,142900000
10,11,17.3108364356621,7.54972063081596,5.384701795321,7.76902619473004,5.32095336536584,47.5070693284179,30.1962328927558,1997.27500747757,2014.58584391323,142900000
10,12,3.99933787064561,7.54972063081596,5.384701795321,7.64728882117502,4.80596883538149,34.1955707634014,30.1962328927558,1997.27500747757,2001.27434534821,142900000
11,1,1.44967521245305,7.76902619473004,5.32095336536584,7.845422,5.182916,48.9567445408709,47.5070693284179,2014.58584391323,2016.03551912568,142900000
11,2,4.45799170320836,7.76902619473004,5.32095336536584,7.525829,5.762072,51.9650610316262,47.5070693284179,2014.58584391323,2019.04383561644,142900000
12,13,6.01616093216866,7.64728882117502,4.80596883538149,7.70167775271514,4.59430256856831,40.21173169557,34.1955707634014,2001.27434534821,2007.29050628038,142900000
12,15,7.35845770921366,7.64728882117502,4.80596883538149,7.67191951260353,4.62054295831293,41.554028472615,34.1955707634014,2001.27434534821,2008.63280305743,142900000
13,3,1.87113755523417,7.70167775271514,4.59430256856831,7.68723475598097,4.61590108295289,42.0828692508042,40.21173169557,2007.29050628038,2009.16164383562,142900000
13,14,0.663245040416479,7.70167775271514,4.59430256856831,7.64252815971997,4.6568074442594,40.8749767359865,40.21173169557,2007.29050628038,2007.9537513208,142900000
14,4,4.24843447155117,7.64252815971997,4.6568074442594,7.68402375249997,4.61871262668064,45.1234112075377,40.8749767359865,2007.9537513208,2012.20218579235,142900000
14,5,0.794882558982769,7.64252815971997,4.6568074442594,7.67893893468694,4.62058376398362,41.6698592949693,40.8749767359865,2007.9537513208,2008.74863387978,142900000
15,6,0.115830822354241,7.67191951260353,4.62054295831293,7.68367595095781,4.61756559725118,41.6698592949693,41.554028472615,2008.63280305743,2008.74863387978,142900000
15,7,0.528840778189164,7.67191951260353,4.62054295831293,7.68513803796662,4.62131112959456,42.0828692508042,41.554028472615,2008.63280305743,2009.16164383562,142900000
