node1,node2,length,startLat,startLon,endLat,endLon,endNodeL,startNodeL,startYear,endYear,treeID
9,10,32.9023965998943,10.9211651458649,12.6913287410246,7.67882937917549,4.9414106162486,32.9023965998943,0,1954.07063124535,1986.97302784525,194700000
9,8,14.9293687546446,10.9211651458649,12.6913287410246,10.686987,13.272643,14.9293687546446,0,1954.07063124535,1969,194700000
10,11,9.82779957394821,7.67882937917549,4.9414106162486,7.68344618020872,4.77177978084667,42.7301961738425,32.9023965998943,1986.97302784525,1996.8008274192,194700000
10,15,25.5575708366924,7.67882937917549,4.9414106162486,7.82702939033718,5.07662318950412,58.4599674365867,32.9023965998943,1986.97302784525,2012.53059868194,194700000
11,12,6.1847495041536,7.68344618020872,4.77177978084667,7.66534263043463,4.62267114388176,48.9149456779961,42.7301961738425,1996.8008274192,2002.98557692335,194700000
11,14,11.2055459189016,7.68344618020872,4.77177978084667,7.69049564841592,4.66830933564224,53.9357420927441,42.7301961738425,1996.8008274192,2008.0063733381,194700000
12,3,6.1760669122648,7.66534263043463,4.62267114388176,7.68723475598097,4.61590108295289,55.0910125902609,48.9149456779961,2002.98557692335,2009.16164383562,194700000
12,13,4.45818206155629,7.66534263043463,4.62267114388176,7.72069332585641,4.61385810567801,53.3731277395524,48.9149456779961,2002.98557692335,2007.44375898491,194700000
13,1,4.75842680744199,7.72069332585641,4.61385810567801,7.68402375249997,4.61871262668064,58.1315545469944,53.3731277395524,2007.44375898491,2012.20218579235,194700000
13,2,1.30487489487359,7.72069332585641,4.61385810567801,7.67893893468694,4.62058376398362,54.678002634426,53.3731277395524,2007.44375898491,2008.74863387978,194700000
14,5,1.15527049751685,7.69049564841592,4.66830933564224,7.68513803796662,4.62131112959456,55.0910125902609,53.9357420927441,2008.0063733381,2009.16164383562,194700000
14,4,0.742260541681928,7.69049564841592,4.66830933564224,7.68367595095781,4.61756559725118,54.678002634426,53.9357420927441,2008.0063733381,2008.74863387978,194700000
15,6,3.50492044374099,7.82702939033718,5.07662318950412,7.845422,5.182916,61.9648878803277,58.4599674365867,2012.53059868194,2016.03551912568,194700000
15,7,6.51323693449629,7.82702939033718,5.07662318950412,7.525829,5.762072,64.973204371083,58.4599674365867,2012.53059868194,2019.04383561644,194700000
