node1,node2,length,startLat,startLon,endLat,endLon,endNodeL,startNodeL,startYear,endYear,treeID
9,8,5.52129683622272,7.42726886908585,4.4203214783152,10.686987,13.272643,5.52129683622272,0,1963.47870316378,1969,143200000
9,10,28.0498619675945,7.42726886908585,4.4203214783152,7.92122071613749,4.93336095763629,28.0498619675945,0,1963.47870316378,1991.52856513137,143200000
10,11,21.1410719935382,7.92122071613749,4.93336095763629,7.62356906973186,5.62136765319948,49.1909339611327,28.0498619675945,1991.52856513137,2012.66963712491,143200000
10,12,8.27080868208004,7.92122071613749,4.93336095763629,7.72956202960668,4.83907763867105,36.3206706496746,28.0498619675945,1991.52856513137,1999.79937381345,143200000
11,1,3.3658820007731,7.62356906973186,5.62136765319948,7.845422,5.182916,52.5568159619058,49.1909339611327,2012.66963712491,2016.03551912568,143200000
11,2,6.3741984915284,7.62356906973186,5.62136765319948,7.525829,5.762072,55.5651324526611,49.1909339611327,2012.66963712491,2019.04383561644,143200000
12,13,6.00901965593643,7.72956202960668,4.83907763867105,7.69317472688069,4.67174575299604,42.329690305611,36.3206706496746,1999.79937381345,2005.80839346939,143200000
12,15,8.92199985667829,7.72956202960668,4.83907763867105,7.67559387457907,4.62646882597554,45.2426705063529,36.3206706496746,1999.79937381345,2008.72137367013,143200000
13,3,3.35325036622809,7.69317472688069,4.67174575299604,7.68723475598097,4.61590108295289,45.6829406718391,42.329690305611,2005.80839346939,2009.16164383562,143200000
13,14,1.45371609041749,7.69317472688069,4.67174575299604,7.68591963893999,4.60837314832862,43.7834063960285,42.329690305611,2005.80839346939,2007.26210955981,143200000
14,4,4.94007623254408,7.68591963893999,4.60837314832862,7.68402375249997,4.61871262668064,48.7234826285726,43.7834063960285,2007.26210955981,2012.20218579235,143200000
14,5,1.48652431997568,7.68591963893999,4.60837314832862,7.67893893468694,4.62058376398362,45.2699307160042,43.7834063960285,2007.26210955981,2008.74863387978,143200000
15,6,0.0272602096513079,7.67559387457907,4.62646882597554,7.68367595095781,4.61756559725118,45.2699307160042,45.2426705063529,2008.72137367013,2008.74863387978,143200000
15,7,0.440270165486231,7.67559387457907,4.62646882597554,7.68513803796662,4.62131112959456,45.6829406718391,45.2426705063529,2008.72137367013,2009.16164383562,143200000
