node1,node2,length,startLat,startLon,endLat,endLon,endNodeL,startNodeL,startYear,endYear,treeID
9,1,0.000350057871727927,10.6860724929088,13.2741397596061,10.686987,13.272643,0.000350057871727927,0,1968.99964994213,1969,160700000
9,10,33.0963254974944,10.6860724929088,13.2741397596061,7.68487372730858,4.69532551235621,33.0963254974944,0,1968.99964994213,2002.09597543962,160700000
10,11,11.0794344191798,7.68487372730858,4.69532551235621,7.8410234725982,5.27311312070242,44.1757599166742,33.0963254974944,2002.09597543962,2013.1754098588,160700000
10,12,3.32760106705811,7.68487372730858,4.69532551235621,7.7617218188436,4.58838815055504,36.4239265645525,33.0963254974944,2002.09597543962,2005.42357650668,160700000
11,2,2.8601092668806,7.8410234725982,5.27311312070242,7.845422,5.182916,47.0358691835548,44.1757599166742,2013.1754098588,2016.03551912568,160700000
11,3,5.86842575763591,7.8410234725982,5.27311312070242,7.525829,5.762072,50.0441856743101,44.1757599166742,2013.1754098588,2019.04383561644,160700000
12,13,1.65093677144681,7.7617218188436,4.58838815055504,7.76329841901812,4.6316503313301,38.0748633359993,36.4239265645525,2005.42357650668,2007.07451327813,160700000
12,15,3.27595082844262,7.7617218188436,4.58838815055504,7.69904192660908,4.60032041249146,39.6998773929951,36.4239265645525,2005.42357650668,2008.69952733512,160700000
13,6,2.08713055748876,7.76329841901812,4.6316503313301,7.68723475598097,4.61590108295289,40.1619938934881,38.0748633359993,2007.07451327813,2009.16164383562,160700000
13,14,1.06263852616249,7.76329841901812,4.6316503313301,7.72176345837969,4.63476357592765,39.1375018621618,38.0748633359993,2007.07451327813,2008.13715180429,160700000
14,4,4.06503398805975,7.72176345837969,4.63476357592765,7.68402375249997,4.61871262668064,43.2025358502216,39.1375018621618,2008.13715180429,2012.20218579235,160700000
14,5,0.611482075491345,7.72176345837969,4.63476357592765,7.67893893468694,4.62058376398362,39.7489839376532,39.1375018621618,2008.13715180429,2008.74863387978,160700000
15,7,0.0491065446580325,7.69904192660908,4.60032041249146,7.68367595095781,4.61756559725118,39.7489839376532,39.6998773929951,2008.69952733512,2008.74863387978,160700000
15,8,0.462116500492955,7.69904192660908,4.60032041249146,7.68513803796662,4.62131112959456,40.1619938934881,39.6998773929951,2008.69952733512,2009.16164383562,160700000
