node1,node2,length,startLat,startLon,endLat,endLon,endNodeL,startNodeL,startYear,endYear,treeID
9,10,39.2400589990468,11.3595279906806,12.0032097435635,7.8178749982651,5.01203761328428,39.2400589990468,0,1930.65930203533,1969.89936103438,197000000
9,8,38.3406979646703,11.3595279906806,12.0032097435635,10.686987,13.272643,38.3406979646703,0,1930.65930203533,1969,197000000
10,11,19.0127521688534,7.8178749982651,5.01203761328428,7.64666182855522,4.64680973087359,58.2528111679002,39.2400589990468,1969.89936103438,1988.91211320323,197000000
10,15,38.341909591887,7.8178749982651,5.01203761328428,7.79161242101383,5.22232054032696,77.5819685909338,39.2400589990468,1969.89936103438,2008.24127062626,197000000
11,12,11.5626212975451,7.64666182855522,4.64680973087359,7.71214920436321,4.65767970652415,69.8154324654453,58.2528111679002,1988.91211320323,2000.47473450077,197000000
11,14,18.9747795819807,7.64666182855522,4.64680973087359,7.7216171831538,4.66771009929463,77.2275907498808,58.2528111679002,1988.91211320323,2007.88689278521,197000000
12,3,8.6869093348413,7.71214920436321,4.65767970652415,7.68723475598097,4.61590108295289,78.5023418002866,69.8154324654453,2000.47473450077,2009.16164383562,197000000
12,13,6.19746275360186,7.71214920436321,4.65767970652415,7.68353784618552,4.70136299119178,76.0128952190472,69.8154324654453,2000.47473450077,2006.67219725438,197000000
13,1,2.07643662540451,7.68353784618552,4.70136299119178,7.67893893468694,4.62058376398362,78.0893318444517,76.0128952190472,2006.67219725438,2008.74863387978,197000000
13,2,5.52998853797291,7.68353784618552,4.70136299119178,7.68402375249997,4.61871262668064,81.5428837570201,76.0128952190472,2006.67219725438,2012.20218579235,197000000
14,5,1.27475105040576,7.7216171831538,4.66771009929463,7.68513803796662,4.62131112959456,78.5023418002866,77.2275907498808,2007.88689278521,2009.16164383562,197000000
14,4,0.861741094570837,7.7216171831538,4.66771009929463,7.68367595095781,4.61756559725118,78.0893318444517,77.2275907498808,2007.88689278521,2008.74863387978,197000000
15,6,7.79424849941957,7.79161242101383,5.22232054032696,7.845422,5.182916,85.3762170903534,77.5819685909338,2008.24127062626,2016.03551912568,197000000
15,7,10.8025649901749,7.79161242101383,5.22232054032696,7.525829,5.762072,88.3845335811087,77.5819685909338,2008.24127062626,2019.04383561644,197000000
