node1,node2,length,startLat,startLon,endLat,endLon,endNodeL,startNodeL,startYear,endYear,treeID
9,8,6.04410131465423,10.5700470451461,13.2372006602849,10.686987,13.272643,6.04410131465423,0,1962.95589868535,1969,179600000
9,10,28.1495478139563,10.5700470451461,13.2372006602849,7.79345060785069,4.73479548603936,28.1495478139563,0,1962.95589868535,1991.1054464993,179600000
10,11,17.5318925810622,7.79345060785069,4.73479548603936,7.68702953626394,4.88854719664193,45.6814403950185,28.1495478139563,1991.1054464993,2008.63733908036,179600000
10,12,4.90160700243298,7.79345060785069,4.73479548603936,7.72398862093299,4.63691865870889,33.0511548163892,28.1495478139563,1991.1054464993,1996.00705350173,179600000
11,1,7.39818004531884,7.68702953626394,4.88854719664193,7.845422,5.182916,53.0796204403373,45.6814403950185,2008.63733908036,2016.03551912568,179600000
11,2,10.4064965360741,7.68702953626394,4.88854719664193,7.525829,5.762072,56.0879369310926,45.6814403950185,2008.63733908036,2019.04383561644,179600000
12,13,4.6863163130345,7.72398862093299,4.63691865870889,7.71099196854405,4.67470430114744,37.7374711294238,33.0511548163892,1996.00705350173,2000.69336981477,179600000
12,15,12.5960094717973,7.72398862093299,4.63691865870889,7.66075458524049,4.58058360462008,45.6471642881865,33.0511548163892,1996.00705350173,2008.60306297353,179600000
13,5,8.46827402084684,7.71099196854405,4.67470430114744,7.68723475598097,4.61590108295289,46.2057451502706,37.7374711294238,2000.69336981477,2009.16164383562,179600000
13,14,3.86216839176186,7.71099196854405,4.67470430114744,7.69958851262192,4.82116976539764,41.5996395211856,37.7374711294238,2000.69336981477,2004.55553820653,179600000
14,3,4.19309567325006,7.69958851262192,4.82116976539764,7.67893893468694,4.62058376398362,45.7927351944357,41.5996395211856,2004.55553820653,2008.74863387978,179600000
14,4,7.64664758581846,7.69958851262192,4.82116976539764,7.68402375249997,4.61871262668064,49.2462871070041,41.5996395211856,2004.55553820653,2012.20218579235,179600000
15,6,0.145570906249128,7.66075458524049,4.58058360462008,7.68367595095781,4.61756559725118,45.7927351944357,45.6471642881865,2008.60306297353,2008.74863387978,179600000
15,7,0.558580862084051,7.66075458524049,4.58058360462008,7.68513803796662,4.62131112959456,46.2057451502706,45.6471642881865,2008.60306297353,2009.16164383562,179600000
