node1,node2,length,startLat,startLon,endLat,endLon,endNodeL,startNodeL,startYear,endYear,treeID
9,1,0.00125767521039677,10.6858265693039,13.2708088412378,10.686987,13.272643,0.00125767521039677,0,1968.99874232479,1969,170300000
9,10,26.7608207591265,10.6858265693039,13.2708088412378,7.53055101674566,4.63248879842121,26.7608207591265,0,1968.99874232479,1995.75956308392,170300000
10,11,7.03428850809661,7.53055101674566,4.63248879842121,7.73174052341887,4.65899438944366,33.7951092672231,26.7608207591265,1995.75956308392,2002.79385159201,170300000
10,15,16.5662304132498,7.53055101674566,4.63248879842121,7.75779384793358,4.83186003391804,43.3270511723763,26.7608207591265,1995.75956308392,2012.32579349717,170300000
11,12,3.56150088504254,7.73174052341887,4.65899438944366,7.74936398231217,4.60286625387974,37.3566101522656,33.7951092672231,2002.79385159201,2006.35535247705,170300000
11,14,5.62190171895312,7.73174052341887,4.65899438944366,7.66223783270375,4.6404925510842,39.4170109861762,33.7951092672231,2002.79385159201,2008.41575331097,170300000
12,2,2.80629135856113,7.74936398231217,4.60286625387974,7.68723475598097,4.61590108295289,40.1629015108268,37.3566101522656,2006.35535247705,2009.16164383562,170300000
12,13,1.0650727901805,7.74936398231217,4.60286625387974,7.72786732951506,4.64162191402739,38.4216829424461,37.3566101522656,2006.35535247705,2007.42042526724,170300000
13,3,1.32820861254571,7.72786732951506,4.64162191402739,7.67893893468694,4.62058376398362,39.7498915549918,38.4216829424461,2007.42042526724,2008.74863387978,170300000
13,4,4.78176052511411,7.72786732951506,4.64162191402739,7.68402375249997,4.61871262668064,43.2034434675602,38.4216829424461,2007.42042526724,2012.20218579235,170300000
14,6,0.745890524650543,7.66223783270375,4.6404925510842,7.68513803796662,4.62131112959456,40.1629015108268,39.4170109861762,2008.41575331097,2009.16164383562,170300000
14,5,0.33288056881562,7.66223783270375,4.6404925510842,7.68367595095781,4.61756559725118,39.7498915549918,39.4170109861762,2008.41575331097,2008.74863387978,170300000
15,7,3.70972562851718,7.75779384793358,4.83186003391804,7.845422,5.182916,47.0367768008935,43.3270511723763,2012.32579349717,2016.03551912568,170300000
15,8,6.71804211927249,7.75779384793358,4.83186003391804,7.525829,5.762072,50.0450932916488,43.3270511723763,2012.32579349717,2019.04383561644,170300000
