node1,node2,length,startLat,startLon,endLat,endLon,endNodeL,startNodeL,startYear,endYear,treeID
9,1,31.9586653579996,10.4797265751238,13.2287761976799,10.686987,13.272643,31.9586653579996,0,1937.041334642,1969,160100000
9,10,65.840622711239,10.4797265751238,13.2287761976799,7.64934930060434,4.73750110670012,65.840622711239,0,1937.041334642,2002.88195735324,160100000
10,11,10.72128119434,7.64934930060434,4.73750110670012,7.77025529145674,5.32939562587457,76.561903905579,65.840622711239,2002.88195735324,2013.60323854758,160100000
10,12,3.58758934679425,7.64934930060434,4.73750110670012,7.65826872085267,4.66606827343691,69.4282120580333,65.840622711239,2002.88195735324,2006.46954670003,160100000
11,2,2.43228057810374,7.77025529145674,5.32939562587457,7.845422,5.182916,78.9941844836827,76.561903905579,2013.60323854758,2016.03551912568,160100000
11,3,5.44059706885904,7.77025529145674,5.32939562587457,7.525829,5.762072,82.002500974438,76.561903905579,2013.60323854758,2019.04383561644,160100000
12,13,1.1147637542592,7.65826872085267,4.66606827343691,7.68549137299936,4.64596754142713,70.5429758122925,69.4282120580333,2006.46954670003,2007.58431045429,160100000
12,15,2.25499674716607,7.65826872085267,4.66606827343691,7.67227933437341,4.62855084476709,71.6832088051993,69.4282120580333,2006.46954670003,2008.7245434472,160100000
13,6,1.57733338132355,7.68549137299936,4.64596754142713,7.68723475598097,4.61590108295289,72.120309193616,70.5429758122925,2007.58431045429,2009.16164383562,160100000
13,14,0.744102873686119,7.68549137299936,4.64596754142713,7.6685743916721,4.63015395703787,71.2870786859786,70.5429758122925,2007.58431045429,2008.32841332798,160100000
14,4,0.420220551802505,7.6685743916721,4.63015395703787,7.67893893468694,4.62058376398362,71.7072992377811,71.2870786859786,2008.32841332798,2008.74863387978,160100000
14,5,3.87377246437091,7.6685743916721,4.63015395703787,7.68402375249997,4.61871262668064,75.1608511503495,71.2870786859786,2008.32841332798,2012.20218579235,160100000
15,7,0.024090432581751,7.67227933437341,4.62855084476709,7.68367595095781,4.61756559725118,71.7072992377811,71.6832088051993,2008.7245434472,2008.74863387978,160100000
15,8,0.437100388416674,7.67227933437341,4.62855084476709,7.68513803796662,4.62131112959456,72.120309193616,71.6832088051993,2008.7245434472,2009.16164383562,160100000
