node1,node2,length,startLat,startLon,endLat,endLon,endNodeL,startNodeL,startYear,endYear,treeID
9,10,46.797369970143,7.90009290756393,4.70934812964655,7.54695094364977,4.75097511079463,46.797369970143,0,1929.82036513772,1976.61773510787,187900000
9,8,39.1796348622751,7.90009290756393,4.70934812964655,10.686987,13.272643,39.1796348622751,0,1929.82036513772,1969,187900000
10,11,11.8422468550083,7.54695094364977,4.75097511079463,7.59696835458127,4.58594065329766,58.6396168251514,46.797369970143,1976.61773510787,1988.45998196288,187900000
10,15,33.5492041969226,7.54695094364977,4.75097511079463,7.6536542541433,5.24112482973195,80.3465741670656,46.797369970143,1976.61773510787,2010.16693930479,187900000
11,12,14.2928015154343,7.59696835458127,4.58594065329766,7.67860502315546,4.58448147976033,72.9324183405856,58.6396168251514,1988.45998196288,2002.75278347831,187900000
11,14,19.0315390943131,7.59696835458127,4.58594065329766,7.59979589995519,4.5373637770614,77.6711559194645,58.6396168251514,1988.45998196288,2007.49152105719,187900000
12,1,6.40886035730587,7.67860502315546,4.58448147976033,7.68723475598097,4.61590108295289,79.3412786978915,72.9324183405856,2002.75278347831,2009.16164383562,187900000
12,13,2.45709871102402,7.67860502315546,4.58448147976033,7.71999085309237,4.64534891140353,75.3895170516096,72.9324183405856,2002.75278347831,2005.20988218933,187900000
13,2,3.53875169044692,7.71999085309237,4.64534891140353,7.67893893468694,4.62058376398362,78.9282687420566,75.3895170516096,2005.20988218933,2008.74863387978,187900000
13,3,6.99230360301532,7.71999085309237,4.64534891140353,7.68402375249997,4.61871262668064,82.381820654625,75.3895170516096,2005.20988218933,2012.20218579235,187900000
14,5,1.67012277842701,7.59979589995519,4.5373637770614,7.68513803796662,4.62131112959456,79.3412786978915,77.6711559194645,2007.49152105719,2009.16164383562,187900000
14,4,1.25711282259208,7.59979589995519,4.5373637770614,7.68367595095781,4.61756559725118,78.9282687420566,77.6711559194645,2007.49152105719,2008.74863387978,187900000
15,6,5.8685798208926,7.6536542541433,5.24112482973195,7.845422,5.182916,86.2151539879582,80.3465741670656,2010.16693930479,2016.03551912568,187900000
15,7,8.87689631164791,7.6536542541433,5.24112482973195,7.525829,5.762072,89.2234704787135,80.3465741670656,2010.16693930479,2019.04383561644,187900000
