node1,node2,length,startLat,startLon,endLat,endLon,endNodeL,startNodeL,startYear,endYear,treeID
9,1,23.3581356626495,7.34642031243407,4.34299204591692,10.686987,13.272643,23.3581356626495,0,1945.64186433735,1969,154000000
9,10,33.066295376304,7.34642031243407,4.34299204591692,7.49670590975553,4.24784404455052,33.066295376304,0,1945.64186433735,1978.70815971365,154000000
10,11,17.3247407816978,7.49670590975553,4.24784404455052,7.71895379985743,4.62450130932183,50.3910361580019,33.066295376304,1978.70815971365,1996.03290049535,154000000
10,15,32.0111274257913,7.49670590975553,4.24784404455052,7.73299464138617,5.05685449695196,65.0774228020953,33.066295376304,1978.70815971365,2010.71928713945,154000000
11,12,8.54221658072721,7.71895379985743,4.62450130932183,7.71350580024763,4.61604748514027,58.9332527387291,50.3910361580019,1996.03290049535,2004.57511707608,154000000
11,14,12.1863731767381,7.71895379985743,4.62450130932183,7.68779126025519,4.63245508091055,62.57740933474,50.3910361580019,1996.03290049535,2008.21927367209,154000000
12,4,4.58652675953676,7.71350580024763,4.61604748514027,7.68723475598097,4.61590108295289,63.5197794982658,58.9332527387291,2004.57511707608,2009.16164383562,154000000
12,13,1.90929483843958,7.71350580024763,4.61604748514027,7.74634226827822,4.64136118168364,60.8425475771686,58.9332527387291,2004.57511707608,2006.48441191452,154000000
13,2,5.71777387783066,7.74634226827822,4.64136118168364,7.68402375249997,4.61871262668064,66.5603214549993,60.8425475771686,2006.48441191452,2012.20218579235,154000000
13,3,2.26422196526226,7.74634226827822,4.64136118168364,7.67893893468694,4.62058376398362,63.1067695424309,60.8425475771686,2006.48441191452,2008.74863387978,154000000
14,6,0.942370163525846,7.68779126025519,4.63245508091055,7.68513803796662,4.62131112959456,63.5197794982658,62.57740933474,2008.21927367209,2009.16164383562,154000000
14,5,0.529360207690923,7.68779126025519,4.63245508091055,7.68367595095781,4.61756559725118,63.1067695424309,62.57740933474,2008.21927367209,2008.74863387978,154000000
15,7,5.31623198623724,7.73299464138617,5.05685449695196,7.845422,5.182916,70.3936547883326,65.0774228020953,2010.71928713945,2016.03551912568,154000000
15,8,8.32454847699255,7.73299464138617,5.05685449695196,7.525829,5.762072,73.4019712790879,65.0774228020953,2010.71928713945,2019.04383561644,154000000
