node1,node2,length,startLat,startLon,endLat,endLon,endNodeL,startNodeL,startYear,endYear,treeID
9,8,86.6541323056285,7.47033596264752,4.8109508958526,10.686987,13.272643,86.6541323056285,0,1882.34586769437,1969,128700000
9,10,70.840433698873,7.47033596264752,4.8109508958526,7.66620212005948,4.84961013766571,70.840433698873,0,1882.34586769437,1953.18630139324,128700000
10,11,48.0388517031657,7.66620212005948,4.84961013766571,7.7846128568195,5.17647660380394,118.879285402039,70.840433698873,1953.18630139324,2001.22515309641,128700000
10,12,27.529627078361,7.66620212005948,4.84961013766571,7.63742971757054,4.77680486531,98.370060777234,70.840433698873,1953.18630139324,1980.71592847161,128700000
11,1,14.8103660292728,7.7846128568195,5.17647660380394,7.845422,5.182916,133.689651431312,118.879285402039,2001.22515309641,2016.03551912568,128700000
11,2,17.8186825200281,7.7846128568195,5.17647660380394,7.525829,5.762072,136.697967922067,118.879285402039,2001.22515309641,2019.04383561644,128700000
12,13,15.8228742790095,7.63742971757054,4.77680486531,7.63645391823773,4.6395581715057,114.192935056243,98.370060777234,1980.71592847161,1996.53880275061,128700000
12,15,25.2202686549156,7.63742971757054,4.77680486531,7.68284727179127,4.62512888282186,123.59032943215,98.370060777234,1980.71592847161,2005.93619712652,128700000
13,5,12.6228410850013,7.63645391823773,4.6395581715057,7.68723475598097,4.61590108295289,126.815776141245,114.192935056243,1996.53880275061,2009.16164383562,128700000
13,14,4.38510471883061,7.63645391823773,4.6395581715057,7.64336360321316,4.69044629625884,118.578039775074,114.192935056243,1996.53880275061,2000.92390746945,128700000
14,3,11.2782783229042,7.64336360321316,4.69044629625884,7.68402375249997,4.61871262668064,129.856318097978,118.578039775074,2000.92390746945,2012.20218579235,128700000
14,4,7.82472641033581,7.64336360321316,4.69044629625884,7.67893893468694,4.62058376398362,126.40276618541,118.578039775074,2000.92390746945,2008.74863387978,128700000
15,6,2.81243675326031,7.68284727179127,4.62512888282186,7.68367595095781,4.61756559725118,126.40276618541,123.59032943215,2005.93619712652,2008.74863387978,128700000
15,7,3.22544670909523,7.68284727179127,4.62512888282186,7.68513803796662,4.62131112959456,126.815776141245,123.59032943215,2005.93619712652,2009.16164383562,128700000
