node1,node2,length,startLat,startLon,endLat,endLon,endNodeL,startNodeL,startYear,endYear,treeID
9,8,18.4268836763722,10.6320336718461,13.2057489364619,10.686987,13.272643,18.4268836763722,0,1950.57311632363,1969,132000000
9,10,47.7982721587176,10.6320336718461,13.2057489364619,7.79758412462382,4.77087781290354,47.7982721587176,0,1950.57311632363,1998.37138848234,132000000
10,11,12.5793804146605,7.79758412462382,4.77087781290354,7.58791251825911,5.76694202819346,60.3776525733781,47.7982721587176,1998.37138848234,2010.95076889701,132000000
10,12,5.16877554005588,7.79758412462382,4.77087781290354,7.62038932284887,4.55889078386254,52.9670476987735,47.7982721587176,1998.37138848234,2003.5401640224,132000000
11,1,5.08475022867721,7.58791251825911,5.76694202819346,7.845422,5.182916,65.4624028020553,60.3776525733781,2010.95076889701,2016.03551912568,132000000
11,2,8.09306671943252,7.58791251825911,5.76694202819346,7.525829,5.762072,68.4707192928106,60.3776525733781,2010.95076889701,2019.04383561644,132000000
12,13,3.06037573316594,7.62038932284887,4.55889078386254,7.65809496498722,4.60481639489549,56.0274234319394,52.9670476987735,2003.5401640224,2006.60053975557,132000000
12,15,5.04339372051115,7.62038932284887,4.55889078386254,7.6605206082684,4.6006467568042,58.0104414192846,52.9670476987735,2003.5401640224,2008.58355774291,132000000
13,3,2.56110408004913,7.65809496498722,4.60481639489549,7.68723475598097,4.61590108295289,58.5885275119885,56.0274234319394,2006.60053975557,2009.16164383562,132000000
13,14,1.89463174557117,7.65809496498722,4.60481639489549,7.67780546152131,4.59539048261497,57.9220551775106,56.0274234319394,2006.60053975557,2008.49517150114,132000000
14,4,3.70701429121144,7.67780546152131,4.59539048261497,7.68402375249997,4.61871262668064,61.629069468722,57.9220551775106,2008.49517150114,2012.20218579235,132000000
14,5,0.253462378643041,7.67780546152131,4.59539048261497,7.67893893468694,4.62058376398362,58.1755175561536,57.9220551775106,2008.49517150114,2008.74863387978,132000000
15,6,0.165076136869001,7.6605206082684,4.6006467568042,7.68367595095781,4.61756559725118,58.1755175561536,58.0104414192846,2008.58355774291,2008.74863387978,132000000
15,7,0.578086092703924,7.6605206082684,4.6006467568042,7.68513803796662,4.62131112959456,58.5885275119885,58.0104414192846,2008.58355774291,2009.16164383562,132000000
