node1,node2,length,startLat,startLon,endLat,endLon,endNodeL,startNodeL,startYear,endYear,treeID
9,8,0.117860986206743,10.6977511391254,13.3266573058118,10.686987,13.272643,0.117860986206743,0,1968.88213901379,1969,130800000
9,10,32.0862395859257,10.6977511391254,13.3266573058118,7.79487793789039,5.15206591850246,32.0862395859257,0,1968.88213901379,2000.96837859972,130800000
10,11,11.7504126102257,7.79487793789039,5.15206591850246,7.7885550106053,5.30478828469369,43.8366521961514,32.0862395859257,2000.96837859972,2012.71879120994,130800000
10,12,3.19955049234423,7.79487793789039,5.15206591850246,7.67882685515254,4.61763452232505,35.2857900782699,32.0862395859257,2000.96837859972,2004.16792909206,130800000
11,1,3.31672791573846,7.7885550106053,5.30478828469369,7.845422,5.182916,47.1533801118898,43.8366521961514,2012.71879120994,2016.03551912568,130800000
11,2,6.32504440649376,7.7885550106053,5.30478828469369,7.525829,5.762072,50.1616966026451,43.8366521961514,2012.71879120994,2019.04383561644,130800000
12,13,3.07315920915037,7.67882685515254,4.61763452232505,7.67996549472868,4.61059733705746,38.3589492874203,35.2857900782699,2004.16792909206,2007.24108830121,130800000
12,15,4.35360876522318,7.67882685515254,4.61763452232505,7.65556256599831,4.6142483185808,39.6393988434931,35.2857900782699,2004.16792909206,2008.52153785729,130800000
13,5,1.92055553440284,7.67996549472868,4.61059733705746,7.68723475598097,4.61590108295289,40.2795048218231,38.3589492874203,2007.24108830121,2009.16164383562,130800000
13,14,0.93348555705666,7.67996549472868,4.61059733705746,7.69393636147598,4.61026879399541,39.2924348444769,38.3589492874203,2007.24108830121,2008.17457385827,130800000
14,3,4.02761193407965,7.69393636147598,4.61026879399541,7.68402375249997,4.61871262668064,43.3200467785566,39.2924348444769,2008.17457385827,2012.20218579235,130800000
14,4,0.574060021511253,7.69393636147598,4.61026879399541,7.67893893468694,4.62058376398362,39.8664948659882,39.2924348444769,2008.17457385827,2008.74863387978,130800000
15,6,0.227096022495095,7.65556256599831,4.6142483185808,7.68367595095781,4.61756559725118,39.8664948659882,39.6393988434931,2008.52153785729,2008.74863387978,130800000
15,7,0.640105978330018,7.65556256599831,4.6142483185808,7.68513803796662,4.62131112959456,40.2795048218231,39.6393988434931,2008.52153785729,2009.16164383562,130800000
