node1,node2,length,startLat,startLon,endLat,endLon,endNodeL,startNodeL,startYear,endYear,treeID
9,8,0.577347094264965,10.6867781949606,13.2705784673261,10.686987,13.272643,0.577347094264965,0,1968.42265290573,1969,179100000
9,10,29.8051990817697,10.6867781949606,13.2705784673261,8.04632846851886,4.82280501155692,29.8051990817697,0,1968.42265290573,1998.2278519875,179100000
10,11,14.973033422683,8.04632846851886,4.82280501155692,7.85603852124763,5.04523520085022,44.7782325044526,29.8051990817697,1998.2278519875,2013.20088541019,179100000
10,12,4.92961272090317,8.04632846851886,4.82280501155692,8.06083038090637,4.87817718802988,34.7348118026728,29.8051990817697,1998.2278519875,2003.15746470841,179100000
11,1,2.83463371549541,7.85603852124763,5.04523520085022,7.845422,5.182916,47.6128662199481,44.7782325044526,2013.20088541019,2016.03551912568,179100000
11,2,5.84295020625072,7.85603852124763,5.04523520085022,7.525829,5.762072,50.6211827107034,44.7782325044526,2013.20088541019,2019.04383561644,179100000
12,13,1.24877455259482,8.06083038090637,4.87817718802988,7.71833689893546,4.69100036605256,35.9835863552677,34.7348118026728,2003.15746470841,2004.406239261,179100000
12,15,5.27880150775823,8.06083038090637,4.87817718802988,7.69087543605496,4.6199988030984,40.0136133104311,34.7348118026728,2003.15746470841,2008.43626621617,179100000
13,5,4.75540457461366,7.71833689893546,4.69100036605256,7.68723475598097,4.61590108295289,40.7389909298813,35.9835863552677,2004.406239261,2009.16164383562,179100000
13,14,3.53073894700653,7.71833689893546,4.69100036605256,7.69605132548702,4.64954448794604,39.5143253022742,35.9835863552677,2004.406239261,2007.93697820801,179100000
14,3,0.811655671772208,7.69605132548702,4.64954448794604,7.67893893468694,4.62058376398362,40.3259809740464,39.5143253022742,2007.93697820801,2008.74863387978,179100000
14,4,4.26520758434061,7.69605132548702,4.64954448794604,7.68402375249997,4.61871262668064,43.7795328866148,39.5143253022742,2007.93697820801,2012.20218579235,179100000
15,6,0.312367663615335,7.69087543605496,4.6199988030984,7.68367595095781,4.61756559725118,40.3259809740464,40.0136133104311,2008.43626621617,2008.74863387978,179100000
15,7,0.725377619450258,7.69087543605496,4.6199988030984,7.68513803796662,4.62131112959456,40.7389909298813,40.0136133104311,2008.43626621617,2009.16164383562,179100000
