node1,node2,length,startLat,startLon,endLat,endLon,endNodeL,startNodeL,startYear,endYear,treeID
9,10,62.0148190612916,7.16398762507048,5.28957226797429,7.1966707779841,5.25003433339882,62.0148190612916,0,1907.01081817856,1969.02563723985,186600000
9,8,61.9891818214401,7.16398762507048,5.28957226797429,10.686987,13.272643,61.9891818214401,0,1907.01081817856,1969,186600000
10,11,23.64976590482,7.1966707779841,5.25003433339882,7.64356662648417,4.6695384599354,85.6645849661116,62.0148190612916,1969.02563723985,1992.67540314467,186600000
10,15,33.8825149661728,7.1966707779841,5.25003433339882,7.53739888928135,5.67704133017546,95.8973340274644,62.0148190612916,1969.02563723985,2002.90815220602,186600000
11,12,9.30743502757854,7.64356662648417,4.6695384599354,7.63415508064805,4.65754130585602,94.9720199936901,85.6645849661116,1992.67540314467,2001.98283817225,186600000
11,14,14.8419977540671,7.64356662648417,4.6695384599354,7.66029222585957,4.65911915855119,100.506582720179,85.6645849661116,1992.67540314467,2007.51740089874,186600000
12,1,7.17880566336627,7.63415508064805,4.65754130585602,7.68723475598097,4.61590108295289,102.150825657056,94.9720199936901,2001.98283817225,2009.16164383562,186600000
12,13,2.19152393116421,7.63415508064805,4.65754130585602,7.60583143434419,4.65584003693504,97.1635439248544,94.9720199936901,2001.98283817225,2004.17436210341,186600000
13,2,4.57427177636713,7.60583143434419,4.65584003693504,7.67893893468694,4.62058376398362,101.737815701221,97.1635439248544,2004.17436210341,2008.74863387978,186600000
13,3,8.02782368893553,7.60583143434419,4.65584003693504,7.68402375249997,4.61871262668064,105.19136761379,97.1635439248544,2004.17436210341,2012.20218579235,186600000
14,5,1.64424293687773,7.66029222585957,4.65911915855119,7.68513803796662,4.62131112959456,102.150825657056,100.506582720179,2007.51740089874,2009.16164383562,186600000
14,4,1.2312329810428,7.66029222585957,4.65911915855119,7.68367595095781,4.61756559725118,101.737815701221,100.506582720179,2007.51740089874,2008.74863387978,186600000
15,6,13.1273669196588,7.53739888928135,5.67704133017546,7.845422,5.182916,109.024700947123,95.8973340274644,2002.90815220602,2016.03551912568,186600000
15,7,16.1356834104141,7.53739888928135,5.67704133017546,7.525829,5.762072,112.033017437878,95.8973340274644,2002.90815220602,2019.04383561644,186600000
