node1,node2,length,startLat,startLon,endLat,endLon,endNodeL,startNodeL,startYear,endYear,treeID
9,1,30.2046678005585,8.77348045851224,5.10883032830218,10.686987,13.272643,30.2046678005585,0,1938.79533219944,1969,147600000
9,10,38.3803187285156,8.77348045851224,5.10883032830218,7.71642507773381,4.97930541152217,38.3803187285156,0,1938.79533219944,1977.17565092796,147600000
10,11,33.4906822687434,7.71642507773381,4.97930541152217,7.56283792448723,5.06272489267483,71.8710009972589,38.3803187285156,1977.17565092796,2010.6663331967,147600000
10,12,13.130781551171,7.71642507773381,4.97930541152217,7.84382018326449,4.7146374467901,51.5111002796866,38.3803187285156,1977.17565092796,1990.30643247913,147600000
11,2,5.36918592898266,7.56283792448723,5.06272489267483,7.845422,5.182916,77.2401869262416,71.8710009972589,2010.6663331967,2016.03551912568,147600000
11,3,8.37750241973797,7.56283792448723,5.06272489267483,7.525829,5.762072,80.2485034169969,71.8710009972589,2010.6663331967,2019.04383561644,147600000
12,13,11.4725689303943,7.84382018326449,4.7146374467901,7.79824441834007,4.67119963435871,62.9836692100809,51.5111002796866,1990.30643247913,2001.77900140952,147600000
12,15,17.0975623517123,7.84382018326449,4.7146374467901,7.84163857899505,4.60978715290446,68.6086626313989,51.5111002796866,1990.30643247913,2007.40399483084,147600000
13,4,7.382642426094,7.79824441834007,4.67119963435871,7.68723475598097,4.61590108295289,70.3663116361749,62.9836692100809,2001.77900140952,2009.16164383562,147600000
13,14,3.92905576870693,7.79824441834007,4.67119963435871,7.73901943440295,4.66850335163538,66.9127249787878,62.9836692100809,2001.77900140952,2005.70805717823,147600000
14,6,3.04057670155215,7.73901943440295,4.66850335163538,7.67893893468694,4.62058376398362,69.9533016803399,66.9127249787878,2005.70805717823,2008.74863387978,147600000
14,5,6.49412861412055,7.73901943440295,4.66850335163538,7.68402375249997,4.61871262668064,73.4068535929083,66.9127249787878,2005.70805717823,2012.20218579235,147600000
15,7,1.34463904894101,7.84163857899505,4.60978715290446,7.68367595095781,4.61756559725118,69.9533016803399,68.6086626313989,2007.40399483084,2008.74863387978,147600000
15,8,1.75764900477593,7.84163857899505,4.60978715290446,7.68513803796662,4.62131112959456,70.3663116361749,68.6086626313989,2007.40399483084,2009.16164383562,147600000
