node1,node2,length,startLat,startLon,endLat,endLon,endNodeL,startNodeL,startYear,endYear,treeID
9,1,15.7025272225236,7.40417701562287,5.45102730468301,10.686987,13.272643,15.7025272225236,0,1953.29747277748,1969,184900000
9,10,32.9886783976054,7.40417701562287,5.45102730468301,7.52681596415643,5.33101552386599,32.9886783976054,0,1953.29747277748,1986.28615117508,184900000
10,11,25.0614876264578,7.52681596415643,5.33101552386599,7.85506089544531,5.09728301284516,58.0501660240632,32.9886783976054,1986.28615117508,2011.34763880154,184900000
10,12,11.6648103883784,7.52681596415643,5.33101552386599,7.64514750405801,4.41677846689989,44.6534887859838,32.9886783976054,1986.28615117508,1997.95096156346,184900000
11,2,4.6878803241435,7.85506089544531,5.09728301284516,7.845422,5.182916,62.7380463482067,58.0501660240632,2011.34763880154,2016.03551912568,184900000
11,3,7.69619681489881,7.85506089544531,5.09728301284516,7.525829,5.762072,65.746362838962,58.0501660240632,2011.34763880154,2019.04383561644,184900000
12,13,7.58821016416776,7.64514750405801,4.41677846689989,7.67649554428739,4.42266092680204,52.2416989501516,44.6534887859838,1997.95096156346,2005.53917172763,184900000
12,15,10.5473489101015,7.64514750405801,4.41677846689989,7.67387588805885,4.62758214586959,55.2008376960853,44.6534887859838,1997.95096156346,2008.49831047356,184900000
13,4,3.62247210798842,7.67649554428739,4.42266092680204,7.68723475598097,4.61590108295289,55.86417105814,52.2416989501516,2005.53917172763,2009.16164383562,184900000
13,14,2.0442635460722,7.67649554428739,4.42266092680204,7.67023709419997,4.59633125790993,54.2859624962238,52.2416989501516,2005.53917172763,2007.5834352737,184900000
14,6,1.16519860608129,7.67023709419997,4.59633125790993,7.67893893468694,4.62058376398362,55.4511611023051,54.2859624962238,2007.5834352737,2008.74863387978,184900000
14,5,4.61875051864969,7.67023709419997,4.59633125790993,7.68402375249997,4.61871262668064,58.9047130148735,54.2859624962238,2007.5834352737,2012.20218579235,184900000
15,7,0.250323406219774,7.67387588805885,4.62758214586959,7.68367595095781,4.61756559725118,55.4511611023051,55.2008376960853,2008.49831047356,2008.74863387978,184900000
15,8,0.663333362054697,7.67387588805885,4.62758214586959,7.68513803796662,4.62131112959456,55.86417105814,55.2008376960853,2008.49831047356,2009.16164383562,184900000
