node1,node2,length,startLat,startLon,endLat,endLon,endNodeL,startNodeL,startYear,endYear,treeID
9,1,17.3916546087299,7.27516462019243,5.14881386201272,10.686987,13.272643,17.3916546087299,0,1951.60834539127,1969,106600000
9,10,46.7029470955967,7.27516462019243,5.14881386201272,7.88312270097741,5.25585953185774,46.7029470955967,0,1951.60834539127,1998.31129248687,106600000
10,11,2.57599652864857,7.88312270097741,5.25585953185774,7.57116085494871,4.64206221148045,49.2789436242453,46.7029470955967,1998.31129248687,2000.88728901551,106600000
10,15,15.9830756248466,7.88312270097741,5.25585953185774,7.65040710326156,5.31363618740755,62.6860227204433,46.7029470955967,1998.31129248687,2014.29436811171,106600000
11,12,5.29683990164352,7.57116085494871,4.64206221148045,7.68170625063339,4.59346803124258,54.5757835258888,49.2789436242453,2000.88728901551,2006.18412891716,106600000
11,14,7.68295652310629,7.57116085494871,4.64206221148045,7.69730905617551,4.65685529266093,56.9619001473515,49.2789436242453,2000.88728901551,2008.57024553862,106600000
12,4,2.97751491845752,7.68170625063339,4.59346803124258,7.68723475598097,4.61590108295289,57.5532984443463,54.5757835258888,2006.18412891716,2009.16164383562,106600000
12,13,0.965239184905927,7.68170625063339,4.59346803124258,7.64306248719415,4.59685076458963,55.5410227107947,54.5757835258888,2006.18412891716,2007.14936810206,106600000
13,2,5.05281769028507,7.64306248719415,4.59685076458963,7.68402375249997,4.61871262668064,60.5938404010798,55.5410227107947,2007.14936810206,2012.20218579235,106600000
13,3,1.59926577771667,7.64306248719415,4.59685076458963,7.67893893468694,4.62058376398362,57.1402884885114,55.5410227107947,2007.14936810206,2008.74863387978,106600000
14,6,0.591398296994756,7.69730905617551,4.65685529266093,7.68513803796662,4.62131112959456,57.5532984443463,56.9619001473515,2008.57024553862,2009.16164383562,106600000
14,5,0.178388341159833,7.69730905617551,4.65685529266093,7.68367595095781,4.61756559725118,57.1402884885114,56.9619001473515,2008.57024553862,2008.74863387978,106600000
15,7,1.74115101396974,7.65040710326156,5.31363618740755,7.845422,5.182916,64.427173734413,62.6860227204433,2014.29436811171,2016.03551912568,106600000
15,8,4.74946750472505,7.65040710326156,5.31363618740755,7.525829,5.762072,67.4354902251683,62.6860227204433,2014.29436811171,2019.04383561644,106600000
