node1,node2,length,startLat,startLon,endLat,endLon,endNodeL,startNodeL,startYear,endYear,treeID
9,8,28.6947294132894,10.7847612895349,13.5762757488566,10.686987,13.272643,28.6947294132894,0,1940.30527058671,1969,173000000
9,10,32.5360974702875,10.7847612895349,13.5762757488566,7.61875896718731,4.64465078946725,32.5360974702875,0,1940.30527058671,1972.841368057,173000000
10,11,39.4311606149082,7.61875896718731,4.64465078946725,7.82693496494774,5.12936251181291,71.9672580851957,32.5360974702875,1972.841368057,2012.27252867191,173000000
10,12,21.1977701375087,7.61875896718731,4.64465078946725,7.74024801699659,4.6830024680528,53.7338676077962,32.5360974702875,1972.841368057,1994.03913819451,173000000
11,1,3.76299045377688,7.82693496494774,5.12936251181291,7.845422,5.182916,75.7302485389725,71.9672580851957,2012.27252867191,2016.03551912568,173000000
11,2,6.77130694453218,7.82693496494774,5.12936251181291,7.525829,5.762072,78.7385650297278,71.9672580851957,2012.27252867191,2019.04383561644,173000000
12,13,7.52601158392143,7.74024801699659,4.6830024680528,7.67500142267859,4.5986909033408,61.2598791917176,53.7338676077962,1994.03913819451,2001.56514977843,173000000
12,15,14.4592777928597,7.74024801699659,4.6830024680528,7.67394377336463,4.61766823154039,68.1931454006559,53.7338676077962,1994.03913819451,2008.49841598737,173000000
13,3,7.59649405718816,7.67500142267859,4.5986909033408,7.68723475598097,4.61590108295289,68.8563732489058,61.2598791917176,2001.56514977843,2009.16164383562,173000000
13,14,3.23568003312345,7.67500142267859,4.5986909033408,7.70345791476118,4.54609920186526,64.4955592248411,61.2598791917176,2001.56514977843,2004.80082981155,173000000
14,4,3.94780406822979,7.70345791476118,4.54609920186526,7.67893893468694,4.62058376398362,68.4433632930709,64.4955592248411,2004.80082981155,2008.74863387978,173000000
14,5,7.40135598079819,7.70345791476118,4.54609920186526,7.68402375249997,4.61871262668064,71.8969152056393,64.4955592248411,2004.80082981155,2012.20218579235,173000000
15,6,0.250217892414955,7.67394377336463,4.61766823154039,7.68367595095781,4.61756559725118,68.4433632930709,68.1931454006559,2008.49841598737,2008.74863387978,173000000
15,7,0.663227848249878,7.67394377336463,4.61766823154039,7.68513803796662,4.62131112959456,68.8563732489058,68.1931454006559,2008.49841598737,2009.16164383562,173000000
