node1,node2,length,startLat,startLon,endLat,endLon,endNodeL,startNodeL,startYear,endYear,treeID
9,1,22.9507238906593,6.80477954037332,3.49631328355337,10.686987,13.272643,22.9507238906593,0,1946.04927610934,1969,144100000
9,10,40.8177127610024,6.80477954037332,3.49631328355337,7.74198757678672,4.67373410986147,40.8177127610024,0,1946.04927610934,1986.86698887034,144100000
10,11,23.2264461310309,7.74198757678672,4.67373410986147,7.95080388292817,5.15397876891325,64.0441588920333,40.8177127610024,1986.86698887034,2010.09343500137,144100000
10,12,12.2536672267179,7.74198757678672,4.67373410986147,7.72279012251422,4.68506029712293,53.0713799877203,40.8177127610024,1986.86698887034,1999.12065609706,144100000
11,2,5.94208412430911,7.95080388292817,5.15397876891325,7.845422,5.182916,69.9862430163424,64.0441588920333,2010.09343500137,2016.03551912568,144100000
11,3,8.95040061506441,7.95080388292817,5.15397876891325,7.525829,5.762072,72.9945595070977,64.0441588920333,2010.09343500137,2019.04383561644,144100000
12,13,5.92689557621153,7.72279012251422,4.68506029712293,7.64442793241659,4.55203467093579,58.9982755639318,53.0713799877203,1999.12065609706,2005.04755167327,144100000
12,15,9.02070023225806,7.72279012251422,4.68506029712293,7.68890166625792,4.62992776193606,62.0920802199783,53.0713799877203,1999.12065609706,2008.14135632932,144100000
13,6,4.11409216234387,7.64442793241659,4.55203467093579,7.68723475598097,4.61590108295289,63.1123677262757,58.9982755639318,2005.04755167327,2009.16164383562,144100000
13,14,2.16958611626658,7.64442793241659,4.55203467093579,7.64964622040219,4.61917595694645,61.1678616801984,58.9982755639318,2005.04755167327,2007.21713778954,144100000
14,4,4.98504800281077,7.64964622040219,4.61917595694645,7.68402375249997,4.61871262668064,66.1529096830091,61.1678616801984,2007.21713778954,2012.20218579235,144100000
14,5,1.53149609024237,7.64964622040219,4.61917595694645,7.67893893468694,4.62058376398362,62.6993577704407,61.1678616801984,2007.21713778954,2008.74863387978,144100000
15,7,0.60727755046242,7.68890166625792,4.62992776193606,7.68367595095781,4.61756559725118,62.6993577704407,62.0920802199783,2008.14135632932,2008.74863387978,144100000
15,8,1.02028750629734,7.68890166625792,4.62992776193606,7.68513803796662,4.62131112959456,63.1123677262757,62.0920802199783,2008.14135632932,2009.16164383562,144100000
