node1,node2,length,startLat,startLon,endLat,endLon,endNodeL,startNodeL,startYear,endYear,treeID
9,10,31.9468803750894,11.1377809462518,12.8481377773921,7.79250785720275,4.48647856171328,31.9468803750894,0,1966.29872365192,1998.245604027,186300000
9,8,2.7012763480839,11.1377809462518,12.8481377773921,10.686987,13.272643,2.7012763480839,0,1966.29872365192,1969,186300000
10,11,3.76364726050781,7.79250785720275,4.48647856171328,7.75120351581734,4.51244629320871,35.7105276355972,31.9468803750894,1998.245604027,2002.00925128751,186300000
10,15,12.1151923553124,7.79250785720275,4.48647856171328,7.69188114513384,5.3828308919217,44.0620727304018,31.9468803750894,1998.245604027,2010.36079638232,186300000
11,12,4.52740131485094,7.75120351581734,4.51244629320871,7.76381926875159,4.50658020558163,40.2379289504481,35.7105276355972,2002.00925128751,2006.53665260236,186300000
11,14,6.3158574757917,7.75120351581734,4.51244629320871,7.68948342442135,4.64418826332364,42.0263851113889,35.7105276355972,2002.00925128751,2008.3251087633,186300000
12,1,2.62499123325215,7.76381926875159,4.50658020558163,7.68723475598097,4.61590108295289,42.8629201837003,40.2379289504481,2006.53665260236,2009.16164383562,186300000
12,13,1.69904121397855,7.76381926875159,4.50658020558163,7.70717447832654,4.62848638973752,41.9369701644267,40.2379289504481,2006.53665260236,2008.23569381634,186300000
13,2,0.512940063438677,7.70717447832654,4.62848638973752,7.67893893468694,4.62058376398362,42.4499102278653,41.9369701644267,2008.23569381634,2008.74863387978,186300000
13,3,3.96649197600708,7.70717447832654,4.62848638973752,7.68402375249997,4.61871262668064,45.9034621404337,41.9369701644267,2008.23569381634,2012.20218579235,186300000
14,5,0.836535072311394,7.68948342442135,4.64418826332364,7.68513803796662,4.62131112959456,42.8629201837003,42.0263851113889,2008.3251087633,2009.16164383562,186300000
14,4,0.423525116476471,7.68948342442135,4.64418826332364,7.68367595095781,4.61756559725118,42.4499102278653,42.0263851113889,2008.3251087633,2008.74863387978,186300000
15,6,5.67472274336521,7.69188114513384,5.3828308919217,7.845422,5.182916,49.736795473767,44.0620727304018,2010.36079638232,2016.03551912568,186300000
15,7,8.68303923412051,7.69188114513384,5.3828308919217,7.525829,5.762072,52.7451119645223,44.0620727304018,2010.36079638232,2019.04383561644,186300000
