node1,node2,length,startLat,startLon,endLat,endLon,endNodeL,startNodeL,startYear,endYear,treeID
9,1,9.19145729160533,10.8542125596123,13.5917838046672,10.686987,13.272643,9.19145729160533,0,1959.80854270839,1969,151900000
9,10,28.7926215602717,10.8542125596123,13.5917838046672,7.89732161524417,5.12271896289502,28.7926215602717,0,1959.80854270839,1988.60116426867,151900000
10,11,16.2657832092328,7.89732161524417,5.12271896289502,7.84712007508229,5.36993408879414,45.0584047695045,28.7926215602717,1988.60116426867,2004.8669474779,151900000
10,12,11.2151834257559,7.89732161524417,5.12271896289502,7.79593712161163,4.82419356156636,40.0078049860276,28.7926215602717,1988.60116426867,1999.81634769442,151900000
11,2,11.168571647784,7.84712007508229,5.36993408879414,7.845422,5.182916,56.2269764172884,45.0584047695045,2004.8669474779,2016.03551912568,151900000
11,3,14.1768881385393,7.84712007508229,5.36993408879414,7.525829,5.762072,59.2352929080437,45.0584047695045,2004.8669474779,2019.04383561644,151900000
12,13,5.15768874135971,7.79593712161163,4.82419356156636,7.65642025967897,4.54627213491192,45.1654937273873,40.0078049860276,1999.81634769442,2004.97403643578,151900000
12,15,8.4083829482153,7.79593712161163,4.82419356156636,7.67300140103148,4.69100803056709,48.4161879342429,40.0078049860276,1999.81634769442,2008.22473064264,151900000
13,4,4.18760739983439,7.65642025967897,4.54627213491192,7.68723475598097,4.61590108295289,49.3531011272217,45.1654937273873,2004.97403643578,2009.16164383562,151900000
13,14,2.40954182459074,7.65642025967897,4.54627213491192,7.68748018451888,4.61409798117108,47.575035551978,45.1654937273873,2004.97403643578,2007.38357826037,151900000
14,6,4.81860753197713,7.68748018451888,4.61409798117108,7.68402375249997,4.61871262668064,52.3936430839552,47.575035551978,2007.38357826037,2012.20218579235,151900000
14,5,1.36505561940873,7.68748018451888,4.61409798117108,7.67893893468694,4.62058376398362,48.9400911713868,47.575035551978,2007.38357826037,2008.74863387978,151900000
15,7,0.523903237143889,7.67300140103148,4.69100803056709,7.68367595095781,4.61756559725118,48.9400911713868,48.4161879342429,2008.22473064264,2008.74863387978,151900000
15,8,0.936913192978812,7.67300140103148,4.69100803056709,7.68513803796662,4.62131112959456,49.3531011272217,48.4161879342429,2008.22473064264,2009.16164383562,151900000
