node1,node2,length,startLat,startLon,endLat,endLon,endNodeL,startNodeL,startYear,endYear,treeID
9,8,31.016204857106,7.85430825022744,5.3909237315577,10.686987,13.272643,31.016204857106,0,1937.98379514289,1969,181200000
9,10,38.7975785011651,7.85430825022744,5.3909237315577,7.90212113692388,5.56140398727787,38.7975785011651,0,1937.98379514289,1976.78137364406,181200000
10,11,32.5484945099315,7.90212113692388,5.56140398727787,7.84536545701098,5.35164006670528,71.3460730110966,38.7975785011651,1976.78137364406,2009.32986815399,181200000
10,12,17.0547370938772,7.90212113692388,5.56140398727787,7.71483824641299,5.25912211255477,55.8523155950423,38.7975785011651,1976.78137364406,1993.83611073794,181200000
11,1,6.70565097169249,7.84536545701098,5.35164006670528,7.845422,5.182916,78.0517239827891,71.3460730110966,2009.32986815399,2016.03551912568,181200000
11,2,9.71396746244779,7.84536545701098,5.35164006670528,7.525829,5.762072,81.0600404735444,71.3460730110966,2009.32986815399,2019.04383561644,181200000
12,13,8.95179153233016,7.71483824641299,5.25912211255477,7.67379205240593,4.63574246833371,64.8041071273725,55.8523155950423,1993.83611073794,2002.78790227027,181200000
12,15,14.5934848481791,7.71483824641299,5.25912211255477,7.69218780621873,4.65082164958289,70.4458004432214,55.8523155950423,1993.83611073794,2008.42959558612,181200000
13,5,6.37374156534988,7.67379205240593,4.63574246833371,7.68723475598097,4.61590108295289,71.1778486927223,64.8041071273725,2002.78790227027,2009.16164383562,181200000
13,14,3.18228716324137,7.67379205240593,4.63574246833371,7.68555347258982,4.61865822151609,67.9863942906138,64.8041071273725,2002.78790227027,2005.97018943351,181200000
14,3,6.23199635884199,7.68555347258982,4.61865822151609,7.68402375249997,4.61871262668064,74.2183906494558,67.9863942906138,2005.97018943351,2012.20218579235,181200000
14,4,2.77844444627359,7.68555347258982,4.61865822151609,7.67893893468694,4.62058376398362,70.7648387368874,67.9863942906138,2005.97018943351,2008.74863387978,181200000
15,6,0.319038293665988,7.69218780621873,4.65082164958289,7.68367595095781,4.61756559725118,70.7648387368874,70.4458004432214,2008.42959558612,2008.74863387978,181200000
15,7,0.732048249500911,7.69218780621873,4.65082164958289,7.68513803796662,4.62131112959456,71.1778486927223,70.4458004432214,2008.42959558612,2009.16164383562,181200000
