node1,node2,length,startLat,startLon,endLat,endLon,endNodeL,startNodeL,startYear,endYear,treeID
9,1,50.2061210225102,10.5365967481132,12.5980876671639,10.686987,13.272643,50.2061210225102,0,1918.79387897749,1969,105800000
9,10,53.4945491162324,10.5365967481132,12.5980876671639,7.79103415570739,5.0702514797915,53.4945491162324,0,1918.79387897749,1972.28842809372,105800000
10,11,16.2066741907921,7.79103415570739,5.0702514797915,7.8244495308772,4.91961725830009,69.7012233070246,53.4945491162324,1972.28842809372,1988.49510228451,105800000
10,15,33.2568392253831,7.79103415570739,5.0702514797915,7.69803891153014,5.06963610950071,86.7513883416155,53.4945491162324,1972.28842809372,2005.5452673191,105800000
11,12,12.2089338535157,7.8244495308772,4.91961725830009,7.69681700821779,4.51742936212742,81.9101571605403,69.7012233070246,1988.49510228451,2000.70403613803,105800000
11,14,19.0562408906897,7.8244495308772,4.91961725830009,7.71342278580499,4.67760658162988,88.7574641977143,69.7012233070246,1988.49510228451,2007.5513431752,105800000
12,4,8.45760769758625,7.69681700821779,4.51742936212742,7.68723475598097,4.61590108295289,90.3677648581265,81.9101571605403,2000.70403613803,2009.16164383562,105800000
12,13,5.01285367588887,7.69681700821779,4.51742936212742,7.69217808296345,4.58449337736592,86.9230108364291,81.9101571605403,2000.70403613803,2005.71688981392,105800000
13,2,6.48529597843086,7.69217808296345,4.58449337736592,7.68402375249997,4.61871262668064,93.40830681486,86.9230108364291,2005.71688981392,2012.20218579235,105800000
13,3,3.03174406586246,7.69217808296345,4.58449337736592,7.67893893468694,4.62058376398362,89.9547549022916,86.9230108364291,2005.71688981392,2008.74863387978,105800000
14,6,1.61030066041221,7.71342278580499,4.67760658162988,7.68513803796662,4.62131112959456,90.3677648581265,88.7574641977143,2007.5513431752,2009.16164383562,105800000
14,5,1.19729070457729,7.71342278580499,4.67760658162988,7.68367595095781,4.61756559725118,89.9547549022916,88.7574641977143,2007.5513431752,2008.74863387978,105800000
15,7,10.4902518065777,7.69803891153014,5.06963610950071,7.845422,5.182916,97.2416401481933,86.7513883416155,2005.5452673191,2016.03551912568,105800000
15,8,13.4985682973331,7.69803891153014,5.06963610950071,7.525829,5.762072,100.249956638949,86.7513883416155,2005.5452673191,2019.04383561644,105800000
