node1,node2,length,startLat,startLon,endLat,endLon,endNodeL,startNodeL,startYear,endYear,treeID
9,1,14.9905686289989,10.8059385886501,13.2122168911552,10.686987,13.272643,14.9905686289989,0,1954.009431371,1969,170000000
9,10,38.372375850475,10.8059385886501,13.2122168911552,7.27963402849495,4.42348015856442,38.372375850475,0,1954.009431371,1992.38180722148,170000000
10,11,11.4444629251496,7.27963402849495,4.42348015856442,7.58972478311707,4.55618804052241,49.8168387756245,38.372375850475,1992.38180722148,2003.82627014663,170000000
10,15,21.5088268391006,7.27963402849495,4.42348015856442,8.00216975916434,5.32847917185492,59.8812026895756,38.372375850475,1992.38180722148,2013.89063406058,170000000
11,12,2.13206421931577,7.58972478311707,4.55618804052241,7.63703719854523,4.63307099422531,51.9489029949403,49.8168387756245,2003.82627014663,2005.95833436594,170000000
11,14,4.27356688910585,7.58972478311707,4.55618804052241,7.66074899009141,4.63594416422407,54.0904056647304,49.8168387756245,2003.82627014663,2008.09983703573,170000000
12,4,3.20330946967496,7.63703719854523,4.63307099422531,7.68723475598097,4.61590108295289,55.1522124646153,51.9489029949403,2005.95833436594,2009.16164383562,170000000
12,13,1.36200795731504,7.63703719854523,4.63307099422531,7.61176341740087,4.70136782416955,53.3109109522553,51.9489029949403,2005.95833436594,2007.32034232326,170000000
13,2,4.8818434690934,7.61176341740087,4.70136782416955,7.68402375249997,4.61871262668064,58.1927544213487,53.3109109522553,2007.32034232326,2012.20218579235,170000000
13,3,1.428291556525,7.61176341740087,4.70136782416955,7.67893893468694,4.62058376398362,54.7392025087803,53.3109109522553,2007.32034232326,2008.74863387978,170000000
14,6,1.06180679988488,7.66074899009141,4.63594416422407,7.68513803796662,4.62131112959456,55.1522124646153,54.0904056647304,2008.09983703573,2009.16164383562,170000000
14,5,0.648796844049958,7.66074899009141,4.63594416422407,7.68367595095781,4.61756559725118,54.7392025087803,54.0904056647304,2008.09983703573,2008.74863387978,170000000
15,7,2.14488506510639,8.00216975916434,5.32847917185492,7.845422,5.182916,62.026087754682,59.8812026895756,2013.89063406058,2016.03551912568,170000000
15,8,5.1532015558617,8.00216975916434,5.32847917185492,7.525829,5.762072,65.0344042454373,59.8812026895756,2013.89063406058,2019.04383561644,170000000
