node1,node2,length,startLat,startLon,endLat,endLon,endNodeL,startNodeL,startYear,endYear,treeID
9,10,70.4405823881033,7.9756425773234,5.22351635813902,8.13892308001688,4.79683371972174,70.4405823881033,0,1921.85127613496,1992.29185852306,101900000
9,8,47.1487238650398,7.9756425773234,5.22351635813902,10.686987,13.272643,47.1487238650398,0,1921.85127613496,1969,101900000
10,11,7.28591994746131,8.13892308001688,4.79683371972174,7.69278026167204,4.64529589267398,77.7265023355646,70.4405823881033,1992.29185852306,1999.57777847052,101900000
10,15,18.9289673599256,8.13892308001688,4.79683371972174,7.73807432769011,5.4956909994563,89.3695497480289,70.4405823881033,1992.29185852306,2011.22082588299,101900000
11,12,6.45480186223841,7.69278026167204,4.64529589267398,7.65632335943368,4.64873516379631,84.181304197803,77.7265023355646,1999.57777847052,2006.03258033276,101900000
11,14,8.48168104269318,7.69278026167204,4.64529589267398,7.62463785644023,4.65482357478756,86.2081833782578,77.7265023355646,1999.57777847052,2008.05945951322,101900000
12,1,3.12906350285312,7.65632335943368,4.64873516379631,7.68723475598097,4.61590108295289,87.3103677006561,84.181304197803,2006.03258033276,2009.16164383562,101900000
12,13,1.24643950517136,7.65632335943368,4.64873516379631,7.61053038656306,4.65035510727798,85.4277437029744,84.181304197803,2006.03258033276,2007.27901983793,101900000
13,2,4.92316595441524,7.61053038656306,4.65035510727798,7.68402375249997,4.61871262668064,90.3509096573896,85.4277437029744,2007.27901983793,2012.20218579235,101900000
13,3,1.46961404184684,7.61053038656306,4.65035510727798,7.67893893468694,4.62058376398362,86.8973577448212,85.4277437029744,2007.27901983793,2008.74863387978,101900000
14,5,1.10218432239835,7.62463785644023,4.65482357478756,7.68513803796662,4.62131112959456,87.3103677006561,86.2081833782578,2008.05945951322,2009.16164383562,101900000
14,4,0.68917436656343,7.62463785644023,4.65482357478756,7.68367595095781,4.61756559725118,86.8973577448212,86.2081833782578,2008.05945951322,2008.74863387978,101900000
15,6,4.81469324269401,7.73807432769011,5.4956909994563,7.845422,5.182916,94.1842429907229,89.3695497480289,2011.22082588299,2016.03551912568,101900000
15,7,7.82300973344931,7.73807432769011,5.4956909994563,7.525829,5.762072,97.1925594814782,89.3695497480289,2011.22082588299,2019.04383561644,101900000
