node1,node2,length,startLat,startLon,endLat,endLon,endNodeL,startNodeL,startYear,endYear,treeID
9,8,16.740934962795,10.6964651455085,13.3408921111104,10.686987,13.272643,16.740934962795,0,1952.2590650372,1969,174100000
9,10,32.6203626917875,10.6964651455085,13.3408921111104,7.65629336543365,4.58279254469569,32.6203626917875,0,1952.2590650372,1984.87942772899,174100000
10,11,26.9400584214022,7.65629336543365,4.58279254469569,7.4709049221148,4.77729591277779,59.5604211131896,32.6203626917875,1984.87942772899,2011.81948615039,174100000
10,12,12.1357766637043,7.65629336543365,4.58279254469569,7.69038898298119,4.66748456116168,44.7561393554918,32.6203626917875,1984.87942772899,1997.0152043927,174100000
11,1,4.21603297528846,7.4709049221148,4.77729591277779,7.845422,5.182916,63.7764540884781,59.5604211131896,2011.81948615039,2016.03551912568,174100000
11,2,7.22434946604376,7.4709049221148,4.77729591277779,7.525829,5.762072,66.7847705792334,59.5604211131896,2011.81948615039,2019.04383561644,174100000
12,13,7.19159188315339,7.69038898298119,4.66748456116168,7.72683437004904,4.73548317047822,51.9477312386452,44.7561393554918,1997.0152043927,2004.20679627585,174100000
12,15,11.3444146812385,7.69038898298119,4.66748456116168,7.61398189567149,4.63314073787292,56.1005540367303,44.7561393554918,1997.0152043927,2008.35961907393,174100000
13,3,4.9548475597662,7.72683437004904,4.73548317047822,7.68723475598097,4.61590108295289,56.9025787984114,51.9477312386452,2004.20679627585,2009.16164383562,174100000
13,14,2.64485651628577,7.72683437004904,4.73548317047822,7.65556221670164,4.6264511554786,54.5925877549309,51.9477312386452,2004.20679627585,2006.85165279214,174100000
14,4,1.89698108764551,7.65556221670164,4.6264511554786,7.67893893468694,4.62058376398362,56.4895688425764,54.5925877549309,2006.85165279214,2008.74863387978,174100000
14,5,5.35053300021391,7.65556221670164,4.6264511554786,7.68402375249997,4.61871262668064,59.9431207551448,54.5925877549309,2006.85165279214,2012.20218579235,174100000
15,6,0.38901480584618,7.61398189567149,4.63314073787292,7.68367595095781,4.61756559725118,56.4895688425764,56.1005540367303,2008.35961907393,2008.74863387978,174100000
15,7,0.802024761681103,7.61398189567149,4.63314073787292,7.68513803796662,4.62131112959456,56.9025787984114,56.1005540367303,2008.35961907393,2009.16164383562,174100000
