node1,node2,length,startLat,startLon,endLat,endLon,endNodeL,startNodeL,startYear,endYear,treeID
9,8,39.4338803046999,7.96527253573295,5.28878977369621,10.686987,13.272643,39.4338803046999,0,1929.5661196953,1969,128600000
9,10,45.3619001699173,7.96527253573295,5.28878977369621,7.83613591448979,4.62774572090344,45.3619001699173,0,1929.5661196953,1974.92801986522,128600000
10,11,35.9070982316157,7.83613591448979,4.62774572090344,7.81484650987449,5.04933009371703,81.2689984015331,45.3619001699173,1974.92801986522,2010.83511809683,128600000
10,12,19.1853183916517,7.83613591448979,4.62774572090344,7.75033292436935,4.46296273547245,64.547218561569,45.3619001699173,1974.92801986522,1994.11333825687,128600000
11,1,5.20040102884994,7.81484650987449,5.04933009371703,7.845422,5.182916,86.469399430383,81.2689984015331,2010.83511809683,2016.03551912568,128600000
11,2,8.20871751960524,7.81484650987449,5.04933009371703,7.525829,5.762072,89.4777159211383,81.2689984015331,2010.83511809683,2019.04383561644,128600000
12,13,10.5708349323443,7.75033292436935,4.46296273547245,7.76439697743777,4.74318339426732,75.1180534939134,64.547218561569,1994.11333825687,2004.68417318921,128600000
12,15,14.2174067019569,7.75033292436935,4.46296273547245,7.66389025827918,4.66326848874202,78.7646252635259,64.547218561569,1994.11333825687,2008.33074495883,128600000
13,5,4.4774706464029,7.76439697743777,4.74318339426732,7.68723475598097,4.61590108295289,79.5955241403163,75.1180534939134,2004.68417318921,2009.16164383562,128600000
13,14,1.80159423890023,7.76439697743777,4.74318339426732,7.6611099073917,4.67562838079011,76.9196477328136,75.1180534939134,2004.68417318921,2006.48576742811,128600000
14,3,5.71641836423615,7.6611099073917,4.67562838079011,7.68402375249997,4.61871262668064,82.6360660970497,76.9196477328136,2006.48576742811,2012.20218579235,128600000
14,4,2.26286645166775,7.6611099073917,4.67562838079011,7.67893893468694,4.62058376398362,79.1825141844813,76.9196477328136,2006.48576742811,2008.74863387978,128600000
15,6,0.417888920955436,7.66389025827918,4.66326848874202,7.68367595095781,4.61756559725118,79.1825141844813,78.7646252635259,2008.33074495883,2008.74863387978,128600000
15,7,0.830898876790359,7.66389025827918,4.66326848874202,7.68513803796662,4.62131112959456,79.5955241403163,78.7646252635259,2008.33074495883,2009.16164383562,128600000
