node1,node2,length,startLat,startLon,endLat,endLon,endNodeL,startNodeL,startYear,endYear,treeID
9,10,35.7789527185961,7.06391570312971,5.13625756063508,7.25315823642428,5.37453451484181,35.7789527185961,0,1946.15695643473,1981.93590915333,188400000
9,8,22.8430435652669,7.06391570312971,5.13625756063508,10.686987,13.272643,22.8430435652669,0,1946.15695643473,1969,188400000
10,11,9.50731907762043,7.25315823642428,5.37453451484181,7.66855793018133,4.57959400984847,45.2862717962165,35.7789527185961,1981.93590915333,1991.44322823095,188400000
10,15,28.8846343068308,7.25315823642428,5.37453451484181,7.68197406536679,5.63774343841947,64.6635870254269,35.7789527185961,1981.93590915333,2010.82054346016,188400000
11,12,10.7470977317488,7.66855793018133,4.57959400984847,7.66708402213556,4.62654490414968,56.0333695279654,45.2862717962165,1991.44322823095,2002.1903259627,188400000
11,14,16.8780906428983,7.66855793018133,4.57959400984847,7.69164287311738,4.61302683445069,62.1643624391148,45.2862717962165,1991.44322823095,2008.32131887385,188400000
12,1,6.97131787291791,7.66708402213556,4.62654490414968,7.68723475598097,4.61590108295289,63.0046874008833,56.0333695279654,2002.1903259627,2009.16164383562,188400000
12,13,3.54016244256505,7.66708402213556,4.62654490414968,7.69148278663712,4.62134446536661,59.5735319705304,56.0333695279654,2002.1903259627,2005.73048840526,188400000
13,2,3.01814547451795,7.69148278663712,4.62134446536661,7.67893893468694,4.62058376398362,62.5916774450483,59.5735319705304,2005.73048840526,2008.74863387978,188400000
13,3,6.47169738708635,7.69148278663712,4.62134446536661,7.68402375249997,4.61871262668064,66.0452293576167,59.5735319705304,2005.73048840526,2012.20218579235,188400000
14,5,0.840324961768454,7.69164287311738,4.61302683445069,7.68513803796662,4.62131112959456,63.0046874008833,62.1643624391148,2008.32131887385,2009.16164383562,188400000
14,4,0.427315005933531,7.69164287311738,4.61302683445069,7.68367595095781,4.61756559725118,62.5916774450483,62.1643624391148,2008.32131887385,2008.74863387978,188400000
15,6,5.21497566552305,7.68197406536679,5.63774343841947,7.845422,5.182916,69.87856269095,64.6635870254269,2010.82054346016,2016.03551912568,188400000
15,7,8.22329215627836,7.68197406536679,5.63774343841947,7.525829,5.762072,72.8868791817053,64.6635870254269,2010.82054346016,2019.04383561644,188400000
