node1,node2,length,startLat,startLon,endLat,endLon,endNodeL,startNodeL,startYear,endYear,treeID
9,1,28.1731563327261,10.5074039113529,13.1560853451085,10.686987,13.272643,28.1731563327261,0,1940.82684366727,1969,146600000
9,10,41.6532638438548,10.5074039113529,13.1560853451085,7.5303940051513,4.72376708635104,41.6532638438548,0,1940.82684366727,1982.48010751113,146600000
10,11,23.6451998377505,7.5303940051513,4.72376708635104,7.61249033503831,5.18634204025497,65.2984636816054,41.6532638438548,1982.48010751113,2006.12530734888,146600000
10,12,16.3840476017654,7.5303940051513,4.72376708635104,7.69735395409974,4.73171317781521,58.0373114456202,41.6532638438548,1982.48010751113,1998.86415511289,146600000
11,2,9.91021177680383,7.61249033503831,5.18634204025497,7.845422,5.182916,75.2086754584092,65.2984636816054,2006.12530734888,2016.03551912568,146600000
11,3,12.9185282675591,7.61249033503831,5.18634204025497,7.525829,5.762072,78.2169919491645,65.2984636816054,2006.12530734888,2019.04383561644,146600000
12,13,7.23201597227536,7.69735395409974,4.73171317781521,7.68329431926397,4.60847934461325,65.2693274178956,58.0373114456202,1998.86415511289,2006.09617108517,146600000
12,15,9.6456206836101,7.69735395409974,4.73171317781521,7.68315914088784,4.60385177263516,67.6829321292304,58.0373114456202,1998.86415511289,2008.5097757965,146600000
13,6,3.06547275044687,7.68329431926397,4.60847934461325,7.68723475598097,4.61590108295289,68.3348001683425,65.2693274178956,2006.09617108517,2009.16164383562,146600000
13,14,1.8500745937131,7.68329431926397,4.60847934461325,7.66683080948167,4.61349629544498,67.1194020116087,65.2693274178956,2006.09617108517,2007.94624567888,146600000
14,4,0.802388200898841,7.66683080948167,4.61349629544498,7.67893893468694,4.62058376398362,67.9217902125075,67.1194020116087,2007.94624567888,2008.74863387978,146600000
14,5,4.25594011346724,7.66683080948167,4.61349629544498,7.68402375249997,4.61871262668064,71.3753421250759,67.1194020116087,2007.94624567888,2012.20218579235,146600000
15,7,0.238858083277201,7.68315914088784,4.60385177263516,7.68367595095781,4.61756559725118,67.9217902125075,67.6829321292304,2008.5097757965,2008.74863387978,146600000
15,8,0.651868039112124,7.68315914088784,4.60385177263516,7.68513803796662,4.62131112959456,68.3348001683425,67.6829321292304,2008.5097757965,2009.16164383562,146600000
