node1,node2,length,startLat,startLon,endLat,endLon,endNodeL,startNodeL,startYear,endYear,treeID
9,10,51.3043372042595,10.6420567376197,13.0682942677041,7.54835557076071,4.72067017200333,51.3043372042595,0,1927.42417719658,1978.72851440084,168400000
9,8,41.5758228034237,10.6420567376197,13.0682942677041,10.686987,13.272643,41.5758228034237,0,1927.42417719658,1969,168400000
10,11,13.8653443286642,7.54835557076071,4.72067017200333,7.68307161728117,4.50099157353689,65.1696815329237,51.3043372042595,1978.72851440084,1992.5938587295,168400000
10,15,32.8870300714633,7.54835557076071,4.72067017200333,7.75845358896197,5.34892905201481,84.1913672757227,51.3043372042595,1978.72851440084,2011.6155444723,168400000
11,12,7.32028633494013,7.68307161728117,4.50099157353689,7.7146778323228,4.56639197020057,72.4899678678638,65.1696815329237,1992.5938587295,1999.91414506444,168400000
11,14,15.885951273,7.68307161728117,4.50099157353689,7.68944835157641,4.62815802511497,81.0556328059237,65.1696815329237,1992.5938587295,2008.4798100025,168400000
12,1,9.24749877117625,7.7146778323228,4.56639197020057,7.68723475598097,4.61590108295289,81.7374666390401,72.4899678678638,1999.91414506444,2009.16164383562,168400000
12,13,4.07491865729069,7.7146778323228,4.56639197020057,7.64224232790976,4.54621466077809,76.5648865251545,72.4899678678638,1999.91414506444,2003.98906372173,168400000
13,2,8.21312207061903,7.64224232790976,4.54621466077809,7.68402375249997,4.61871262668064,84.7780085957735,76.5648865251545,2003.98906372173,2012.20218579235,168400000
13,3,4.75957015805063,7.64224232790976,4.54621466077809,7.67893893468694,4.62058376398362,81.3244566832051,76.5648865251545,2003.98906372173,2008.74863387978,168400000
14,5,0.681833833116343,7.68944835157641,4.62815802511497,7.68513803796662,4.62131112959456,81.7374666390401,81.0556328059237,2008.4798100025,2009.16164383562,168400000
14,4,0.26882387728142,7.68944835157641,4.62815802511497,7.68367595095781,4.61756559725118,81.3244566832051,81.0556328059237,2008.4798100025,2008.74863387978,168400000
15,6,4.41997465338407,7.75845358896197,5.34892905201481,7.845422,5.182916,88.6113419291068,84.1913672757227,2011.6155444723,2016.03551912568,168400000
15,7,7.42829114413938,7.75845358896197,5.34892905201481,7.525829,5.762072,91.6196584198621,84.1913672757227,2011.6155444723,2019.04383561644,168400000
