node1,node2,length,startLat,startLon,endLat,endLon,endNodeL,startNodeL,startYear,endYear,treeID
9,10,38.9971113124073,10.6403522991853,12.9279497356647,7.80048514524154,4.75905698963878,38.9971113124073,0,1960.12000540225,1999.11711671466,193200000
9,8,8.87999459775047,10.6403522991853,12.9279497356647,10.686987,13.272643,8.87999459775047,0,1960.12000540225,1969,193200000
10,11,4.8620964609693,7.80048514524154,4.75905698963878,7.69362986442739,4.59891522322302,43.8592077733766,38.9971113124073,1999.11711671466,2003.97921317563,193200000
10,15,14.3652197996534,7.80048514524154,4.75905698963878,7.78401814319209,5.28743792129473,53.3623311120607,38.9971113124073,1999.11711671466,2013.48233651431,193200000
11,12,2.68153376324177,7.69362986442739,4.59891522322302,7.67483679247275,4.73871580512514,46.5407415366184,43.8592077733766,2003.97921317563,2006.66074693887,193200000
11,14,4.54705120064525,7.69362986442739,4.59891522322302,7.68197387473197,4.6383584169373,48.4062589740218,43.8592077733766,2003.97921317563,2008.52626437627,193200000
12,1,2.50089689674846,7.67483679247275,4.73871580512514,7.68723475598097,4.61590108295289,49.0416384333668,46.5407415366184,2006.66074693887,2009.16164383562,193200000
12,13,0.970553056688304,7.67483679247275,4.73871580512514,7.68418792707094,4.74610698060417,47.5112945933067,46.5407415366184,2006.66074693887,2007.63129999556,193200000
13,2,1.11733388422524,7.68418792707094,4.74610698060417,7.67893893468694,4.62058376398362,48.6286284775319,47.5112945933067,2007.63129999556,2008.74863387978,193200000
13,3,4.57088579679364,7.68418792707094,4.74610698060417,7.68402375249997,4.61871262668064,52.0821803901003,47.5112945933067,2007.63129999556,2012.20218579235,193200000
14,5,0.635379459344984,7.68197387473197,4.6383584169373,7.68513803796662,4.62131112959456,49.0416384333668,48.4062589740218,2008.52626437627,2009.16164383562,193200000
14,4,0.222369503510061,7.68197387473197,4.6383584169373,7.68367595095781,4.61756559725118,48.6286284775319,48.4062589740218,2008.52626437627,2008.74863387978,193200000
15,6,2.55318261137284,7.78401814319209,5.28743792129473,7.845422,5.182916,55.9155137234336,53.3623311120607,2013.48233651431,2016.03551912568,193200000
15,7,5.56149910212814,7.78401814319209,5.28743792129473,7.525829,5.762072,58.9238302141889,53.3623311120607,2013.48233651431,2019.04383561644,193200000
