node1,node2,length,startLat,startLon,endLat,endLon,endNodeL,startNodeL,startYear,endYear,treeID
9,1,27.9481275257113,6.61043905553623,9.685373005367,10.686987,13.272643,27.9481275257113,0,1941.05187247429,1969,182700000
9,10,43.6993190509654,6.61043905553623,9.685373005367,7.75728995729665,4.79775590110308,43.6993190509654,0,1941.05187247429,1984.75119152525,182700000
10,11,9.26303280260861,7.75728995729665,4.79775590110308,7.77848347815831,4.60036367132538,52.962351853574,43.6993190509654,1984.75119152525,1994.01422432786,182700000
10,15,22.330512828785,7.75728995729665,4.79775590110308,8.07957403818419,5.02072696476268,66.0298318797504,43.6993190509654,1984.75119152525,2007.08170435404,182700000
11,12,8.28639468566261,7.77848347815831,4.60036367132538,7.6862824229455,4.62759715967842,61.2487465392366,52.962351853574,1994.01422432786,2002.30061901352,182700000
11,14,14.1376481089097,7.77848347815831,4.60036367132538,7.69575713412087,4.60802313903452,67.0999999624837,52.962351853574,1994.01422432786,2008.15187243677,182700000
12,4,6.86102482209107,7.6862824229455,4.62759715967842,7.68723475598097,4.61590108295289,68.1097713613277,61.2487465392366,2002.30061901352,2009.16164383562,182700000
12,13,4.50771628774231,7.6862824229455,4.62759715967842,7.72030092028976,4.64249423230231,65.7564628269789,61.2487465392366,2002.30061901352,2006.80833530127,182700000
13,2,5.39385049108224,7.72030092028976,4.64249423230231,7.68402375249997,4.61871262668064,71.1503133180612,65.7564628269789,2006.80833530127,2012.20218579235,182700000
13,3,1.94029857851384,7.72030092028976,4.64249423230231,7.67893893468694,4.62058376398362,67.6967614054928,65.7564628269789,2006.80833530127,2008.74863387978,182700000
14,6,1.00977139884402,7.69575713412087,4.60802313903452,7.68513803796662,4.62131112959456,68.1097713613277,67.0999999624837,2008.15187243677,2009.16164383562,182700000
14,5,0.596761443009093,7.69575713412087,4.60802313903452,7.68367595095781,4.61756559725118,67.6967614054928,67.0999999624837,2008.15187243677,2008.74863387978,182700000
15,7,8.95381477164404,8.07957403818419,5.02072696476268,7.845422,5.182916,74.9836466513944,66.0298318797504,2007.08170435404,2016.03551912568,182700000
15,8,11.9621312623993,8.07957403818419,5.02072696476268,7.525829,5.762072,77.9919631421497,66.0298318797504,2007.08170435404,2019.04383561644,182700000
