node1,node2,length,startLat,startLon,endLat,endLon,endNodeL,startNodeL,startYear,endYear,treeID
9,10,90.3385651512639,7.88163546852624,4.81534699852198,7.80917795652629,4.56872281617264,90.3385651512639,0,1842.75497801679,1933.09354316805,120700000
9,8,126.245021983214,7.88163546852624,4.81534699852198,10.686987,13.272643,126.245021983214,0,1842.75497801679,1969,120700000
10,11,47.8399293396877,7.80917795652629,4.56872281617264,7.72667303289537,4.5109989171658,138.178494490952,90.3385651512639,1933.09354316805,1980.93347250774,120700000
10,15,75.7918221530848,7.80917795652629,4.56872281617264,7.83613193551414,5.29405842478109,166.130387304349,90.3385651512639,1933.09354316805,2008.88536532113,120700000
11,12,16.4090255566711,7.72667303289537,4.5109989171658,7.68206247651812,4.54472599896014,154.587520047623,138.178494490952,1980.93347250774,1997.34249806441,120700000
11,14,25.8207114327303,7.72667303289537,4.5109989171658,7.70674958435306,4.62421774344333,163.999205923682,138.178494490952,1980.93347250774,2006.75418394047,120700000
12,3,11.8191457712078,7.68206247651812,4.54472599896014,7.68723475598097,4.61590108295289,166.406665818831,154.587520047623,1997.34249806441,2009.16164383562,120700000
12,13,3.25024920294517,7.68206247651812,4.54472599896014,7.71533920162446,4.63233216049042,157.837769250568,154.587520047623,1997.34249806441,2000.59274726735,120700000
13,1,11.6094385249961,7.71533920162446,4.63233216049042,7.68402375249997,4.61871262668064,169.447207775564,157.837769250568,2000.59274726735,2012.20218579235,120700000
13,2,8.15588661242773,7.71533920162446,4.63233216049042,7.67893893468694,4.62058376398362,165.993655862996,157.837769250568,2000.59274726735,2008.74863387978,120700000
14,5,2.40745989514867,7.70674958435306,4.62421774344333,7.68513803796662,4.62131112959456,166.406665818831,163.999205923682,2006.75418394047,2009.16164383562,120700000
14,4,1.99444993931374,7.70674958435306,4.62421774344333,7.68367595095781,4.61756559725118,165.993655862996,163.999205923682,2006.75418394047,2008.74863387978,120700000
15,6,7.15015380454863,7.83613193551414,5.29405842478109,7.845422,5.182916,173.280541108897,166.130387304349,2008.88536532113,2016.03551912568,120700000
15,7,10.1584702953039,7.83613193551414,5.29405842478109,7.525829,5.762072,176.288857599653,166.130387304349,2008.88536532113,2019.04383561644,120700000
