node1,node2,length,startLat,startLon,endLat,endLon,endNodeL,startNodeL,startYear,endYear,treeID
9,10,28.8247942348822,10.3667844642295,13.1445494214688,7.92740663418156,4.98299155918986,28.8247942348822,0,1966.1697035957,1994.99449783059,186900000
9,8,2.83029640429504,10.3667844642295,13.1445494214688,10.686987,13.272643,2.83029640429504,0,1966.1697035957,1969,186900000
10,11,6.36571138392146,7.92740663418156,4.98299155918986,7.6464280231485,4.60170334870598,35.1905056188037,28.8247942348822,1994.99449783059,2001.36020921451,186900000
10,15,15.9089088483735,7.92740663418156,4.98299155918986,7.95440513039604,5.02089316286143,44.7337030832557,28.8247942348822,1994.99449783059,2010.90340667896,186900000
11,12,4.74760235909852,7.6464280231485,4.60170334870598,7.6996952294172,4.63817317563529,39.9381079779022,35.1905056188037,2001.36020921451,2006.10781157361,186900000
11,14,7.03745266828823,7.6464280231485,4.60170334870598,7.68028300671171,4.59742129123542,42.2279582870919,35.1905056188037,2001.36020921451,2008.3976618828,186900000
12,1,3.0538322620092,7.6996952294172,4.63817317563529,7.68723475598097,4.61590108295289,42.9919402399114,39.9381079779022,2006.10781157361,2009.16164383562,186900000
12,13,1.6488070820986,7.6996952294172,4.63817317563529,7.6689822861072,4.61549854143643,41.5869150600008,39.9381079779022,2006.10781157361,2007.75661865571,186900000
13,2,0.992015224075676,7.6689822861072,4.61549854143643,7.67893893468694,4.62058376398362,42.5789302840765,41.5869150600008,2007.75661865571,2008.74863387978,186900000
13,3,4.44556713664408,7.6689822861072,4.61549854143643,7.68402375249997,4.61871262668064,46.0324821966449,41.5869150600008,2007.75661865571,2012.20218579235,186900000
14,5,0.763981952819494,7.68028300671171,4.59742129123542,7.68513803796662,4.62131112959456,42.9919402399114,42.2279582870919,2008.3976618828,2009.16164383562,186900000
14,4,0.350971996984571,7.68028300671171,4.59742129123542,7.68367595095781,4.61756559725118,42.5789302840765,42.2279582870919,2008.3976618828,2008.74863387978,186900000
15,6,5.13211244672242,7.95440513039604,5.02089316286143,7.845422,5.182916,49.8658155299781,44.7337030832557,2010.90340667896,2016.03551912568,186900000
15,7,8.14042893747772,7.95440513039604,5.02089316286143,7.525829,5.762072,52.8741320207334,44.7337030832557,2010.90340667896,2019.04383561644,186900000
