node1,node2,length,startLat,startLon,endLat,endLon,endNodeL,startNodeL,startYear,endYear,treeID
9,8,3.50874257770401,10.7608715902439,13.1336023895476,10.686987,13.272643,3.50874257770401,0,1965.4912574223,1969,175900000
9,10,30.4006041321161,10.7608715902439,13.1336023895476,7.77213534110173,4.47745682092382,30.4006041321161,0,1965.4912574223,1995.89186155441,175900000
10,11,18.7270127087349,7.77213534110173,4.47745682092382,7.85684591662292,5.24512245259759,49.1276168408511,30.4006041321161,1995.89186155441,2014.61887426315,175900000
10,12,3.8394099103774,7.77213534110173,4.47745682092382,7.77611917807771,4.50630961440454,34.2400140424935,30.4006041321161,1995.89186155441,1999.73127146479,175900000
11,1,1.41664486253605,7.85684591662292,5.24512245259759,7.845422,5.182916,50.5442617033871,49.1276168408511,2014.61887426315,2016.03551912568,175900000
11,2,4.42496135329136,7.85684591662292,5.24512245259759,7.525829,5.762072,53.5525781941424,49.1276168408511,2014.61887426315,2019.04383561644,175900000
12,13,8.115328008535,7.77611917807771,4.50630961440454,7.61950781562604,4.64919717053187,42.3553420510285,34.2400140424935,1999.73127146479,2007.84659947332,175900000
12,15,9.00851959779028,7.77611917807771,4.50630961440454,7.68746097738604,4.61323400756897,43.2485336402838,34.2400140424935,1999.73127146479,2008.73979106258,175900000
13,3,1.31504436229186,7.61950781562604,4.64919717053187,7.68723475598097,4.61590108295289,43.6703864133204,42.3553420510285,2007.84659947332,2009.16164383562,175900000
13,14,0.319096369000086,7.61950781562604,4.64919717053187,7.70719152180687,4.63450503087945,42.6744384200286,42.3553420510285,2007.84659947332,2008.16569584232,175900000
14,4,0.582938037456854,7.70719152180687,4.63450503087945,7.67893893468694,4.62058376398362,43.2573764574854,42.6744384200286,2008.16569584232,2008.74863387978,175900000
14,5,4.03648995002525,7.70719152180687,4.63450503087945,7.68402375249997,4.61871262668064,46.7109283700538,42.6744384200286,2008.16569584232,2012.20218579235,175900000
15,6,0.0088428172016588,7.68746097738604,4.61323400756897,7.68367595095781,4.61756559725118,43.2573764574854,43.2485336402838,2008.73979106258,2008.74863387978,175900000
15,7,0.421852773036582,7.68746097738604,4.61323400756897,7.68513803796662,4.62131112959456,43.6703864133204,43.2485336402838,2008.73979106258,2009.16164383562,175900000
