node1,node2,length,startLat,startLon,endLat,endLon,endNodeL,startNodeL,startYear,endYear,treeID
9,8,0.209724210564417,10.6968627081323,13.3085755951779,10.686987,13.272643,0.209724210564417,0,1968.79027578944,1969,130200000
9,10,35.519376304838,10.6968627081323,13.3085755951779,7.68606426998991,4.66402402796749,35.519376304838,0,1968.79027578944,2004.30965209427,130200000
10,11,9.6021086279003,7.68606426998991,4.66402402796749,7.82818729595013,5.16770495170059,45.1214849327383,35.519376304838,2004.30965209427,2013.91176072217,130200000
10,12,2.61639940673896,7.68606426998991,4.66402402796749,7.64995534061214,4.58353244230905,38.1357757115769,35.519376304838,2004.30965209427,2006.92605150101,130200000
11,1,2.12375840350925,7.82818729595013,5.16770495170059,7.845422,5.182916,47.2452433362475,45.1214849327383,2013.91176072217,2016.03551912568,130200000
11,2,5.13207489426455,7.82818729595013,5.16770495170059,7.525829,5.762072,50.2535598270028,45.1214849327383,2013.91176072217,2019.04383561644,130200000
12,13,1.00020785248005,7.64995534061214,4.58353244230905,7.65934968121916,4.6276323799936,39.135983564057,38.1357757115769,2006.92605150101,2007.92625935349,130200000
12,15,1.76046092788572,7.64995534061214,4.58353244230905,7.67134931073401,4.61859904046149,39.8962366394626,38.1357757115769,2006.92605150101,2008.6865124289,130200000
13,5,1.2353844821238,7.65934968121916,4.6276323799936,7.68723475598097,4.61590108295289,40.3713680461808,39.135983564057,2007.92625935349,2009.16164383562,130200000
13,14,0.448126828381181,7.65934968121916,4.6276323799936,7.66404288539035,4.61006377201005,39.5841103924382,39.135983564057,2007.92625935349,2008.37438618187,130200000
14,3,3.8277996104761,7.66404288539035,4.61006377201005,7.68402375249997,4.61871262668064,43.4119100029143,39.5841103924382,2008.37438618187,2012.20218579235,130200000
14,4,0.374247697907697,7.66404288539035,4.61006377201005,7.67893893468694,4.62058376398362,39.9583580903459,39.5841103924382,2008.37438618187,2008.74863387978,130200000
15,6,0.0621214508832058,7.67134931073401,4.61859904046149,7.68367595095781,4.61756559725118,39.9583580903459,39.8962366394626,2008.6865124289,2008.74863387978,130200000
15,7,0.475131406718129,7.67134931073401,4.61859904046149,7.68513803796662,4.62131112959456,40.3713680461808,39.8962366394626,2008.6865124289,2009.16164383562,130200000
