node1,node2,length,startLat,startLon,endLat,endLon,endNodeL,startNodeL,startYear,endYear,treeID
9,8,3.19901730450028,7.51951553465111,4.42946903046674,10.686987,13.272643,3.19901730450028,0,1965.8009826955,1969,138000000
9,10,28.2044628398728,7.51951553465111,4.42946903046674,7.67196889912478,4.62613179405968,28.2044628398728,0,1965.8009826955,1994.00544553537,138000000
10,11,20.4537903416854,7.67196889912478,4.62613179405968,7.87126811459091,5.00438574721392,48.6582531815581,28.2044628398728,1994.00544553537,2014.45923587706,138000000
10,12,8.35023283781658,7.67196889912478,4.62613179405968,7.51038717919956,4.50636992112781,36.5546956776894,28.2044628398728,1994.00544553537,2002.35567837319,138000000
11,1,1.57628324862525,7.87126811459091,5.00438574721392,7.845422,5.182916,50.2345364301834,48.6582531815581,2014.45923587706,2016.03551912568,138000000
11,2,4.58459973938055,7.87126811459091,5.00438574721392,7.525829,5.762072,53.2428529209387,48.6582531815581,2014.45923587706,2019.04383561644,138000000
12,13,3.70222446022106,7.51038717919956,4.50636992112781,7.4937039318707,4.61413437682714,40.2569201379104,36.5546956776894,2002.35567837319,2006.05790283341,138000000
12,15,5.85251670653075,7.51038717919956,4.50636992112781,7.70734340951492,4.54048514781471,42.4072123842201,36.5546956776894,2002.35567837319,2008.20819507972,138000000
13,5,3.10374100220623,7.4937039318707,4.61413437682714,7.68723475598097,4.61590108295289,43.3606611401166,40.2569201379104,2006.05790283341,2009.16164383562,138000000
13,14,1.10451730342031,7.4937039318707,4.61413437682714,7.59018673312763,4.6077087805193,41.3614374413307,40.2569201379104,2006.05790283341,2007.16242013683,138000000
14,3,5.03976565551939,7.59018673312763,4.6077087805193,7.68402375249997,4.61871262668064,46.4012030968501,41.3614374413307,2007.16242013683,2012.20218579235,138000000
14,4,1.58621374295099,7.59018673312763,4.6077087805193,7.67893893468694,4.62058376398362,42.9476511842817,41.3614374413307,2007.16242013683,2008.74863387978,138000000
15,6,0.540438800061613,7.70734340951492,4.54048514781471,7.68367595095781,4.61756559725118,42.9476511842817,42.4072123842201,2008.20819507972,2008.74863387978,138000000
15,7,0.953448755896536,7.70734340951492,4.54048514781471,7.68513803796662,4.62131112959456,43.3606611401166,42.4072123842201,2008.20819507972,2009.16164383562,138000000
