node1,node2,length,startLat,startLon,endLat,endLon,endNodeL,startNodeL,startYear,endYear,treeID
9,1,9.23122557831934,7.20893934811023,7.96295299381752,10.686987,13.272643,9.23122557831934,0,1959.76877442168,1969,117700000
9,10,39.4970101681614,7.20893934811023,7.96295299381752,7.75814806540713,4.84118705509574,39.4970101681614,0,1959.76877442168,1999.26578458984,117700000
10,11,4.4749253483458,7.75814806540713,4.84118705509574,7.73483083080375,4.67898664689914,43.9719355165072,39.4970101681614,1999.26578458984,2003.74070993819,117700000
10,15,13.5827818072042,7.75814806540713,4.84118705509574,8.00250792091115,5.09562177255016,53.0797919753656,39.4970101681614,1999.26578458984,2012.84856639705,117700000
11,12,3.3094781791201,7.73483083080375,4.67898664689914,7.70851956702001,4.60804283337845,47.2814136956273,43.9719355165072,2003.74070993819,2007.05018811731,117700000
11,14,4.99589088379936,7.73483083080375,4.67898664689914,7.73274601520391,4.65517278593225,48.9678264003066,43.9719355165072,2003.74070993819,2008.73660082199,117700000
12,4,2.11145571830838,7.70851956702001,4.60804283337845,7.68723475598097,4.61590108295289,49.3928694139357,47.2814136956273,2007.05018811731,2009.16164383562,117700000
12,13,1.33438848079493,7.70851956702001,4.60804283337845,7.66976124038056,4.61274967257554,48.6158021764222,47.2814136956273,2007.05018811731,2008.3845765981,117700000
13,2,0.364057281678532,7.66976124038056,4.61274967257554,7.67893893468694,4.62058376398362,48.9798594581008,48.6158021764222,2008.3845765981,2008.74863387978,117700000
13,3,3.81760919424693,7.66976124038056,4.61274967257554,7.68402375249997,4.61871262668064,52.4334113706692,48.6158021764222,2008.3845765981,2012.20218579235,117700000
14,6,0.42504301362912,7.73274601520391,4.65517278593225,7.68513803796662,4.62131112959456,49.3928694139357,48.9678264003066,2008.73660082199,2009.16164383562,117700000
14,5,0.0120330577941967,7.73274601520391,4.65517278593225,7.68367595095781,4.61756559725118,48.9798594581008,48.9678264003066,2008.73660082199,2008.74863387978,117700000
15,7,3.18695272863684,8.00250792091115,5.09562177255016,7.845422,5.182916,56.2667447040024,53.0797919753656,2012.84856639705,2016.03551912568,117700000
15,8,6.19526921939214,8.00250792091115,5.09562177255016,7.525829,5.762072,59.2750611947577,53.0797919753656,2012.84856639705,2019.04383561644,117700000
