node1,node2,length,startLat,startLon,endLat,endLon,endNodeL,startNodeL,startYear,endYear,treeID
9,8,17.4620761178199,10.5323443651173,13.1014989554503,10.686987,13.272643,17.4620761178199,0,1951.53792388218,1969,136600000
9,10,30.9465269382543,10.5323443651173,13.1014989554503,7.7032900242366,4.83379572444556,30.9465269382543,0,1951.53792388218,1982.48445082043,136600000
10,11,30.659426423685,7.7032900242366,4.83379572444556,7.71572952595516,5.21868126511192,61.6059533619393,30.9465269382543,1982.48445082043,2013.14387724412,136600000
10,12,14.9766346581199,7.7032900242366,4.83379572444556,7.689316458211,4.64120349980497,45.9231615963741,30.9465269382543,1982.48445082043,1997.46108547855,136600000
11,1,2.89164188156373,7.71572952595516,5.21868126511192,7.845422,5.182916,64.497595243503,61.6059533619393,2013.14387724412,2016.03551912568,136600000
11,2,5.89995837231903,7.71572952595516,5.21868126511192,7.525829,5.762072,67.5059117342583,61.6059533619393,2013.14387724412,2019.04383561644,136600000
12,13,5.4394002548847,7.689316458211,4.64120349980497,7.74668359460984,4.63008556365926,51.3625618512588,45.9231615963741,1997.46108547855,2002.90048573344,136600000
12,15,10.8459848478765,7.689316458211,4.64120349980497,7.69550188134267,4.65696578103605,56.7691464442506,45.9231615963741,1997.46108547855,2008.30707032643,136600000
13,3,6.26115810217743,7.74668359460984,4.63008556365926,7.68723475598097,4.61590108295289,57.6237199534363,51.3625618512588,2002.90048573344,2009.16164383562,136600000
13,14,4.62443263919347,7.74668359460984,4.63008556365926,7.68240104484279,4.61813194624243,55.9869944904523,51.3625618512588,2002.90048573344,2007.52491837263,136600000
14,4,4.67726741971744,7.68240104484279,4.61813194624243,7.68402375249997,4.61871262668064,60.6642619101697,55.9869944904523,2007.52491837263,2012.20218579235,136600000
14,5,1.22371550714904,7.68240104484279,4.61813194624243,7.67893893468694,4.62058376398362,57.2107099976013,55.9869944904523,2007.52491837263,2008.74863387978,136600000
15,6,0.44156355335075,7.69550188134267,4.65696578103605,7.68367595095781,4.61756559725118,57.2107099976013,56.7691464442506,2008.30707032643,2008.74863387978,136600000
15,7,0.854573509185673,7.69550188134267,4.65696578103605,7.68513803796662,4.62131112959456,57.6237199534363,56.7691464442506,2008.30707032643,2009.16164383562,136600000
