node1,node2,length,startLat,startLon,endLat,endLon,endNodeL,startNodeL,startYear,endYear,treeID
9,8,35.1498745877139,7.92946008182453,5.69735740252511,10.686987,13.272643,35.1498745877139,0,1933.85012541229,1969,140200000
9,10,51.0793323673907,7.92946008182453,5.69735740252511,7.60688593037416,4.55310451855046,51.0793323673907,0,1933.85012541229,1984.92945777968,140200000
10,11,28.1007108561313,7.60688593037416,4.55310451855046,7.86831000888208,5.25378976490531,79.180043223522,51.0793323673907,1984.92945777968,2013.03016863581,140200000
10,12,6.05115028062375,7.60688593037416,4.55310451855046,7.65829985809683,4.65270905184818,57.1304826480144,51.0793323673907,1984.92945777968,1990.9806080603,140200000
11,1,3.00535048987498,7.86831000888208,5.25378976490531,7.845422,5.182916,82.185393713397,79.180043223522,2013.03016863581,2016.03551912568,140200000
11,2,6.01366698063028,7.86831000888208,5.25378976490531,7.525829,5.762072,85.1937102041523,79.180043223522,2013.03016863581,2019.04383561644,140200000
12,13,13.3471829306195,7.65829985809683,4.65270905184818,7.70409739717659,4.70268606235757,70.4776655786339,57.1304826480144,1990.9806080603,2004.32779099092,140200000
12,15,17.072493654178,7.65829985809683,4.65270905184818,7.69667190771112,4.64436571909414,74.2029763021924,57.1304826480144,1990.9806080603,2008.05310171448,140200000
13,5,4.83385284469636,7.70409739717659,4.70268606235757,7.68723475598097,4.61590108295289,75.3115184233303,70.4776655786339,2004.32779099092,2009.16164383562,140200000
13,14,2.91614852439073,7.70409739717659,4.70268606235757,7.68205856751768,4.55560355744118,73.3938141030247,70.4776655786339,2004.32779099092,2007.24393951531,140200000
14,3,1.50469436447071,7.68205856751768,4.55560355744118,7.67893893468694,4.62058376398362,74.8985084674954,73.3938141030247,2007.24393951531,2008.74863387978,140200000
14,4,4.95824627703911,7.68205856751768,4.55560355744118,7.68402375249997,4.61871262668064,78.3520603800638,73.3938141030247,2007.24393951531,2012.20218579235,140200000
15,6,0.695532165302929,7.69667190771112,4.64436571909414,7.68367595095781,4.61756559725118,74.8985084674954,74.2029763021924,2008.05310171448,2008.74863387978,140200000
15,7,1.10854212113785,7.69667190771112,4.64436571909414,7.68513803796662,4.62131112959456,75.3115184233303,74.2029763021924,2008.05310171448,2009.16164383562,140200000
