node1,node2,length,startLat,startLon,endLat,endLon,endNodeL,startNodeL,startYear,endYear,treeID
9,8,45.4555458640903,8.13557992490126,6.23364322501983,10.686987,13.272643,45.4555458640903,0,1923.54445413591,1969,136200000
9,10,60.9232279584697,8.13557992490126,6.23364322501983,7.61284004848898,4.83456827754364,60.9232279584697,0,1923.54445413591,1984.46768209438,136200000
10,11,19.415894610236,7.61284004848898,4.83456827754364,7.65239274436909,4.9481350775243,80.3391225687057,60.9232279584697,1984.46768209438,2003.88357670462,136200000
10,12,13.567836446286,7.61284004848898,4.83456827754364,7.6724220588128,4.57848227540388,74.4910644047557,60.9232279584697,1984.46768209438,1998.03551854066,136200000
11,1,12.1519424210676,7.65239274436909,4.9481350775243,7.845422,5.182916,92.4910649897734,80.3391225687057,2003.88357670462,2016.03551912568,136200000
11,2,15.1602589118229,7.65239274436909,4.9481350775243,7.525829,5.762072,95.4993814805287,80.3391225687057,2003.88357670462,2019.04383561644,136200000
12,13,6.68402262801724,7.6724220588128,4.57848227540388,7.71062405067682,4.63961324080452,81.175087032773,74.4910644047557,1998.03551854066,2004.71954116868,136200000
12,15,10.5577998964533,7.6724220588128,4.57848227540388,7.69510588900789,4.62770468213918,85.048864301209,74.4910644047557,1998.03551854066,2008.59331843712,136200000
13,3,4.44210266693367,7.71062405067682,4.63961324080452,7.68723475598097,4.61590108295289,85.6171896997066,81.175087032773,2004.71954116868,2009.16164383562,136200000
13,14,2.26220811450742,7.71062405067682,4.63961324080452,7.69377389723528,4.61222493438872,83.4372951472804,81.175087032773,2004.71954116868,2006.98174928319,136200000
14,4,5.22043650915972,7.69377389723528,4.61222493438872,7.68402375249997,4.61871262668064,88.6577316564401,83.4372951472804,2006.98174928319,2012.20218579235,136200000
14,5,1.76688459659132,7.69377389723528,4.61222493438872,7.67893893468694,4.62058376398362,85.2041797438717,83.4372951472804,2006.98174928319,2008.74863387978,136200000
15,6,0.15531544266271,7.69510588900789,4.62770468213918,7.68367595095781,4.61756559725118,85.2041797438717,85.048864301209,2008.59331843712,2008.74863387978,136200000
15,7,0.568325398497633,7.69510588900789,4.62770468213918,7.68513803796662,4.62131112959456,85.6171896997066,85.048864301209,2008.59331843712,2009.16164383562,136200000
