node1,node2,length,startLat,startLon,endLat,endLon,endNodeL,startNodeL,startYear,endYear,treeID
9,10,37.0132122942755,10.7120912668092,13.4976430748702,7.8062711537622,5.39647928581302,37.0132122942755,0,1945.81536749063,1982.8285797849,103600000
9,8,23.1846325093719,10.7120912668092,13.4976430748702,10.686987,13.272643,23.1846325093719,0,1945.81536749063,1969,103600000
10,11,19.4116816579896,7.8062711537622,5.39647928581302,7.57435972725289,4.65649272069048,56.4248939522651,37.0132122942755,1982.8285797849,2002.24026144289,103600000
10,15,30.5287738057858,7.8062711537622,5.39647928581302,7.81601531363534,5.18489744241831,67.5419861000613,37.0132122942755,1982.8285797849,2013.35735359069,103600000
11,12,3.64148033909686,7.57435972725289,4.65649272069048,7.68074493616768,4.64235303783008,60.066374291362,56.4248939522651,2002.24026144289,2005.88174178199,103600000
11,14,6.04274032501348,7.57435972725289,4.65649272069048,7.68952793219336,4.60964606953741,62.4676342772786,56.4248939522651,2002.24026144289,2008.28300176791,103600000
12,1,3.27990205362627,7.68074493616768,4.64235303783008,7.68723475598097,4.61590108295289,63.3462763449882,60.066374291362,2005.88174178199,2009.16164383562,103600000
12,13,1.66583557241657,7.68074493616768,4.64235303783008,7.63403373764238,4.65477558686622,61.7322098637785,60.066374291362,2005.88174178199,2007.54757735441,103600000
13,2,1.20105652537477,7.63403373764238,4.65477558686622,7.67893893468694,4.62058376398362,62.9332663891533,61.7322098637785,2007.54757735441,2008.74863387978,103600000
13,3,4.65460843794317,7.63403373764238,4.65477558686622,7.68402375249997,4.61871262668064,66.3868183017217,61.7322098637785,2007.54757735441,2012.20218579235,103600000
14,5,0.878642067709636,7.68952793219336,4.60964606953741,7.68513803796662,4.62131112959456,63.3462763449882,62.4676342772786,2008.28300176791,2009.16164383562,103600000
14,4,0.465632111874713,7.68952793219336,4.60964606953741,7.68367595095781,4.61756559725118,62.9332663891533,62.4676342772786,2008.28300176791,2008.74863387978,103600000
15,6,2.67816553499366,7.81601531363534,5.18489744241831,7.845422,5.182916,70.220151635055,67.5419861000613,2013.35735359069,2016.03551912568,103600000
15,7,5.68648202574897,7.81601531363534,5.18489744241831,7.525829,5.762072,73.2284681258103,67.5419861000613,2013.35735359069,2019.04383561644,103600000
