node1,node2,length,startLat,startLon,endLat,endLon,endNodeL,startNodeL,startYear,endYear,treeID
9,1,83.1532631793502,10.5766262888019,13.0043544305713,10.686987,13.272643,83.1532631793502,0,1885.84673682065,1969,183700000
9,10,63.5699982646206,10.5766262888019,13.0043544305713,7.88839882590288,4.84643432472505,63.5699982646206,0,1885.84673682065,1949.41673508527,183700000
10,11,49.1959748870155,7.88839882590288,4.84643432472505,7.74320776212044,5.2553072861997,112.765973151636,63.5699982646206,1949.41673508527,1998.61270997229,183700000
10,12,32.2873661950355,7.88839882590288,4.84643432472505,7.51578304756742,4.52806285669971,95.857364459656,63.5699982646206,1949.41673508527,1981.70410128031,183700000
11,2,17.4228091533973,7.74320776212044,5.2553072861997,7.845422,5.182916,130.188782305033,112.765973151636,1998.61270997229,2016.03551912568,183700000
11,3,20.4311256441526,7.74320776212044,5.2553072861997,7.525829,5.762072,133.197098795789,112.765973151636,1998.61270997229,2019.04383561644,183700000
12,13,12.2013268268516,7.51578304756742,4.52806285669971,7.67375809411649,4.6776440857151,108.058691286508,95.857364459656,1981.70410128031,1993.90542810716,183700000
12,15,26.4203935772559,7.51578304756742,4.52806285669971,7.6497275317121,4.60694392928272,122.277758036912,95.857364459656,1981.70410128031,2008.12449485756,183700000
13,4,15.256215728459,7.67375809411649,4.6776440857151,7.68723475598097,4.61590108295289,123.314907014967,108.058691286508,1993.90542810716,2009.16164383562,183700000
13,14,10.7079242165558,7.67375809411649,4.6776440857151,7.69041633620426,4.67652995987029,118.766615503063,108.058691286508,1993.90542810716,2004.61335232371,183700000
14,6,7.58883346863663,7.69041633620426,4.67652995987029,7.68402375249997,4.61871262668064,126.3554489717,118.766615503063,2004.61335232371,2012.20218579235,183700000
14,5,4.13528155606823,7.69041633620426,4.67652995987029,7.67893893468694,4.62058376398362,122.901897059132,118.766615503063,2004.61335232371,2008.74863387978,183700000
15,7,0.62413902221981,7.6497275317121,4.60694392928272,7.68367595095781,4.61756559725118,122.901897059132,122.277758036912,2008.12449485756,2008.74863387978,183700000
15,8,1.03714897805473,7.6497275317121,4.60694392928272,7.68513803796662,4.62131112959456,123.314907014967,122.277758036912,2008.12449485756,2009.16164383562,183700000
