node1,node2,length,startLat,startLon,endLat,endLon,endNodeL,startNodeL,startYear,endYear,treeID
9,1,52.6116095603999,7.92661078775007,4.9858077336872,10.686987,13.272643,52.6116095603999,0,1916.3883904396,1969,105700000
9,10,37.994126655973,7.92661078775007,4.9858077336872,7.81012500167158,4.97133907781611,37.994126655973,0,1916.3883904396,1954.38251709557,105700000
10,11,24.8621107804789,7.81012500167158,4.97133907781611,7.68740334036153,4.6231039130806,62.856237436452,37.994126655973,1954.38251709557,1979.24462787605,105700000
10,15,50.4353775713253,7.81012500167158,4.97133907781611,7.79173207636265,5.2083815486272,88.4295042272983,37.994126655973,1954.38251709557,2004.8178946669,105700000
11,12,20.2620382184886,7.68740334036153,4.6231039130806,7.5675485782965,4.44904340558919,83.1182756549406,62.856237436452,1979.24462787605,1999.50666609454,105700000
11,14,28.7914311685084,7.68740334036153,4.6231039130806,7.68185323754586,4.62584787086533,91.6476686049604,62.856237436452,1979.24462787605,2008.03605904456,105700000
12,4,9.65497774107565,7.5675485782965,4.44904340558919,7.68723475598097,4.61590108295289,92.7732533960162,83.1182756549406,1999.50666609454,2009.16164383562,105700000
12,13,2.25653317476464,7.5675485782965,4.44904340558919,7.6516727355806,4.65664656038567,85.3748088297052,83.1182756549406,1999.50666609454,2001.76319926931,105700000
13,2,10.4389865230445,7.6516727355806,4.65664656038567,7.68402375249997,4.61871262668064,95.8137953527497,85.3748088297052,2001.76319926931,2012.20218579235,105700000
13,3,6.98543461047608,7.6516727355806,4.65664656038567,7.67893893468694,4.62058376398362,92.3602434401813,85.3748088297052,2001.76319926931,2008.74863387978,105700000
14,6,1.12558479105586,7.68185323754586,4.62584787086533,7.68513803796662,4.62131112959456,92.7732533960162,91.6476686049604,2008.03605904456,2009.16164383562,105700000
14,5,0.712574835220936,7.68185323754586,4.62584787086533,7.68367595095781,4.61756559725118,92.3602434401813,91.6476686049604,2008.03605904456,2008.74863387978,105700000
15,7,11.2176244587847,7.79173207636265,5.2083815486272,7.845422,5.182916,99.647128686083,88.4295042272983,2004.8178946669,2016.03551912568,105700000
15,8,14.22594094954,7.79173207636265,5.2083815486272,7.525829,5.762072,102.655445176838,88.4295042272983,2004.8178946669,2019.04383561644,105700000
