node1,node2,length,startLat,startLon,endLat,endLon,endNodeL,startNodeL,startYear,endYear,treeID
9,1,1.0945534471242,10.1760314119804,14.2847172399144,10.686987,13.272643,1.0945534471242,0,1967.90544655288,1969,145100000
9,10,27.1923292866368,10.1760314119804,14.2847172399144,7.64812257831892,5.16304348902517,27.1923292866368,0,1967.90544655288,1995.09777583951,145100000
10,11,18.9758239598647,7.64812257831892,5.16304348902517,7.25275547328174,5.58691509700969,46.1681532465015,27.1923292866368,1995.09777583951,2014.07359979938,145100000
10,12,6.34031899870005,7.64812257831892,5.16304348902517,7.69771619239791,4.58376046651415,33.5326482853369,27.1923292866368,1995.09777583951,2001.43809483821,145100000
11,2,1.9619193263058,7.25275547328174,5.58691509700969,7.845422,5.182916,48.1300725728073,46.1681532465015,2014.07359979938,2016.03551912568,145100000
11,3,4.97023581706111,7.25275547328174,5.58691509700969,7.525829,5.762072,51.1383890635626,46.1681532465015,2014.07359979938,2019.04383561644,145100000
12,13,5.07327727263854,7.69771619239791,4.58376046651415,7.68233005524862,4.61734203753491,38.6059255579754,33.5326482853369,2001.43809483821,2006.51137211085,145100000
12,15,7.12249861324213,7.69771619239791,4.58376046651415,7.68341983870428,4.63004596159391,40.655146898579,33.5326482853369,2001.43809483821,2008.56059345145,145100000
13,6,2.65027172476514,7.68233005524862,4.61734203753491,7.68723475598097,4.61590108295289,41.2561972827406,38.6059255579754,2006.51137211085,2009.16164383562,145100000
13,14,1.81626376844935,7.68233005524862,4.61734203753491,7.68826369939126,4.65643776540519,40.4221893264248,38.6059255579754,2006.51137211085,2008.3276358793,145100000
14,4,3.87454991304926,7.68826369939126,4.65643776540519,7.68402375249997,4.61871262668064,44.296739239474,40.4221893264248,2008.3276358793,2012.20218579235,145100000
14,5,0.420998000480859,7.68826369939126,4.65643776540519,7.67893893468694,4.62058376398362,40.8431873269056,40.4221893264248,2008.3276358793,2008.74863387978,145100000
15,7,0.18804042832663,7.68341983870428,4.63004596159391,7.68367595095781,4.61756559725118,40.8431873269056,40.655146898579,2008.56059345145,2008.74863387978,145100000
15,8,0.601050384161553,7.68341983870428,4.63004596159391,7.68513803796662,4.62131112959456,41.2561972827406,40.655146898579,2008.56059345145,2009.16164383562,145100000
