node1,node2,length,startLat,startLon,endLat,endLon,endNodeL,startNodeL,startYear,endYear,treeID
9,1,5.30849271006689,8.17158774716925,5.1264189591253,10.686987,13.272643,5.30849271006689,0,1963.69150728993,1969,113000000
9,10,26.3550895164138,8.17158774716925,5.1264189591253,8.15283678972459,5.27996235696426,26.3550895164138,0,1963.69150728993,1990.04659680635,113000000
10,11,5.36604431389654,8.15283678972459,5.27996235696426,7.77727380559651,4.73235996376205,31.7211338303104,26.3550895164138,1990.04659680635,1995.41264112024,113000000
10,15,19.7735977479482,8.15283678972459,5.27996235696426,8.28159960579531,5.44525114757285,46.1286872643621,26.3550895164138,1990.04659680635,2009.82019455429,113000000
11,12,8.13946837118961,7.77727380559651,4.73235996376205,7.5427705994982,4.54640980897969,39.8606022015,31.7211338303104,1995.41264112024,2003.55210949143,113000000
11,14,12.8706413160385,7.77727380559651,4.73235996376205,7.66663347345022,4.6592519276622,44.5917751463489,31.7211338303104,1995.41264112024,2008.28328243628,113000000
12,2,5.60953434418326,7.5427705994982,4.54640980897969,7.68723475598097,4.61590108295289,45.4701365456833,39.8606022015,2003.55210949143,2009.16164383562,113000000
12,13,3.07867687460766,7.5427705994982,4.54640980897969,7.66928080348639,4.55472121892148,42.9392790761077,39.8606022015,2003.55210949143,2006.63078636604,113000000
13,3,5.57139942630907,7.66928080348639,4.55472121892148,7.68402375249997,4.61871262668064,48.5106785024167,42.9392790761077,2006.63078636604,2012.20218579235,113000000
13,4,2.11784751374067,7.66928080348639,4.55472121892148,7.67893893468694,4.62058376398362,45.0571265898483,42.9392790761077,2006.63078636604,2008.74863387978,113000000
14,6,0.878361399334352,7.66663347345022,4.6592519276622,7.68513803796662,4.62131112959456,45.4701365456833,44.5917751463489,2008.28328243628,2009.16164383562,113000000
14,5,0.465351443499429,7.66663347345022,4.6592519276622,7.68367595095781,4.61756559725118,45.0571265898483,44.5917751463489,2008.28328243628,2008.74863387978,113000000
15,7,6.2153245713879,8.28159960579531,5.44525114757285,7.845422,5.182916,52.34401183575,46.1286872643621,2009.82019455429,2016.03551912568,113000000
15,8,9.22364106214321,8.28159960579531,5.44525114757285,7.525829,5.762072,55.3523283265053,46.1286872643621,2009.82019455429,2019.04383561644,113000000
