node1,node2,length,startLat,startLon,endLat,endLon,endNodeL,startNodeL,startYear,endYear,treeID
9,10,37.1461530346582,10.7173044727499,13.2426245309303,7.53892198919827,4.51012483017097,37.1461530346582,0,1944.82099430555,1981.96714734021,192400000
9,8,24.1790056944456,10.7173044727499,13.2426245309303,10.686987,13.272643,24.1790056944456,0,1944.82099430555,1969,192400000
10,11,11.2979771837164,7.53892198919827,4.51012483017097,7.6055707773845,4.56598827225937,48.4441302183746,37.1461530346582,1981.96714734021,1993.26512452393,192400000
10,15,27.9571572356388,7.53892198919827,4.51012483017097,7.87212877780966,5.13734118885016,65.103310270297,37.1461530346582,1981.96714734021,2009.92430457585,192400000
11,12,11.1755470402183,7.6055707773845,4.56598827225937,7.66495894116064,4.63536242458098,59.619677258593,48.4441302183746,1993.26512452393,2004.44067156415,192400000
11,14,14.743003794995,7.6055707773845,4.56598827225937,7.70063992080407,4.55614942744478,63.1871340133696,48.4441302183746,1993.26512452393,2008.00812831892,192400000
12,1,4.72097227146901,7.66495894116064,4.63536242458098,7.68723475598097,4.61590108295289,64.340649530062,59.619677258593,2004.44067156415,2009.16164383562,192400000
12,13,1.53801564565453,7.66495894116064,4.63536242458098,7.66522417248188,4.58860794464564,61.1576929042475,59.619677258593,2004.44067156415,2005.9786872098,192400000
13,2,2.76994666997956,7.66522417248188,4.58860794464564,7.67893893468694,4.62058376398362,63.9276395742271,61.1576929042475,2005.9786872098,2008.74863387978,192400000
13,3,6.22349858254796,7.66522417248188,4.58860794464564,7.68402375249997,4.61871262668064,67.3811914867955,61.1576929042475,2005.9786872098,2012.20218579235,192400000
14,5,1.15351551669238,7.70063992080407,4.55614942744478,7.68513803796662,4.62131112959456,64.340649530062,63.1871340133696,2008.00812831892,2009.16164383562,192400000
14,4,0.740505560857457,7.70063992080407,4.55614942744478,7.68367595095781,4.61756559725118,63.9276395742271,63.1871340133696,2008.00812831892,2008.74863387978,192400000
15,6,6.1112145498317,7.87212877780966,5.13734118885016,7.845422,5.182916,71.2145248201287,65.103310270297,2009.92430457585,2016.03551912568,192400000
15,7,9.119531040587,7.87212877780966,5.13734118885016,7.525829,5.762072,74.222841310884,65.103310270297,2009.92430457585,2019.04383561644,192400000
