node1,node2,length,startLat,startLon,endLat,endLon,endNodeL,startNodeL,startYear,endYear,treeID
9,1,11.8047034244463,7.93102574961928,5.64377463059159,10.686987,13.272643,11.8047034244463,0,1957.19529657555,1969,114900000
9,10,32.8912881498503,7.93102574961928,5.64377463059159,7.64177726582183,4.81616964891202,32.8912881498503,0,1957.19529657555,1990.0865847254,114900000
10,11,10.5068455853195,7.64177726582183,4.81616964891202,7.70250150364929,4.53665795920796,43.3981337351699,32.8912881498503,1990.0865847254,2000.59343031072,114900000
10,15,21.9797080856877,7.64177726582183,4.81616964891202,7.86918965482091,5.068714777684,54.8709962355381,32.8912881498503,1990.0865847254,2012.06629281109,114900000
11,12,5.78331046611163,7.70250150364929,4.53665795920796,7.71614966693703,4.59094123349104,49.1814442012815,43.3981337351699,2000.59343031072,2006.37674077683,114900000
11,14,8.01526235725778,7.70250150364929,4.53665795920796,7.69221745938613,4.60159102278083,51.4133960924277,43.3981337351699,2000.59343031072,2008.60869266798,114900000
12,2,2.78490305878115,7.71614966693703,4.59094123349104,7.68723475598097,4.61590108295289,51.9663472600627,49.1814442012815,2006.37674077683,2009.16164383562,114900000
12,13,1.07476506686563,7.71614966693703,4.59094123349104,7.70613769803031,4.61681075910367,50.2562092681471,49.1814442012815,2006.37674077683,2007.4515058437,114900000
13,3,1.2971280360806,7.70613769803031,4.61681075910367,7.67893893468694,4.62058376398362,51.5533373042277,50.2562092681471,2007.4515058437,2008.74863387978,114900000
13,4,4.750679948649,7.70613769803031,4.61681075910367,7.68402375249997,4.61871262668064,55.0068892167961,50.2562092681471,2007.4515058437,2012.20218579235,114900000
14,6,0.552951167634998,7.69221745938613,4.60159102278083,7.68513803796662,4.62131112959456,51.9663472600627,51.4133960924277,2008.60869266798,2009.16164383562,114900000
14,5,0.139941211800075,7.69221745938613,4.60159102278083,7.68367595095781,4.61756559725118,51.5533373042277,51.4133960924277,2008.60869266798,2008.74863387978,114900000
15,7,3.96922631459131,7.86918965482091,5.068714777684,7.845422,5.182916,58.8402225501294,54.8709962355381,2012.06629281109,2016.03551912568,114900000
15,8,6.97754280534662,7.86918965482091,5.068714777684,7.525829,5.762072,61.8485390408847,54.8709962355381,2012.06629281109,2019.04383561644,114900000
