node1,node2,length,startLat,startLon,endLat,endLon,endNodeL,startNodeL,startYear,endYear,treeID
9,1,31.77059523891,10.4435035585118,12.9708125129837,10.686987,13.272643,31.77059523891,0,1937.22940476109,1969,152500000
9,10,40.7106719344862,10.4435035585118,12.9708125129837,8.08306017854916,5.0411522690685,40.7106719344862,0,1937.22940476109,1977.94007669558,152500000
10,11,34.3203184824382,8.08306017854916,5.0411522690685,7.874010740063,5.14769019421393,75.0309904169244,40.7106719344862,1977.94007669558,2012.26039517801,152500000
10,12,16.2370272941842,8.08306017854916,5.0411522690685,7.7200172547951,4.60046521494401,56.9476992286704,40.7106719344862,1977.94007669558,1994.17710398976,152500000
11,2,3.77512394766864,7.874010740063,5.14769019421393,7.845422,5.182916,78.8061143645931,75.0309904169244,2012.26039517801,2016.03551912568,152500000
11,3,6.78344043842394,7.874010740063,5.14769019421393,7.525829,5.762072,81.8144308553484,75.0309904169244,2012.26039517801,2019.04383561644,152500000
12,13,8.03409562474824,7.7200172547951,4.60046521494401,7.742267368948,4.57832824375536,64.9817948534186,56.9476992286704,1994.17710398976,2002.21119961451,152500000
12,15,13.9203288228138,7.7200172547951,4.60046521494401,7.71156454703928,4.61060975978178,70.8680280514842,56.9476992286704,1994.17710398976,2008.09743281257,152500000
13,6,6.95044422110767,7.742267368948,4.57832824375536,7.68723475598097,4.61590108295289,71.9322390745263,64.9817948534186,2002.21119961451,2009.16164383562,152500000
13,14,2.94780798601369,7.742267368948,4.57832824375536,7.63341927210326,4.58770252717723,67.9296028394323,64.9817948534186,2002.21119961451,2005.15900760052,152500000
14,4,7.04317819182746,7.63341927210326,4.58770252717723,7.68402375249997,4.61871262668064,74.9727810312598,67.9296028394323,2005.15900760052,2012.20218579235,152500000
14,5,3.58962627925906,7.63341927210326,4.58770252717723,7.67893893468694,4.62058376398362,71.5192291186914,67.9296028394323,2005.15900760052,2008.74863387978,152500000
15,7,0.651201067207179,7.71156454703928,4.61060975978178,7.68367595095781,4.61756559725118,71.5192291186914,70.8680280514842,2008.09743281257,2008.74863387978,152500000
15,8,1.0642110230421,7.71156454703928,4.61060975978178,7.68513803796662,4.62131112959456,71.9322390745263,70.8680280514842,2008.09743281257,2009.16164383562,152500000
