node1,node2,length,startLat,startLon,endLat,endLon,endNodeL,startNodeL,startYear,endYear,treeID
9,1,1.58756797390696,10.7870605368671,13.4322710159709,10.686987,13.272643,1.58756797390696,0,1967.41243202609,1969,149300000
9,10,26.4056431789757,10.7870605368671,13.4322710159709,7.79833082615165,4.63017637358084,26.4056431789757,0,1967.41243202609,1993.81807520507,149300000
10,11,20.231177354314,7.79833082615165,4.63017637358084,7.9714022742052,5.15265161144811,46.6368205332897,26.4056431789757,1993.81807520507,2014.04925255938,149300000
10,12,5.30936248678392,7.79833082615165,4.63017637358084,7.88687866598204,4.61321568288055,31.7150056657597,26.4056431789757,1993.81807520507,1999.12743769185,149300000
11,2,1.98626656630032,7.9714022742052,5.15265161144811,7.845422,5.182916,48.6230870995901,46.6368205332897,2014.04925255938,2016.03551912568,149300000
11,3,4.99458305705563,7.9714022742052,5.15265161144811,7.525829,5.762072,51.6314035903454,46.6368205332897,2014.04925255938,2019.04383561644,149300000
12,13,5.31938900432374,7.88687866598204,4.61321568288055,7.71668814253925,4.58677607791216,37.0343946700834,31.7150056657597,1999.12743769185,2004.44682669618,149300000
12,15,9.00714032143566,7.88687866598204,4.61321568288055,7.75140389138364,4.52200931020819,40.7221459871953,31.7150056657597,1999.12743769185,2008.13457801329,149300000
13,4,4.71481713943991,7.71668814253925,4.58677607791216,7.68723475598097,4.61590108295289,41.7492118095233,37.0343946700834,2004.44682669618,2009.16164383562,149300000
13,14,2.52836983215802,7.71668814253925,4.58677607791216,7.70044182028668,4.50314496281533,39.5627645022414,37.0343946700834,2004.44682669618,2006.97519652833,149300000
14,6,5.22698926401537,7.70044182028668,4.50314496281533,7.68402375249997,4.61871262668064,44.7897537662568,39.5627645022414,2006.97519652833,2012.20218579235,149300000
14,5,1.77343735144697,7.70044182028668,4.50314496281533,7.67893893468694,4.62058376398362,41.3362018536884,39.5627645022414,2006.97519652833,2008.74863387978,149300000
15,7,0.614055866493072,7.75140389138364,4.52200931020819,7.68367595095781,4.61756559725118,41.3362018536884,40.7221459871953,2008.13457801329,2008.74863387978,149300000
15,8,1.02706582232799,7.75140389138364,4.52200931020819,7.68513803796662,4.62131112959456,41.7492118095233,40.7221459871953,2008.13457801329,2009.16164383562,149300000
