node1,node2,length,startLat,startLon,endLat,endLon,endNodeL,startNodeL,startYear,endYear,treeID
9,10,35.8034449087976,10.7004637236097,13.135693466214,7.86565217344552,5.45028173833616,35.8034449087976,0,1957.83084101319,1993.63428592199,171600000
9,8,11.1691589868101,10.7004637236097,13.135693466214,10.686987,13.272643,11.1691589868101,0,1957.83084101319,1969,171600000
10,11,7.01984756560219,7.86565217344552,5.45028173833616,7.64143149663105,4.64487842969501,42.8232924743998,35.8034449087976,1993.63428592199,2000.65413348759,171600000
10,15,18.802156998709,7.86565217344552,5.45028173833616,7.76820806850002,5.11355043263409,54.6056019075066,35.8034449087976,1993.63428592199,2012.4364429207,171600000
11,12,5.54966991325858,7.64143149663105,4.64487842969501,7.69195878088218,4.62845659526414,48.3729623876584,42.8232924743998,2000.65413348759,2006.20380340085,171600000
11,14,7.85404080932367,7.64143149663105,4.64487842969501,7.69355033759172,4.62383836666804,50.6773332837235,42.8232924743998,2000.65413348759,2008.50817429691,171600000
12,1,2.95784043476806,7.69195878088218,4.62845659526414,7.68723475598097,4.61590108295289,51.3308028224265,48.3729623876584,2006.20380340085,2009.16164383562,171600000
12,13,0.577681107106649,7.69195878088218,4.62845659526414,7.69496016055283,4.63293009124678,48.9506434947651,48.3729623876584,2006.20380340085,2006.78148450795,171600000
13,2,1.96714937182649,7.69496016055283,4.63293009124678,7.67893893468694,4.62058376398362,50.9177928665916,48.9506434947651,2006.78148450795,2008.74863387978,171600000
13,3,5.42070128439489,7.69496016055283,4.63293009124678,7.68402375249997,4.61871262668064,54.37134477916,48.9506434947651,2006.78148450795,2012.20218579235,171600000
14,5,0.653469538702966,7.69355033759172,4.62383836666804,7.68513803796662,4.62131112959456,51.3308028224265,50.6773332837235,2008.50817429691,2009.16164383562,171600000
14,4,0.240459582868043,7.69355033759172,4.62383836666804,7.68367595095781,4.61756559725118,50.9177928665916,50.6773332837235,2008.50817429691,2008.74863387978,171600000
15,6,3.59907620498657,7.76820806850002,5.11355043263409,7.845422,5.182916,58.2046781124932,54.6056019075066,2012.4364429207,2016.03551912568,171600000
15,7,6.60739269574187,7.76820806850002,5.11355043263409,7.525829,5.762072,61.2129946032485,54.6056019075066,2012.4364429207,2019.04383561644,171600000
