node1,node2,length,startLat,startLon,endLat,endLon,endNodeL,startNodeL,startYear,endYear,treeID
9,10,68.1135059448186,11.5629187216542,6.76768174678357,6.79966076269316,6.04161755549946,68.1135059448186,0,1919.4756514508,1987.58915739562,171300000
9,8,49.5243485492003,11.5629187216542,6.76768174678357,10.686987,13.272643,49.5243485492003,0,1919.4756514508,1969,171300000
10,11,13.0592744580511,6.79966076269316,6.04161755549946,7.70597307552379,4.72501087791649,81.1727804028697,68.1135059448186,1987.58915739562,2000.64843185367,171300000
10,15,25.3906793552283,6.79966076269316,6.04161755549946,7.5438117273358,5.98181883835226,93.504185300047,68.1135059448186,1987.58915739562,2012.97983675085,171300000
11,12,4.59179329773601,7.70597307552379,4.72501087791649,7.69934114036626,4.69447820906134,85.7645737006057,81.1727804028697,2000.64843185367,2005.2402251514,171300000
11,14,8.02926101108825,7.70597307552379,4.72501087791649,7.68379797826927,4.61290568009862,89.202041413958,81.1727804028697,2000.64843185367,2008.67769286476,171300000
12,1,3.92141868421095,7.69934114036626,4.69447820906134,7.68723475598097,4.61590108295289,89.6859923848167,85.7645737006057,2005.2402251514,2009.16164383562,171300000
12,13,0.970514514196546,7.69934114036626,4.69447820906134,7.71596129538174,4.61284695325768,86.7350882148023,85.7645737006057,2005.2402251514,2006.2107396656,171300000
13,2,2.53789421417948,7.71596129538174,4.61284695325768,7.67893893468694,4.62058376398362,89.2729824289817,86.7350882148023,2006.2107396656,2008.74863387978,171300000
13,3,5.99144612674788,7.71596129538174,4.61284695325768,7.68402375249997,4.61871262668064,92.7265343415501,86.7350882148023,2006.2107396656,2012.20218579235,171300000
14,5,0.483950970858707,7.68379797826927,4.61290568009862,7.68513803796662,4.62131112959456,89.6859923848167,89.202041413958,2008.67769286476,2009.16164383562,171300000
14,4,0.0709410150237844,7.68379797826927,4.61290568009862,7.68367595095781,4.61756559725118,89.2729824289817,89.202041413958,2008.67769286476,2008.74863387978,171300000
15,6,3.05568237483645,7.5438117273358,5.98181883835226,7.845422,5.182916,96.5598676748834,93.504185300047,2012.97983675085,2016.03551912568,171300000
15,7,6.06399886559175,7.5438117273358,5.98181883835226,7.525829,5.762072,99.5681841656387,93.504185300047,2012.97983675085,2019.04383561644,171300000
