node1,node2,length,startLat,startLon,endLat,endLon,endNodeL,startNodeL,startYear,endYear,treeID
9,1,28.860512650419,10.7080879331926,13.4100954178147,10.686987,13.272643,28.860512650419,0,1940.13948734958,1969,125500000
9,10,41.24432235656,10.7080879331926,13.4100954178147,7.73443489979297,5.32436415123167,41.24432235656,0,1940.13948734958,1981.38380970614,125500000
10,11,17.9411988822392,7.73443489979297,5.32436415123167,7.66489852883844,4.70119228883339,59.1855212387992,41.24432235656,1981.38380970614,1999.32500858838,125500000
10,15,30.2294365737595,7.73443489979297,5.32436415123167,7.88452088970467,5.20514236196663,71.4737589303195,41.24432235656,1981.38380970614,2011.6132462799,125500000
11,12,5.03909924761314,7.66489852883844,4.70119228883339,7.6887210729924,4.59914061659404,64.2246204864124,59.1855212387992,1999.32500858838,2004.36410783599,125500000
11,14,9.04207542969483,7.66489852883844,4.70119228883339,7.68236494322344,4.62424454449506,68.2275966684941,59.1855212387992,1999.32500858838,2008.36708401807,125500000
12,4,4.79753599962302,7.6887210729924,4.59914061659404,7.68723475598097,4.61590108295289,69.0221564860354,64.2246204864124,2004.36410783599,2009.16164383562,125500000
12,13,2.78590882375873,7.6887210729924,4.59914061659404,7.71681768218366,4.6067617021828,67.0105293101711,64.2246204864124,2004.36410783599,2007.15001665975,125500000
13,2,1.59861722002937,7.71681768218366,4.6067617021828,7.67893893468694,4.62058376398362,68.6091465302005,67.0105293101711,2007.15001665975,2008.74863387978,125500000
13,3,5.05216913259777,7.71681768218366,4.6067617021828,7.68402375249997,4.61871262668064,72.0626984427689,67.0105293101711,2007.15001665975,2012.20218579235,125500000
14,6,0.794559817541325,7.68236494322344,4.62424454449506,7.68513803796662,4.62131112959456,69.0221564860354,68.2275966684941,2008.36708401807,2009.16164383562,125500000
14,5,0.381549861706402,7.68236494322344,4.62424454449506,7.68367595095781,4.61756559725118,68.6091465302005,68.2275966684941,2008.36708401807,2008.74863387978,125500000
15,7,4.42227284578259,7.88452088970467,5.20514236196663,7.845422,5.182916,75.8960317761021,71.4737589303195,2011.6132462799,2016.03551912568,125500000
15,8,7.4305893365379,7.88452088970467,5.20514236196663,7.525829,5.762072,78.9043482668574,71.4737589303195,2011.6132462799,2019.04383561644,125500000
