node1,node2,length,startLat,startLon,endLat,endLon,endNodeL,startNodeL,startYear,endYear,treeID
9,8,42.6838894953858,7.56588174551049,4.8607664310719,10.686987,13.272643,42.6838894953858,0,1926.31611050461,1969,132400000
9,10,51.5627000202438,7.56588174551049,4.8607664310719,7.54878226674199,4.88886845800678,51.5627000202438,0,1926.31611050461,1977.87881052486,132400000
10,11,32.463362511815,7.54878226674199,4.88886845800678,7.73516305072533,4.92157700194697,84.0260625320588,51.5627000202438,1977.87881052486,2010.34217303667,132400000
10,12,15.2899518773482,7.54878226674199,4.88886845800678,7.6618995486545,4.63488694045196,66.852651897592,51.5627000202438,1977.87881052486,1993.16876240221,132400000
11,1,5.69334608901011,7.73516305072533,4.92157700194697,7.845422,5.182916,89.7194086210689,84.0260625320588,2010.34217303667,2016.03551912568,132400000
11,2,8.70166257976541,7.73516305072533,4.92157700194697,7.525829,5.762072,92.7277251118242,84.0260625320588,2010.34217303667,2019.04383561644,132400000
12,13,8.27595729553883,7.6618995486545,4.63488694045196,7.61613954044687,4.63457535241959,75.1286091931308,66.852651897592,1993.16876240221,2001.44471969774,132400000
12,15,14.9519217677447,7.6618995486545,4.63488694045196,7.7000910336749,4.62433313225039,81.8045736653367,66.852651897592,1993.16876240221,2008.12068416995,132400000
13,3,7.71692413787136,7.61613954044687,4.63457535241959,7.68723475598097,4.61590108295289,82.8455333310021,75.1286091931308,2001.44471969774,2009.16164383562,132400000
13,14,4.38095297798323,7.61613954044687,4.63457535241959,7.66502579876795,4.58285667593288,79.509562171114,75.1286091931308,2001.44471969774,2005.82567267573,132400000
14,4,6.3765131166216,7.66502579876795,4.58285667593288,7.68402375249997,4.61871262668064,85.8860752877356,79.509562171114,2005.82567267573,2012.20218579235,132400000
14,5,2.9229612040532,7.66502579876795,4.58285667593288,7.67893893468694,4.62058376398362,82.4325233751672,79.509562171114,2005.82567267573,2008.74863387978,132400000
15,6,0.627949709830526,7.7000910336749,4.62433313225039,7.68367595095781,4.61756559725118,82.4325233751672,81.8045736653367,2008.12068416995,2008.74863387978,132400000
15,7,1.04095966566545,7.7000910336749,4.62433313225039,7.68513803796662,4.62131112959456,82.8455333310021,81.8045736653367,2008.12068416995,2009.16164383562,132400000
