node1,node2,length,startLat,startLon,endLat,endLon,endNodeL,startNodeL,startYear,endYear,treeID
9,10,300.488915880297,11.0564233698074,13.3711474140037,7.72455320383977,4.55021741144711,300.488915880297,0,1525.62846957122,1826.11738545151,119900000
9,8,443.371530428783,11.0564233698074,13.3711474140037,10.686987,13.272643,443.371530428783,0,1525.62846957122,1969,119900000
10,11,79.2746678051894,7.72455320383977,4.55021741144711,7.61994865909219,4.61829546331931,379.763583685487,300.488915880297,1826.11738545151,1905.3920532567,119900000
10,15,164.829306827648,7.72455320383977,4.55021741144711,7.86061911399908,5.12505566945541,465.318222707946,300.488915880297,1826.11738545151,1990.94669227916,119900000
11,12,66.1581720228109,7.61994865909219,4.61829546331931,7.71572768816245,4.57359611142883,445.921755708297,379.763583685487,1905.3920532567,1971.55022527951,119900000
11,14,97.7252765426538,7.61994865909219,4.61829546331931,7.67734381660775,4.60936197079975,477.48886022814,379.763583685487,1905.3920532567,2003.11732979936,119900000
12,3,37.6114185561017,7.71572768816245,4.57359611142883,7.68723475598097,4.61590108295289,483.533174264399,445.921755708297,1971.55022527951,2009.16164383562,119900000
12,13,23.5472793224472,7.71572768816245,4.57359611142883,7.6858847823939,4.62243915722463,469.469035030745,445.921755708297,1971.55022527951,1995.09750460196,119900000
13,1,17.104681190388,7.6858847823939,4.62243915722463,7.68402375249997,4.61871262668064,486.573716221133,469.469035030745,1995.09750460196,2012.20218579235,119900000
13,2,13.6511292778196,7.6858847823939,4.62243915722463,7.67893893468694,4.62058376398362,483.120164308564,469.469035030745,1995.09750460196,2008.74863387978,119900000
14,5,6.04431403625877,7.67734381660775,4.60936197079975,7.68513803796662,4.62131112959456,483.533174264399,477.48886022814,2003.11732979936,2009.16164383562,119900000
14,4,5.63130408042384,7.67734381660775,4.60936197079975,7.68367595095781,4.61756559725118,483.120164308564,477.48886022814,2003.11732979936,2008.74863387978,119900000
15,6,25.0888268465202,7.86061911399908,5.12505566945541,7.845422,5.182916,490.407049554466,465.318222707946,1990.94669227916,2016.03551912568,119900000
15,7,28.0971433372755,7.86061911399908,5.12505566945541,7.525829,5.762072,493.415366045221,465.318222707946,1990.94669227916,2019.04383561644,119900000
