node1,node2,length,startLat,startLon,endLat,endLon,endNodeL,startNodeL,startYear,endYear,treeID
9,10,44.3540860640938,7.55695378042705,4.58315634584277,7.69918915504374,4.91562752024893,44.3540860640938,0,1927.41555226621,1971.76963833031,195100000
9,8,41.5844477337857,7.55695378042705,4.58315634584277,10.686987,13.272643,41.5844477337857,0,1927.41555226621,1969,195100000
10,11,15.8960016090031,7.69918915504374,4.91562752024893,7.67744442407517,4.6848283446982,60.2500876730969,44.3540860640938,1971.76963833031,1987.66563993931,195100000
10,15,39.2364717220971,7.69918915504374,4.91562752024893,7.79416561919308,5.17519868934923,83.5905577861909,44.3540860640938,1971.76963833031,2011.0061100524,195100000
11,12,14.715210973037,7.67744442407517,4.6848283446982,7.66295424117174,4.60447864405366,74.965298646134,60.2500876730969,1987.66563993931,2002.38085091235,195100000
11,14,20.3554392918433,7.67744442407517,4.6848283446982,7.66571635925831,4.5622579524067,80.6055269649403,60.2500876730969,1987.66563993931,2008.02107923115,195100000
12,3,6.78079292326813,7.66295424117174,4.60447864405366,7.68723475598097,4.61590108295289,81.7460915694021,74.965298646134,2002.38085091235,2009.16164383562,195100000
12,13,1.97501417469027,7.66295424117174,4.60447864405366,7.67801318393113,4.58635294730417,76.9403128208242,74.965298646134,2002.38085091235,2004.35586508704,195100000
13,1,7.84632070531134,7.67801318393113,4.58635294730417,7.68402375249997,4.61871262668064,84.7866335261356,76.9403128208242,2004.35586508704,2012.20218579235,195100000
13,2,4.39276879274294,7.67801318393113,4.58635294730417,7.67893893468694,4.62058376398362,81.3330816135672,76.9403128208242,2004.35586508704,2008.74863387978,195100000
14,5,1.14056460446182,7.66571635925831,4.5622579524067,7.68513803796662,4.62131112959456,81.7460915694021,80.6055269649403,2008.02107923115,2009.16164383562,195100000
14,4,0.727554648626896,7.66571635925831,4.5622579524067,7.68367595095781,4.61756559725118,81.3330816135672,80.6055269649403,2008.02107923115,2008.74863387978,195100000
15,6,5.02940907327793,7.79416561919308,5.17519868934923,7.845422,5.182916,88.6199668594688,83.5905577861909,2011.0061100524,2016.03551912568,195100000
15,7,8.03772556403323,7.79416561919308,5.17519868934923,7.525829,5.762072,91.6282833502241,83.5905577861909,2011.0061100524,2019.04383561644,195100000
