node1,node2,length,startLat,startLon,endLat,endLon,endNodeL,startNodeL,startYear,endYear,treeID
9,8,25.5804850063617,8.42635542705146,5.36725896272848,10.686987,13.272643,25.5804850063617,0,1943.41951499364,1969,180700000
9,10,40.0773489776779,8.42635542705146,5.36725896272848,7.56360947291671,5.0646570358728,40.0773489776779,0,1943.41951499364,1983.49686397132,180700000
10,11,26.257969853852,7.56360947291671,5.0646570358728,7.91869165899956,5.25814518189431,66.3353188315298,40.0773489776779,1983.49686397132,2009.75483382517,180700000
10,12,12.2132352159553,7.56360947291671,5.0646570358728,7.61646810212057,4.98792105537914,52.2905841936332,40.0773489776779,1983.49686397132,1995.71009918727,180700000
11,1,6.28068530051495,7.91869165899956,5.25814518189431,7.845422,5.182916,72.6160041320448,66.3353188315298,2009.75483382517,2016.03551912568,180700000
11,2,9.28900179127026,7.91869165899956,5.25814518189431,7.525829,5.762072,75.6243206228001,66.3353188315298,2009.75483382517,2019.04383561644,180700000
12,13,6.81578057961907,7.61646810212057,4.98792105537914,7.6899344618801,4.80290271500154,59.1063647732523,52.2905841936332,1995.71009918727,2002.52587976689,180700000
12,15,11.9279431781188,7.61646810212057,4.98792105537914,7.67582999808479,4.59616651772809,64.218527371752,52.2905841936332,1995.71009918727,2007.63804236539,180700000
13,5,6.63576406872578,7.6899344618801,4.80290271500154,7.68723475598097,4.61590108295289,65.742128841978,59.1063647732523,2002.52587976689,2009.16164383562,180700000
13,14,3.76072117919713,7.6899344618801,4.80290271500154,7.68541592226912,4.79292601879188,62.8670859524494,59.1063647732523,2002.52587976689,2006.28660094609,180700000
14,3,5.91558484626212,7.68541592226912,4.79292601879188,7.68402375249997,4.61871262668064,68.7826707987115,62.8670859524494,2006.28660094609,2012.20218579235,180700000
14,4,2.46203293369372,7.68541592226912,4.79292601879188,7.67893893468694,4.62058376398362,65.3291188861431,62.8670859524494,2006.28660094609,2008.74863387978,180700000
15,6,1.11059151439108,7.67582999808479,4.59616651772809,7.68367595095781,4.61756559725118,65.3291188861431,64.218527371752,2007.63804236539,2008.74863387978,180700000
15,7,1.52360147022601,7.67582999808479,4.59616651772809,7.68513803796662,4.62131112959456,65.742128841978,64.218527371752,2007.63804236539,2009.16164383562,180700000
