node1,node2,length,startLat,startLon,endLat,endLon,endNodeL,startNodeL,startYear,endYear,treeID
9,10,41.1882323348648,9.44281392241126,13.7596741335119,7.72085805438562,5.36570777194543,41.1882323348648,0,1964.6130772956,2005.80130963047,189500000
9,8,4.38692270439572,9.44281392241126,13.7596741335119,10.686987,13.272643,4.38692270439572,0,1964.6130772956,1969,189500000
10,11,1.64840889236485,7.72085805438562,5.36570777194543,7.68730575305154,4.62881243893578,42.8366412272296,41.1882323348648,2005.80130963047,2007.44971852283,189500000
10,15,5.67217726520615,7.72085805438562,5.36570777194543,7.73319663519957,5.34934816263063,46.8604096000709,41.1882323348648,2005.80130963047,2011.47348689567,189500000
11,12,0.170117764313948,7.68730575305154,4.62881243893578,7.69218078669734,4.61957223319414,43.0067589915436,42.8366412272296,2007.44971852283,2007.61983628715,189500000
11,14,1.20979149320474,7.68730575305154,4.62881243893578,7.6779708983804,4.62797960323052,44.0464327204344,42.8366412272296,2007.44971852283,2008.65951001604,189500000
12,1,1.54180754846852,7.69218078669734,4.61957223319414,7.68723475598097,4.61590108295289,44.5485665400121,43.0067589915436,2007.61983628715,2009.16164383562,189500000
12,13,0.489162394418454,7.69218078669734,4.61957223319414,7.70552249200286,4.58315455772793,43.495921385962,43.0067589915436,2007.61983628715,2008.10899868157,189500000
13,2,4.09318711078354,7.70552249200286,4.58315455772793,7.68402375249997,4.61871262668064,47.5891084967456,43.495921385962,2008.10899868157,2012.20218579235,189500000
13,3,0.639635198215142,7.70552249200286,4.58315455772793,7.67893893468694,4.62058376398362,44.1355565841772,43.495921385962,2008.10899868157,2008.74863387978,189500000
14,5,0.502133819577727,7.6779708983804,4.62797960323052,7.68513803796662,4.62131112959456,44.5485665400121,44.0464327204344,2008.65951001604,2009.16164383562,189500000
14,4,0.0891238637428042,7.6779708983804,4.62797960323052,7.68367595095781,4.61756559725118,44.1355565841772,44.0464327204344,2008.65951001604,2008.74863387978,189500000
15,6,4.5620322300079,7.73319663519957,5.34934816263063,7.845422,5.182916,51.4224418300788,46.8604096000709,2011.47348689567,2016.03551912568,189500000
15,7,7.57034872076321,7.73319663519957,5.34934816263063,7.525829,5.762072,54.4307583208341,46.8604096000709,2011.47348689567,2019.04383561644,189500000
