node1,node2,length,startLat,startLon,endLat,endLon,endNodeL,startNodeL,startYear,endYear,treeID
9,8,21.2345558642643,8.2675279407333,3.69988146348761,10.686987,13.272643,21.2345558642643,0,1947.76544413574,1969,127400000
9,10,34.7436663958442,8.2675279407333,3.69988146348761,7.9991127941889,3.92715996055232,34.7436663958442,0,1947.76544413574,1982.50911053158,127400000
10,11,25.7094515886488,7.9991127941889,3.92715996055232,7.82150367817413,5.08875247129426,60.4531179844929,34.7436663958442,1982.50911053158,2008.21856212023,127400000
10,12,8.4383398733857,7.9991127941889,3.92715996055232,7.78362479146346,4.39207342421193,43.1820062692299,34.7436663958442,1982.50911053158,1990.94745040497,127400000
11,1,7.81695700545448,7.82150367817413,5.08875247129426,7.845422,5.182916,68.2700749899474,60.4531179844929,2008.21856212023,2016.03551912568,127400000
11,2,10.8252734962098,7.82150367817413,5.08875247129426,7.525829,5.762072,71.2783914807027,60.4531179844929,2008.21856212023,2019.04383561644,127400000
12,13,8.6718500164721,7.78362479146346,4.39207342421193,7.54565488960747,4.59632222581088,51.853856285702,43.1820062692299,1990.94745040497,1999.61930042144,127400000
12,15,17.1568084431059,7.78362479146346,4.39207342421193,7.66896255084499,4.63430993886342,60.3388147123358,43.1820062692299,1990.94745040497,2008.10425884807,127400000
13,5,9.54234341417869,7.54565488960747,4.59632222581088,7.68723475598097,4.61590108295289,61.3961996998807,51.853856285702,1999.61930042144,2009.16164383562,127400000
13,14,6.29319984965369,7.54565488960747,4.59632222581088,7.56423958958156,4.70222206487785,58.1470561353556,51.853856285702,1999.61930042144,2005.91250027109,127400000
14,3,6.28968552125848,7.56423958958156,4.70222206487785,7.68402375249997,4.61871262668064,64.4367416566141,58.1470561353556,2005.91250027109,2012.20218579235,127400000
14,4,2.83613360869008,7.56423958958156,4.70222206487785,7.67893893468694,4.62058376398362,60.9831897440457,58.1470561353556,2005.91250027109,2008.74863387978,127400000
15,6,0.644375031709947,7.66896255084499,4.63430993886342,7.68367595095781,4.61756559725118,60.9831897440457,60.3388147123358,2008.10425884807,2008.74863387978,127400000
15,7,1.05738498754487,7.66896255084499,4.63430993886342,7.68513803796662,4.62131112959456,61.3961996998807,60.3388147123358,2008.10425884807,2009.16164383562,127400000
