node1,node2,length,startLat,startLon,endLat,endLon,endNodeL,startNodeL,startYear,endYear,treeID
9,10,71.8802597636085,6.84533079082554,7.61110314500523,7.88659638740209,4.81566814053086,71.8802597636085,0,1872.45314474176,1944.33340450537,170900000
9,8,96.5468552582358,6.84533079082554,7.61110314500523,10.686987,13.272643,96.5468552582358,0,1872.45314474176,1969,170900000
10,11,45.7532345550079,7.88659638740209,4.81566814053086,7.88465719518789,4.72200319965728,117.633494318616,71.8802597636085,1944.33340450537,1990.08663906038,170900000
10,15,55.1947331363673,7.88659638740209,4.81566814053086,7.77478113990542,5.25069808496583,127.074992899976,71.8802597636085,1944.33340450537,1999.52813764174,170900000
11,12,14.6083668672907,7.88465719518789,4.72200319965728,7.67939651319453,4.61150024054205,132.241861185907,117.633494318616,1990.08663906038,2004.69500592767,170900000
11,14,18.1271958643211,7.88465719518789,4.72200319965728,7.68494840193685,4.57936383048097,135.760690182937,117.633494318616,1990.08663906038,2008.2138349247,170900000
12,1,4.46663790794499,7.67939651319453,4.61150024054205,7.68723475598097,4.61590108295289,136.708499093852,132.241861185907,2004.69500592767,2009.16164383562,170900000
12,13,1.53059969649112,7.67939651319453,4.61150024054205,7.64843711119305,4.73171237188923,133.772460882398,132.241861185907,2004.69500592767,2006.22560562416,170900000
13,2,2.52302825561894,7.64843711119305,4.73171237188923,7.67893893468694,4.62058376398362,136.295489138017,133.772460882398,2006.22560562416,2008.74863387978,170900000
13,3,5.97658016818734,7.64843711119305,4.73171237188923,7.68402375249997,4.61871262668064,139.749041050586,133.772460882398,2006.22560562416,2012.20218579235,170900000
14,5,0.947808910914661,7.68494840193685,4.57936383048097,7.68513803796662,4.62131112959456,136.708499093852,135.760690182937,2008.2138349247,2009.16164383562,170900000
14,4,0.534798955079738,7.68494840193685,4.57936383048097,7.68367595095781,4.61756559725118,136.295489138017,135.760690182937,2008.2138349247,2008.74863387978,170900000
15,6,16.5073814839431,7.77478113990542,5.25069808496583,7.845422,5.182916,143.582374383919,127.074992899976,1999.52813764174,2016.03551912568,170900000
15,7,19.5156979746984,7.77478113990542,5.25069808496583,7.525829,5.762072,146.590690874674,127.074992899976,1999.52813764174,2019.04383561644,170900000
