node1,node2,length,startLat,startLon,endLat,endLon,endNodeL,startNodeL,startYear,endYear,treeID
9,10,245.91235937952,10.8270791136687,12.6441070256538,7.19646607810562,5.6462206284157,245.91235937952,0,1578.19185879595,1824.10421817547,118200000
9,8,390.808141204054,10.8270791136687,12.6441070256538,10.686987,13.272643,390.808141204054,0,1578.19185879595,1969,118200000
10,11,95.1632080702952,7.19646607810562,5.6462206284157,7.60621609843516,4.76966860001855,341.075567449816,245.91235937952,1824.10421817547,1919.26742624576,118200000
10,15,141.555118198869,7.19646607810562,5.6462206284157,7.39317319621339,5.76746862590322,387.46747757839,245.91235937952,1824.10421817547,1965.65933637434,118200000
11,12,68.7102182239023,7.60621609843516,4.76966860001855,7.65744356357077,4.64382980231092,409.785785673718,341.075567449816,1919.26742624576,1987.97764446966,118200000
11,14,87.5481960180941,7.60621609843516,4.76966860001855,7.68819106395161,4.57839994075245,428.62376346791,341.075567449816,1919.26742624576,2006.81562226386,118200000
12,3,21.183999365952,7.65744356357077,4.64382980231092,7.68723475598097,4.61590108295289,430.96978503967,409.785785673718,1987.97764446966,2009.16164383562,118200000
12,13,2.20797911854087,7.65744356357077,4.64382980231092,7.6952823221926,4.62090422543005,411.993764792259,409.785785673718,1987.97764446966,1990.1856235882,118200000
13,1,18.5630102915762,7.6952823221926,4.62090422543005,7.67893893468694,4.62058376398362,430.556775083835,411.993764792259,1990.1856235882,2008.74863387978,118200000
13,2,22.0165622041446,7.6952823221926,4.62090422543005,7.68402375249997,4.61871262668064,434.010326996403,411.993764792259,1990.1856235882,2012.20218579235,118200000
14,5,2.34602157176028,7.68819106395161,4.57839994075245,7.68513803796662,4.62131112959456,430.96978503967,428.62376346791,2006.81562226386,2009.16164383562,118200000
14,4,1.93301161592535,7.68819106395161,4.57839994075245,7.68367595095781,4.61756559725118,430.556775083835,428.62376346791,2006.81562226386,2008.74863387978,118200000
15,6,50.376182751347,7.39317319621339,5.76746862590322,7.845422,5.182916,437.843660329737,387.46747757839,1965.65933637434,2016.03551912568,118200000
15,7,53.3844992421023,7.39317319621339,5.76746862590322,7.525829,5.762072,440.851976820492,387.46747757839,1965.65933637434,2019.04383561644,118200000
