node1,node2,length,startLat,startLon,endLat,endLon,endNodeL,startNodeL,startYear,endYear,treeID
9,10,37.1881047943408,8.66204786845379,5.45569017210526,7.89907449316581,5.28867291543716,37.1881047943408,0,1946.71313356162,1983.90123835596,192700000
9,8,22.2868664383775,8.66204786845379,5.45569017210526,10.686987,13.272643,22.2868664383775,0,1946.71313356162,1969,192700000
10,11,16.2763116281115,7.89907449316581,5.28867291543716,7.66270585098312,4.58579789234373,53.4644164224523,37.1881047943408,1983.90123835596,2000.17754998407,192700000
10,15,23.172620099118,7.89907449316581,5.28867291543716,7.90782796410815,5.16258736325586,60.3607248934588,37.1881047943408,1983.90123835596,2007.07385845508,192700000
11,12,5.77819238207957,7.66270585098312,4.58579789234373,7.72653198428052,4.53564191717152,59.2426088045318,53.4644164224523,2000.17754998407,2005.95574236615,192700000
11,14,8.22515319907094,7.66270585098312,4.58579789234373,7.68284190771474,4.63302020410205,61.6895696215232,53.4644164224523,2000.17754998407,2008.40270318315,192700000
12,1,3.205901469462,7.72653198428052,4.53564191717152,7.68723475598097,4.61590108295289,62.4485102739938,59.2426088045318,2005.95574236615,2009.16164383562,192700000
12,13,1.73746906496714,7.72653198428052,4.53564191717152,7.67507605149675,4.56925768239838,60.980077869499,59.2426088045318,2005.95574236615,2007.69321143112,192700000
13,2,1.05542244865994,7.67507605149675,4.56925768239838,7.67893893468694,4.62058376398362,62.0355003181589,60.980077869499,2007.69321143112,2008.74863387978,192700000
13,3,4.50897436122834,7.67507605149675,4.56925768239838,7.68402375249997,4.61871262668064,65.4890522307273,60.980077869499,2007.69321143112,2012.20218579235,192700000
14,5,0.758940652470624,7.68284190771474,4.63302020410205,7.68513803796662,4.62131112959456,62.4485102739938,61.6895696215232,2008.40270318315,2009.16164383562,192700000
14,4,0.345930696635701,7.68284190771474,4.63302020410205,7.68367595095781,4.61756559725118,62.0355003181589,61.6895696215232,2008.40270318315,2008.74863387978,192700000
15,6,8.9616606706018,7.90782796410815,5.16258736325586,7.845422,5.182916,69.3223855640606,60.3607248934588,2007.07385845508,2016.03551912568,192700000
15,7,11.9699771613571,7.90782796410815,5.16258736325586,7.525829,5.762072,72.3307020548159,60.3607248934588,2007.07385845508,2019.04383561644,192700000
