node1,node2,length,startLat,startLon,endLat,endLon,endNodeL,startNodeL,startYear,endYear,treeID
9,10,44.2984339530103,7.94459305489703,5.4424298344342,7.93439896933888,5.62478691976643,44.2984339530103,0,1939.86814764351,1984.16658159652,167000000
9,8,29.1318523564926,7.94459305489703,5.4424298344342,10.686987,13.272643,29.1318523564926,0,1939.86814764351,1969,167000000
10,11,14.3146370795386,7.93439896933888,5.62478691976643,7.67443798657594,4.74163593491106,58.6130710325488,44.2984339530103,1984.16658159652,1998.48121867606,167000000
10,15,29.2710219038713,7.93439896933888,5.62478691976643,7.896580329872,5.46899745503324,73.5694558568816,44.2984339530103,1984.16658159652,2013.43760350039,167000000
11,12,4.86871918201781,7.67443798657594,4.74163593491106,7.67274167147744,4.60356655201177,63.4817902145667,58.6130710325488,1998.48121867606,2003.34993785807,167000000
11,14,9.79966066230722,7.67443798657594,4.74163593491106,7.70249306177981,4.54301204302611,68.4127316948561,58.6130710325488,1998.48121867606,2008.28087933836,167000000
12,1,5.8117059775423,7.67274167147744,4.60356655201177,7.68723475598097,4.61590108295289,69.2934961921089,63.4817902145667,2003.34993785807,2009.16164383562,167000000
12,13,2.80580822491905,7.67274167147744,4.60356655201177,7.52079428260707,4.58027027491257,66.2875984394857,63.4817902145667,2003.34993785807,2006.15574608299,167000000
13,2,6.04643970935672,7.52079428260707,4.58027027491257,7.68402375249997,4.61871262668064,72.3340381488424,66.2875984394857,2006.15574608299,2012.20218579235,167000000
13,3,2.59288779678832,7.52079428260707,4.58027027491257,7.67893893468694,4.62058376398362,68.880486236274,66.2875984394857,2006.15574608299,2008.74863387978,167000000
14,5,0.88076449725288,7.70249306177981,4.54301204302611,7.68513803796662,4.62131112959456,69.2934961921089,68.4127316948561,2008.28087933836,2009.16164383562,167000000
14,4,0.467754541417957,7.70249306177981,4.54301204302611,7.68367595095781,4.61756559725118,68.880486236274,68.4127316948561,2008.28087933836,2008.74863387978,167000000
15,6,2.5979156252941,7.896580329872,5.46899745503324,7.845422,5.182916,76.1673714821757,73.5694558568816,2013.43760350039,2016.03551912568,167000000
15,7,5.6062321160494,7.896580329872,5.46899745503324,7.525829,5.762072,79.175687972931,73.5694558568816,2013.43760350039,2019.04383561644,167000000
