node1,node2,length,startLat,startLon,endLat,endLon,endNodeL,startNodeL,startYear,endYear,treeID
9,10,70.7546191475345,10.886213639659,13.0770712499695,7.77329753397998,4.55422371588806,70.7546191475345,0,1915.18425834586,1985.93887749339,103900000
9,8,53.8157416541416,10.886213639659,13.0770712499695,10.686987,13.272643,53.8157416541416,0,1915.18425834586,1969,103900000
10,11,12.0764081247831,7.77329753397998,4.55422371588806,7.75664916069416,4.66321339174871,82.8310272723176,70.7546191475345,1985.93887749339,1998.01528561818,103900000
10,15,27.2524452169439,7.77329753397998,4.55422371588806,7.84467151439028,4.69578681015644,98.0070643644785,70.7546191475345,1985.93887749339,2013.19132271034,103900000
11,12,5.51566706812436,7.75664916069416,4.66321339174871,7.70400413916586,4.66522271570033,88.3466943404419,82.8310272723176,1998.01528561818,2003.5309526863,103900000
11,14,10.5259278320222,7.75664916069416,4.66321339174871,7.69017957587833,4.62940817919391,93.3569551043398,82.8310272723176,1998.01528561818,2008.5412134502,103900000
12,3,5.63069114931603,7.70400413916586,4.66522271570033,7.68723475598097,4.61590108295289,93.977385489758,88.3466943404419,2003.5309526863,2009.16164383562,103900000
12,13,4.39632566727792,7.70400413916586,4.66522271570033,7.66615879865043,4.67248252306072,92.7430200077198,88.3466943404419,2003.5309526863,2007.92727835358,103900000
13,1,4.27490743877159,7.66615879865043,4.67248252306072,7.68402375249997,4.61871262668064,97.0179274464915,92.7430200077198,2007.92727835358,2012.20218579235,103900000
13,2,0.821355526203192,7.66615879865043,4.67248252306072,7.67893893468694,4.62058376398362,93.5643755339231,92.7430200077198,2007.92727835358,2008.74863387978,103900000
14,5,0.620430385418212,7.69017957587833,4.62940817919391,7.68513803796662,4.62131112959456,93.977385489758,93.3569551043398,2008.5412134502,2009.16164383562,103900000
14,4,0.207420429583289,7.69017957587833,4.62940817919391,7.68367595095781,4.61756559725118,93.5643755339231,93.3569551043398,2008.5412134502,2008.74863387978,103900000
15,6,2.84419641534624,7.84467151439028,4.69578681015644,7.845422,5.182916,100.851260779825,98.0070643644785,2013.19132271034,2016.03551912568,103900000
15,7,5.85251290610155,7.84467151439028,4.69578681015644,7.525829,5.762072,103.85957727058,98.0070643644785,2013.19132271034,2019.04383561644,103900000
