node1,node2,length,startLat,startLon,endLat,endLon,endNodeL,startNodeL,startYear,endYear,treeID
9,10,19.0407549313625,7.71949996799241,4.97649964197567,7.82121017213488,4.92295604771556,19.0407549313625,0,1968.36585826627,1987.40661319763,101600000
9,8,0.634141733734019,7.71949996799241,4.97649964197567,10.686987,13.272643,0.634141733734019,0,1968.36585826627,1969,101600000
10,11,11.5134849067544,7.82121017213488,4.92295604771556,7.71917264522836,4.56495589441682,30.5542398381169,19.0407549313625,1987.40661319763,1998.92009810438,101600000
10,15,26.5330719007558,7.82121017213488,4.92295604771556,7.85357360252239,4.96528660460651,45.5738268321183,19.0407549313625,1987.40661319763,2013.93968509838,101600000
11,12,7.84249889442728,7.71917264522836,4.56495589441682,7.66128744611257,4.52567207314043,38.3967387325442,30.5542398381169,1998.92009810438,2006.76259699881,101600000
11,14,9.63849294218956,7.71917264522836,4.56495589441682,7.68288502935374,4.62271489998147,40.1927327803065,30.5542398381169,1998.92009810438,2008.55859104657,101600000
12,1,2.39904683680617,7.66128744611257,4.52567207314043,7.68723475598097,4.61590108295289,40.7957855693504,38.3967387325442,2006.76259699881,2009.16164383562,101600000
12,13,1.13869443965735,7.66128744611257,4.52567207314043,7.67525397640263,4.63131559725913,39.5354331722016,38.3967387325442,2006.76259699881,2007.90129143847,101600000
13,2,4.3008943538823,7.67525397640263,4.63131559725913,7.68402375249997,4.61871262668064,43.8363275260839,39.5354331722016,2007.90129143847,2012.20218579235,101600000
13,3,0.847342441313895,7.67525397640263,4.63131559725913,7.67893893468694,4.62058376398362,40.3827756135155,39.5354331722016,2007.90129143847,2008.74863387978,101600000
14,5,0.60305278904389,7.68288502935374,4.62271489998147,7.68513803796662,4.62131112959456,40.7957855693504,40.1927327803065,2008.55859104657,2009.16164383562,101600000
14,4,0.190042833208967,7.68288502935374,4.62271489998147,7.68367595095781,4.61756559725118,40.3827756135155,40.1927327803065,2008.55859104657,2008.74863387978,101600000
15,6,2.09583402729881,7.85357360252239,4.96528660460651,7.845422,5.182916,47.6696608594171,45.5738268321183,2013.93968509838,2016.03551912568,101600000
15,7,5.10415051805412,7.85357360252239,4.96528660460651,7.525829,5.762072,50.6779773501724,45.5738268321183,2013.93968509838,2019.04383561644,101600000
