node1,node2,length,startLat,startLon,endLat,endLon,endNodeL,startNodeL,startYear,endYear,treeID
9,1,12.3827246319604,10.7837236280266,13.2299446519223,10.686987,13.272643,12.3827246319604,0,1956.61727536804,1969,147900000
9,10,30.7296323565043,10.7837236280266,13.2299446519223,7.71686059837923,5.19535416770137,30.7296323565043,0,1956.61727536804,1987.34690772454,147900000
10,11,24.07698095928,7.71686059837923,5.19535416770137,7.43700346648291,5.72998917479651,54.8066133157843,30.7296323565043,1987.34690772454,2011.42388868382,147900000
10,12,10.1208489063331,7.71686059837923,5.19535416770137,7.67965812210323,4.74077318747549,40.8504812628374,30.7296323565043,1987.34690772454,1997.46775663088,147900000
11,2,4.61163044185922,7.43700346648291,5.72998917479651,7.845422,5.182916,59.4182437576435,54.8066133157843,2011.42388868382,2016.03551912568,147900000
11,3,7.61994693261453,7.43700346648291,5.72998917479651,7.525829,5.762072,62.4265602483988,54.8066133157843,2011.42388868382,2019.04383561644,147900000
12,13,6.4299105105574,7.67965812210323,4.74077318747549,7.62563088370453,4.67244974335988,47.2803917733948,40.8504812628374,1997.46775663088,2003.89766714143,147900000
12,15,10.7682036709526,7.67965812210323,4.74077318747549,7.67050308531009,4.66590767627789,51.61868493379,40.8504812628374,1997.46775663088,2008.23596030183,147900000
13,4,5.26397669418202,7.62563088370453,4.67244974335988,7.68723475598097,4.61590108295289,52.5443684675768,47.2803917733948,2003.89766714143,2009.16164383562,147900000
13,14,2.71980434603616,7.62563088370453,4.67244974335988,7.67886622350777,4.61281097684964,50.0001961194309,47.2803917733948,2003.89766714143,2006.61747148747,147900000
14,6,2.13116239231094,7.67886622350777,4.61281097684964,7.67893893468694,4.62058376398362,52.1313585117419,50.0001961194309,2006.61747148747,2008.74863387978,147900000
14,5,5.58471430487934,7.67886622350777,4.61281097684964,7.68402375249997,4.61871262668064,55.5849104243103,50.0001961194309,2006.61747148747,2012.20218579235,147900000
15,7,0.512673577951864,7.67050308531009,4.66590767627789,7.68367595095781,4.61756559725118,52.1313585117419,51.61868493379,2008.23596030183,2008.74863387978,147900000
15,8,0.925683533786787,7.67050308531009,4.66590767627789,7.68513803796662,4.62131112959456,52.5443684675768,51.61868493379,2008.23596030183,2009.16164383562,147900000
