node1,node2,length,startLat,startLon,endLat,endLon,endNodeL,startNodeL,startYear,endYear,treeID
5,4,11.7143805555881,8.28991249557251,5.68452243704298,10.686987,13.272643,11.7143805555881,0,1954.27730295366,1965.99168350924,64400000
5,6,34.9815887052407,8.28991249557251,5.68452243704298,8.80671097300512,6.5432655112145,34.9815887052407,0,1954.27730295366,1989.2588916589,64400000
6,3,19.9349776426972,8.80671097300512,6.5432655112145,7.6833,4.6167,54.9165663479379,34.9815887052407,1989.2588916589,2009.19386930159,64400000
6,7,20.2518594037851,8.80671097300512,6.5432655112145,7.95309936928171,5.13028366296205,55.2334481090257,34.9815887052407,1989.2588916589,2009.51075106268,64400000
7,1,6.52476806300075,7.95309936928171,5.13028366296205,7.525829,5.762072,61.7582161720265,55.2334481090257,2009.51075106268,2016.03551912568,64400000
7,2,3.51645157224545,7.95309936928171,5.13028366296205,7.845422,5.182916,58.7498996812712,55.2334481090257,2009.51075106268,2013.02720263493,64400000
