node1,node2,length,startLat,startLon,endLat,endLon,endNodeL,startNodeL,startYear,endYear,treeID
5,4,13.2341046952417,10.8421966882406,13.5669499752372,10.686987,13.272643,13.2341046952417,0,1952.757578814,1965.99168350924,139000000
5,6,39.2870199087938,10.8421966882406,13.5669499752372,7.63774260151745,4.81190585620258,39.2870199087938,0,1952.757578814,1992.0445987228,139000000
6,3,17.1492705787978,7.63774260151745,4.81190585620258,7.6833,4.6167,56.4362904875916,39.2870199087938,1992.0445987228,2009.19386930159,139000000
6,7,15.8010405123041,7.63774260151745,4.81190585620258,7.12464514259376,5.08952400247645,55.088060421098,39.2870199087938,1992.0445987228,2007.8456392351,139000000
7,1,8.18987989058218,7.12464514259376,5.08952400247645,7.525829,5.762072,63.2779403116801,55.088060421098,2007.8456392351,2016.03551912568,139000000
7,2,5.18156339982688,7.12464514259376,5.08952400247645,7.845422,5.182916,60.2696238209248,55.088060421098,2007.8456392351,2013.02720263493,139000000
