node1,node2,length,startLat,startLon,endLat,endLon,endNodeL,startNodeL,startYear,endYear,treeID
5,1,2.00758840661246,10.6269163508623,13.6517758942405,10.686987,13.272643,2.00758840661246,0,1963.98409510263,1965.99168350924,70200000
5,6,31.4157336140515,10.6269163508623,13.6517758942405,8.05540819165943,4.80334944004737,31.4157336140515,0,1963.98409510263,1995.39982871668,70200000
6,4,13.7940405849108,8.05540819165943,4.80334944004737,7.6833,4.6167,45.2097741989623,31.4157336140515,1995.39982871668,2009.19386930159,70200000
6,7,14.8761400115999,8.05540819165943,4.80334944004737,7.79731377891264,5.32097252355067,46.2918736256514,31.4157336140515,1995.39982871668,2010.27596872828,70200000
7,2,5.75955039739944,7.79731377891264,5.32097252355067,7.525829,5.762072,52.0514240230509,46.2918736256514,2010.27596872828,2016.03551912568,70200000
7,3,2.75123390664414,7.79731377891264,5.32097252355067,7.845422,5.182916,49.0431075322956,46.2918736256514,2010.27596872828,2013.02720263493,70200000
