node1,node2,length,startLat,startLon,endLat,endLon,endNodeL,startNodeL,startYear,endYear,treeID
5,1,3.44990789612879,10.4974849323129,12.9662804184324,10.686987,13.272643,3.44990789612879,0,1962.54177561312,1965.99168350924,58300000
5,6,43.8883875574779,10.4974849323129,12.9662804184324,8.15495801982225,5.55715318084629,43.8883875574779,0,1962.54177561312,2006.43016317059,58300000
6,2,2.76370613100075,8.15495801982225,5.55715318084629,7.6833,4.6167,46.6520936884786,43.8883875574779,2006.43016317059,2009.19386930159,58300000
6,7,5.38193213859632,8.15495801982225,5.55715318084629,8.07885494646531,5.8741611102272,49.2703196960742,43.8883875574779,2006.43016317059,2011.81209530919,58300000
7,3,1.21510732573769,8.07885494646531,5.8741611102272,7.845422,5.182916,50.4854270218119,49.2703196960742,2011.81209530919,2013.02720263493,58300000
7,4,4.22342381649299,8.07885494646531,5.8741611102272,7.525829,5.762072,53.4937435125672,49.2703196960742,2011.81209530919,2016.03551912568,58300000
