node1,node2,length,startLat,startLon,endLat,endLon,endNodeL,startNodeL,startYear,endYear,treeID
5,1,24.8981499623366,8.11172629841399,4.03141109476715,10.686987,13.272643,24.8981499623366,0,1941.09353354691,1965.99168350924,70000000
5,6,48.2588434546724,8.11172629841399,4.03141109476715,7.87458078996891,4.40838091404131,48.2588434546724,0,1941.09353354691,1989.35237700158,70000000
6,4,19.8414923000141,7.87458078996891,4.40838091404131,7.6833,4.6167,68.1003357546865,48.2588434546724,1989.35237700158,2009.19386930159,70000000
6,7,19.9121718596253,7.87458078996891,4.40838091404131,7.90685645353272,4.50124024978408,68.1710153142977,48.2588434546724,1989.35237700158,2009.26454886121,70000000
7,2,6.77097026447734,7.90685645353272,4.50124024978408,7.525829,5.762072,74.941985578775,68.1710153142977,2009.26454886121,2016.03551912568,70000000
7,3,3.76265377372203,7.90685645353272,4.50124024978408,7.845422,5.182916,71.9336690880197,68.1710153142977,2009.26454886121,2013.02720263493,70000000
