node1,node2,length,startLat,startLon,endLat,endLon,endNodeL,startNodeL,startYear,endYear,treeID
5,1,62.9599955820846,10.8382770703838,12.1540992053257,10.686987,13.272643,62.9599955820846,0,1903.03168792716,1965.99168350924,102500000
5,6,64.4279704583793,10.8382770703838,12.1540992053257,7.40665680012311,4.86416055701485,64.4279704583793,0,1903.03168792716,1967.45965838554,102500000
6,4,41.7342109160551,7.40665680012311,4.86416055701485,7.6833,4.6167,106.162181374434,64.4279704583793,1967.45965838554,2009.19386930159,102500000
6,7,37.8175225517094,7.40665680012311,4.86416055701485,7.65928841799759,5.53741874448376,102.245493010089,64.4279704583793,1967.45965838554,2005.27718093725,102500000
7,2,10.7583381884343,7.65928841799759,5.53741874448376,7.525829,5.762072,113.003831198523,102.245493010089,2005.27718093725,2016.03551912568,102500000
7,3,7.750021697679,7.65928841799759,5.53741874448376,7.845422,5.182916,109.995514707768,102.245493010089,2005.27718093725,2013.02720263493,102500000
