node1,node2,length,startLat,startLon,endLat,endLon,endNodeL,startNodeL,startYear,endYear,treeID
5,4,0.000573512875732263,10.6847348402361,13.273744539785,10.686987,13.272643,0.000573512875732263,0,1965.99110999637,1965.99168350924,111200000
5,6,33.8130019977213,10.6847348402361,13.273744539785,7.74729938661075,4.49479935782932,33.8130019977213,0,1965.99110999637,1999.80411199409,111200000
6,3,9.38975730750425,7.74729938661075,4.49479935782932,7.6833,4.6167,43.2027593052256,33.8130019977213,1999.80411199409,2009.19386930159,111200000
6,7,10.6107032287059,7.74729938661075,4.49479935782932,7.67570261658652,5.1856145309001,44.4237052264272,33.8130019977213,1999.80411199409,2010.4148152228,111200000
7,1,5.62070390288691,7.67570261658652,5.1856145309001,7.525829,5.762072,50.0444091293141,44.4237052264272,2010.4148152228,2016.03551912568,111200000
7,2,2.6123874121316,7.67570261658652,5.1856145309001,7.845422,5.182916,47.0360926385588,44.4237052264272,2010.4148152228,2013.02720263493,111200000
