node1,node2,length,startLat,startLon,endLat,endLon,endNodeL,startNodeL,startYear,endYear,treeID
5,1,0.634750122454584,10.5549340425071,13.3860987940124,10.686987,13.272643,0.634750122454584,0,1965.35693338679,1965.99168350924,53300000
5,6,40.9247134353121,10.5549340425071,13.3860987940124,8.04427629565958,5.82483237224031,40.9247134353121,0,1965.35693338679,2006.2816468221,53300000
6,2,2.91222247949233,8.04427629565958,5.82483237224031,7.6833,4.6167,43.8369359148044,40.9247134353121,2006.2816468221,2009.19386930159,53300000
6,7,3.4431715468294,8.04427629565958,5.82483237224031,7.68625199935696,5.20922696724843,44.3678849821415,40.9247134353121,2006.2816468221,2009.72481836893,53300000
7,3,3.30238426599619,7.68625199935696,5.20922696724843,7.845422,5.182916,47.6702692481377,44.3678849821415,2009.72481836893,2013.02720263493,53300000
7,4,6.3107007567515,7.68625199935696,5.20922696724843,7.525829,5.762072,50.678585738893,44.3678849821415,2009.72481836893,2016.03551912568,53300000
