node1,node2,length,startLat,startLon,endLat,endLon,endNodeL,startNodeL,startYear,endYear,treeID
5,4,0.779711663628056,10.5840769240062,13.3009140878309,10.686987,13.272643,0.779711663628056,0,1965.21197184562,1965.99168350924,75600000
5,6,33.0953501849159,10.5840769240062,13.3009140878309,7.74775972834591,4.74075508290877,33.0953501849159,0,1965.21197184562,1998.30732203053,75600000
6,3,10.886547271062,7.74775972834591,4.74075508290877,7.6833,4.6167,43.9818974559779,33.0953501849159,1998.30732203053,2009.19386930159,75600000
6,7,12.5958186783903,7.74775972834591,4.74075508290877,7.61393621520094,5.03168898551589,45.6911688633062,33.0953501849159,1998.30732203053,2010.90314070892,75600000
7,1,5.13237841676029,7.61393621520094,5.03168898551589,7.525829,5.762072,50.8235472800665,45.6911688633062,2010.90314070892,2016.03551912568,75600000
7,2,2.12406192600498,7.61393621520094,5.03168898551589,7.845422,5.182916,47.8152307893112,45.6911688633062,2010.90314070892,2013.02720263493,75600000
