node1,node2,length,startLat,startLon,endLat,endLon,endNodeL,startNodeL,startYear,endYear,treeID
5,4,7.83017258396889,10.7107143187399,13.4599369811801,10.686987,13.272643,7.83017258396889,0,1958.16151092528,1965.99168350924,123700000
5,6,36.3424603510972,10.7107143187399,13.4599369811801,7.59552977771409,4.74717126585223,36.3424603510972,0,1958.16151092528,1994.50397127637,123700000
6,3,14.6898980252215,7.59552977771409,4.74717126585223,7.6833,4.6167,51.0323583763187,36.3424603510972,1994.50397127637,2009.19386930159,123700000
6,7,16.5356068503687,7.59552977771409,4.74717126585223,7.77338010877335,5.35569800374816,52.8780672014659,36.3424603510972,1994.50397127637,2011.03957812674,123700000
7,1,4.99594099894139,7.77338010877335,5.35569800374816,7.525829,5.762072,57.8740082004073,52.8780672014659,2011.03957812674,2016.03551912568,123700000
7,2,1.98762450818609,7.77338010877335,5.35569800374816,7.845422,5.182916,54.865691709652,52.8780672014659,2011.03957812674,2013.02720263493,123700000
