node1,node2,length,startLat,startLon,endLat,endLon,endNodeL,startNodeL,startYear,endYear,treeID
5,4,180.186962493017,8.13539544631949,5.13518510103279,10.686987,13.272643,180.186962493017,0,1785.80472101623,1965.99168350924,82300000
5,6,136.764626743977,8.13539544631949,5.13518510103279,8.05004770444174,4.44657335252415,136.764626743977,0,1785.80472101623,1922.5693477602,82300000
6,3,86.6245215413895,8.05004770444174,4.44657335252415,7.6833,4.6167,223.389148285367,136.764626743977,1922.5693477602,2009.19386930159,82300000
6,7,78.7149477078728,8.05004770444174,4.44657335252415,8.0259522375457,5.59330776539513,215.47957445185,136.764626743977,1922.5693477602,2001.28429546808,82300000
7,1,14.7512236576052,8.0259522375457,5.59330776539513,7.525829,5.762072,230.230798109456,215.47957445185,2001.28429546808,2016.03551912568,82300000
7,2,11.7429071668499,8.0259522375457,5.59330776539513,7.845422,5.182916,227.2224816187,215.47957445185,2001.28429546808,2013.02720263493,82300000
