node1,node2,length,startLat,startLon,endLat,endLon,endNodeL,startNodeL,startYear,endYear,treeID
5,4,0.000000381662786708148,10.6870074528964,13.272651566093,10.686987,13.272643,0.000000381662786708148,0,1965.99168312758,1965.99168350924,136100000
5,6,37.9226152161187,10.6870074528964,13.272651566093,7.75706958543824,5.36755768791306,37.9226152161187,0,1965.99168312758,2003.9142983437,136100000
6,3,5.27957095789392,7.75706958543824,5.36755768791306,7.6833,4.6167,43.2021861740126,37.9226152161187,2003.9142983437,2009.19386930159,136100000
6,7,5.59380387805372,7.75706958543824,5.36755768791306,7.70394154599615,4.69107479390673,43.5164190941724,37.9226152161187,2003.9142983437,2009.50810222175,136100000
7,1,6.52741690392877,7.70394154599615,4.69107479390673,7.525829,5.762072,50.0438359981012,43.5164190941724,2009.50810222175,2016.03551912568,136100000
7,2,3.51910041317346,7.70394154599615,4.69107479390673,7.845422,5.182916,47.0355195073459,43.5164190941724,2009.50810222175,2013.02720263493,136100000
