node1,node2,length,startLat,startLon,endLat,endLon,endNodeL,startNodeL,startYear,endYear,treeID
5,1,3.81194095062379,10.2732978825484,13.1270217590691,10.686987,13.272643,3.81194095062379,0,1962.17974255862,1965.99168350924,53500000
5,6,43.0167042341753,10.2732978825484,13.1270217590691,7.73210910368385,4.29957364664886,43.0167042341753,0,1962.17974255862,2005.1964467928,53500000
6,2,3.99742250879838,7.73210910368385,4.29957364664886,7.6833,4.6167,47.0141267429736,43.0167042341753,2005.1964467928,2009.19386930159,53500000
6,7,4.1248861529692,7.73210910368385,4.29957364664886,7.82464178432766,4.29963652993393,47.1415903871445,43.0167042341753,2005.1964467928,2009.32133294577,53500000
7,3,3.70586968916243,7.82464178432766,4.29963652993393,7.845422,5.182916,50.8474600763069,47.1415903871445,2009.32133294577,2013.02720263493,53500000
7,4,6.71418617991773,7.82464178432766,4.29963652993393,7.525829,5.762072,53.8557765670622,47.1415903871445,2009.32133294577,2016.03551912568,53500000
