node1,node2,length,startLat,startLon,endLat,endLon,endNodeL,startNodeL,startYear,endYear,treeID
5,4,2.63863557756034,10.8954783717859,13.2644554138824,10.686987,13.272643,2.63863557756034,0,1963.35304793168,1965.99168350924,128200000
5,6,34.4013903622487,10.8954783717859,13.2644554138824,7.88315215436862,4.88009708408032,34.4013903622487,0,1963.35304793168,1997.75443829393,128200000
6,3,11.4394310076615,7.88315215436862,4.88009708408032,7.6833,4.6167,45.8408213699102,34.4013903622487,1997.75443829393,2009.19386930159,128200000
6,7,11.8460592550226,7.88315215436862,4.88009708408032,7.74090495556553,5.20211882232223,46.2474496172713,34.4013903622487,1997.75443829393,2009.60049754896,128200000
7,1,6.43502157672741,7.74090495556553,5.20211882232223,7.525829,5.762072,52.6824711939988,46.2474496172713,2009.60049754896,2016.03551912568,128200000
7,2,3.42670508597211,7.74090495556553,5.20211882232223,7.845422,5.182916,49.6741547032434,46.2474496172713,2009.60049754896,2013.02720263493,128200000
