node1,node2,length,startLat,startLon,endLat,endLon,endNodeL,startNodeL,startYear,endYear,treeID
5,1,27.0829577293965,9.16450699199851,8.55429386999169,10.686987,13.272643,27.0829577293965,0,1938.90872577985,1965.99168350924,102600000
5,6,44.3981369640111,9.16450699199851,8.55429386999169,7.94033996903774,5.87508880619773,44.3981369640111,0,1938.90872577985,1983.30686274386,102600000
6,4,25.8870065577352,7.94033996903774,5.87508880619773,7.6833,4.6167,70.2851435217463,44.3981369640111,1983.30686274386,2009.19386930159,102600000
6,7,24.5751917017745,7.94033996903774,5.87508880619773,7.67098844789541,5.33940713471317,68.9733286657856,44.3981369640111,1983.30686274386,2007.88205444563,102600000
7,2,8.15346468004927,7.67098844789541,5.33940713471317,7.525829,5.762072,77.1267933458349,68.9733286657856,2007.88205444563,2016.03551912568,102600000
7,3,5.14514818929396,7.67098844789541,5.33940713471317,7.845422,5.182916,74.1184768550796,68.9733286657856,2007.88205444563,2013.02720263493,102600000
