node1,node2,length,startLat,startLon,endLat,endLon,endNodeL,startNodeL,startYear,endYear,treeID
5,4,116.341884727365,8.01108387537268,5.16770738550182,10.686987,13.272643,116.341884727365,0,1849.64979878188,1965.99168350924,126800000
5,6,88.2360592301342,8.01108387537268,5.16770738550182,7.80627673076919,5.29036675786736,88.2360592301342,0,1849.64979878188,1937.88585801201,126800000
6,3,71.3080112895806,7.80627673076919,5.29036675786736,7.6833,4.6167,159.544070519715,88.2360592301342,1937.88585801201,2009.19386930159,126800000
6,7,61.7529399746369,7.80627673076919,5.29036675786736,7.72932995618147,5.84943480346079,149.988999204771,88.2360592301342,1937.88585801201,1999.63879798665,126800000
7,1,16.3967211390323,7.72932995618147,5.84943480346079,7.525829,5.762072,166.385720343803,149.988999204771,1999.63879798665,2016.03551912568,126800000
7,2,13.388404648277,7.72932995618147,5.84943480346079,7.845422,5.182916,163.377403853048,149.988999204771,1999.63879798665,2013.02720263493,126800000
