node1,node2,length,startLat,startLon,endLat,endLon,endNodeL,startNodeL,startYear,endYear,treeID
5,1,9.97017304722156,12.3099186201067,1.49087577074936,10.686987,13.272643,9.97017304722156,0,1956.02151046202,1965.99168350924,108100000
5,6,49.4964160736814,12.3099186201067,1.49087577074936,7.75898835649256,5.26702565869765,49.4964160736814,0,1956.02151046202,2005.5179265357,108100000
6,4,3.67594276588995,7.75898835649256,5.26702565869765,7.6833,4.6167,53.1723588395714,49.4964160736814,2005.5179265357,2009.19386930159,108100000
6,7,3.75663129866291,7.75898835649256,5.26702565869765,7.7340923557535,5.4994583919282,53.2530473723444,49.4964160736814,2005.5179265357,2009.27455783437,108100000
7,2,6.76096129131561,7.7340923557535,5.4994583919282,7.525829,5.762072,60.01400866366,53.2530473723444,2009.27455783437,2016.03551912568,108100000
7,3,3.7526448005603,7.7340923557535,5.4994583919282,7.845422,5.182916,57.0056921729047,53.2530473723444,2009.27455783437,2013.02720263493,108100000
