node1,node2,length,startLat,startLon,endLat,endLon,endNodeL,startNodeL,startYear,endYear,treeID
5,4,14.1428617178675,7.19690959895278,5.76248881568072,10.686987,13.272643,14.1428617178675,0,1951.84882179138,1965.99168350924,141700000
5,6,39.9776300228389,7.19690959895278,5.76248881568072,7.5477416863174,5.20271658588422,39.9776300228389,0,1951.84882179138,1991.82645181422,141700000
6,3,17.3674174873784,7.5477416863174,5.20271658588422,7.6833,4.6167,57.3450475102174,39.9776300228389,1991.82645181422,2009.19386930159,141700000
6,7,18.435754069453,7.5477416863174,5.20271658588422,7.70631114365803,5.28107500555087,58.4133840922919,39.9776300228389,1991.82645181422,2010.26220588367,141700000
7,1,5.77331324201398,7.70631114365803,5.28107500555087,7.525829,5.762072,64.1866973343059,58.4133840922919,2010.26220588367,2016.03551912568,141700000
7,2,2.76499675125868,7.70631114365803,5.28107500555087,7.845422,5.182916,61.1783808435506,58.4133840922919,2010.26220588367,2013.02720263493,141700000
