node1,node2,length,startLat,startLon,endLat,endLon,endNodeL,startNodeL,startYear,endYear,treeID
5,1,37.8121671294693,7.74101626892388,4.71745826432725,10.686987,13.272643,37.8121671294693,0,1928.17951637978,1965.99168350924,101600000
5,6,39.7527113412172,7.74101626892388,4.71745826432725,7.93959473582571,4.81934353423467,39.7527113412172,0,1928.17951637978,1967.93222772099,101600000
6,4,41.2616415806019,7.93959473582571,4.81934353423467,7.6833,4.6167,81.0143529218191,39.7527113412172,1967.93222772099,2009.19386930159,101600000
6,7,37.6048571734453,7.93959473582571,4.81934353423467,7.78641377999198,4.97565726870863,77.3575685146626,39.7527113412172,1967.93222772099,2005.53708489444,101600000
7,2,10.4984342312451,7.78641377999198,4.97565726870863,7.525829,5.762072,87.8560027459077,77.3575685146626,2005.53708489444,2016.03551912568,101600000
7,3,7.4901177404898,7.78641377999198,4.97565726870863,7.845422,5.182916,84.8476862551524,77.3575685146626,2005.53708489444,2013.02720263493,101600000
