node1,node2,length,startLat,startLon,endLat,endLon,endNodeL,startNodeL,startYear,endYear,treeID
5,4,64.0844054003368,7.32401183046411,3.37546774478622,10.686987,13.272643,64.0844054003368,0,1901.90727810891,1965.99168350924,123200000
5,6,76.3741383009637,7.32401183046411,3.37546774478622,7.56726711202216,4.52011427506021,76.3741383009637,0,1901.90727810891,1978.28141640987,123200000
6,3,30.912452891723,7.56726711202216,4.52011427506021,7.6833,4.6167,107.286591192687,76.3741383009637,1978.28141640987,2009.19386930159,123200000
6,7,14.2129689625854,7.56726711202216,4.52011427506021,7.79088397185545,5.06745857340827,90.5871072635491,76.3741383009637,1978.28141640987,1992.49438537246,123200000
7,1,23.5411337532261,7.79088397185545,5.06745857340827,7.525829,5.762072,114.128241016775,90.5871072635491,1992.49438537246,2016.03551912568,123200000
7,2,20.5328172624708,7.79088397185545,5.06745857340827,7.845422,5.182916,111.11992452602,90.5871072635491,1992.49438537246,2013.02720263493,123200000
