node1,node2,length,startLat,startLon,endLat,endLon,endNodeL,startNodeL,startYear,endYear,treeID
5,4,12.0075971918498,10.2427324460644,12.3529731143501,10.686987,13.272643,12.0075971918498,0,1953.98408631739,1965.99168350924,114300000
5,6,38.7694053409027,10.2427324460644,12.3529731143501,8.17450016059838,6.02311824189216,38.7694053409027,0,1953.98408631739,1992.7534916583,114300000
6,3,16.4403776432969,8.17450016059838,6.02311824189216,7.6833,4.6167,55.2097829841996,38.7694053409027,1992.7534916583,2009.19386930159,114300000
6,7,16.336278974866,8.17450016059838,6.02311824189216,7.2592770801382,4.68399988282898,55.1056843157687,38.7694053409027,1992.7534916583,2009.08977063316,114300000
7,1,6.94574849251949,7.2592770801382,4.68399988282898,7.525829,5.762072,62.0514328082882,55.1056843157687,2009.08977063316,2016.03551912568,114300000
7,2,3.93743200176419,7.2592770801382,4.68399988282898,7.845422,5.182916,59.0431163175329,55.1056843157687,2009.08977063316,2013.02720263493,114300000
