node1,node2,length,startLat,startLon,endLat,endLon,endNodeL,startNodeL,startYear,endYear,treeID
5,4,15.3240857440865,10.3642656052918,12.7667794301753,10.686987,13.272643,15.3240857440865,0,1950.66759776516,1965.99168350924,99400000
5,6,38.7749978418157,10.3642656052918,12.7667794301753,7.82606582618771,5.08549808130074,38.7749978418157,0,1950.66759776516,1989.44259560697,99400000
6,3,19.7512736946207,7.82606582618771,5.08549808130074,7.6833,4.6167,58.5262715364364,38.7749978418157,1989.44259560697,2009.19386930159,99400000
6,7,20.6162980063134,7.82606582618771,5.08549808130074,7.83967645207805,5.26490282415631,59.391295848129,38.7749978418157,1989.44259560697,2010.05889361329,99400000
7,1,5.97662551239591,7.83967645207805,5.26490282415631,7.525829,5.762072,65.3679213605249,59.391295848129,2010.05889361329,2016.03551912568,99400000
7,2,2.9683090216406,7.83967645207805,5.26490282415631,7.845422,5.182916,62.3596048697696,59.391295848129,2010.05889361329,2013.02720263493,99400000
