node1,node2,length,startLat,startLon,endLat,endLon,endNodeL,startNodeL,startYear,endYear,treeID
5,4,25.9340568584158,10.5045627171477,13.9027672033285,10.686987,13.272643,25.9340568584158,0,1940.05762665083,1965.99168350924,74400000
5,6,40.290595399319,10.5045627171477,13.9027672033285,7.58241955928844,4.43099545915563,40.290595399319,0,1940.05762665083,1980.34822205015,74400000
6,3,28.8456472514466,7.58241955928844,4.43099545915563,7.6833,4.6167,69.1362426507656,40.290595399319,1980.34822205015,2009.19386930159,74400000
6,7,27.1870509163264,7.58241955928844,4.43099545915563,7.77878748070891,5.34288384735158,67.4776463156454,40.290595399319,1980.34822205015,2007.53527296647,74400000
7,1,8.50024615920873,7.77878748070891,5.34288384735158,7.525829,5.762072,75.9778924748542,67.4776463156454,2007.53527296647,2016.03551912568,74400000
7,2,5.49192966845342,7.77878748070891,5.34288384735158,7.845422,5.182916,72.9695759840989,67.4776463156454,2007.53527296647,2013.02720263493,74400000
