node1,node2,length,startLat,startLon,endLat,endLon,endNodeL,startNodeL,startYear,endYear,treeID
5,4,4.42546170581321,10.60861979298,12.6234506908499,10.686987,13.272643,4.42546170581321,0,1961.56622180343,1965.99168350924,65500000
5,6,34.6956167116789,10.60861979298,12.6234506908499,7.64447851319954,5.6291009987483,34.6956167116789,0,1961.56622180343,1996.26183851511,65500000
6,3,12.9320307864841,7.64447851319954,5.6291009987483,7.6833,4.6167,47.627647498163,34.6956167116789,1996.26183851511,2009.19386930159,65500000
6,7,13.9368577991425,7.64447851319954,5.6291009987483,7.87682870898271,5.53211102576244,48.6324745108214,34.6956167116789,1996.26183851511,2010.19869631425,65500000
7,1,5.8368228114302,7.87682870898271,5.53211102576244,7.525829,5.762072,54.4692973222516,48.6324745108214,2010.19869631425,2016.03551912568,65500000
7,2,2.82850632067489,7.87682870898271,5.53211102576244,7.845422,5.182916,51.4609808314963,48.6324745108214,2010.19869631425,2013.02720263493,65500000
