node1,node2,length,startLat,startLon,endLat,endLon,endNodeL,startNodeL,startYear,endYear,treeID
5,4,0.598297795719091,10.0683919189263,13.1715009952724,10.686987,13.272643,0.598297795719091,0,1965.39338571353,1965.99168350924,146900000
5,6,40.960553202787,10.0683919189263,13.1715009952724,7.62738718477007,5.37280671380678,40.960553202787,0,1965.39338571353,2006.35393891631,146900000
6,1,2.83993038528195,7.62738718477007,5.37280671380678,7.6833,4.6167,43.8004835880689,40.960553202787,2006.35393891631,2009.19386930159,146900000
6,7,6.09673938114063,7.62738718477007,5.37280671380678,7.83226905495724,5.04864600139872,47.0572925839276,40.960553202787,2006.35393891631,2012.45067829745,146900000
7,2,3.58484082822989,7.83226905495724,5.04864600139872,7.525829,5.762072,50.6421334121575,47.0572925839276,2012.45067829745,2016.03551912568,146900000
7,3,0.576524337474584,7.83226905495724,5.04864600139872,7.845422,5.182916,47.6338169214022,47.0572925839276,2012.45067829745,2013.02720263493,146900000
