node1,node2,length,startLat,startLon,endLat,endLon,endNodeL,startNodeL,startYear,endYear,treeID
5,4,8.19198747056275,10.4951960226431,13.3183143078889,10.686987,13.272643,8.19198747056275,0,1957.79969603868,1965.99168350924,79200000
5,6,33.7223324746524,10.4951960226431,13.3183143078889,7.3656387061755,5.03897469098956,33.7223324746524,0,1957.79969603868,1991.52202851333,79200000
6,3,17.6718407882602,7.3656387061755,5.03897469098956,7.6833,4.6167,51.3941732629126,33.7223324746524,1991.52202851333,2009.19386930159,79200000
6,7,20.2693402891498,7.3656387061755,5.03897469098956,7.53300197394906,5.49328001262698,53.9916727638022,33.7223324746524,1991.52202851333,2011.79136880248,79200000
7,1,4.24415032319895,7.53300197394906,5.49328001262698,7.525829,5.762072,58.2358230870012,53.9916727638022,2011.79136880248,2016.03551912568,79200000
7,2,1.23583383244365,7.53300197394906,5.49328001262698,7.845422,5.182916,55.2275065962458,53.9916727638022,2011.79136880248,2013.02720263493,79200000
