node1,node2,length,startLat,startLon,endLat,endLon,endNodeL,startNodeL,startYear,endYear,treeID
5,1,2.18083501423161,10.9837336882386,12.797528348231,10.686987,13.272643,2.18083501423161,0,1963.81084849501,1965.99168350924,101200000
5,6,41.8715662856074,10.9837336882386,12.797528348231,7.51010713363767,4.96426656111147,41.8715662856074,0,1963.81084849501,2005.68241478062,101200000
6,4,3.51145452097405,7.51010713363767,4.96426656111147,7.6833,4.6167,45.3830208065815,41.8715662856074,2005.68241478062,2009.19386930159,101200000
6,7,5.75556438586588,7.51010713363767,4.96426656111147,7.58560000545848,5.32618943037438,47.6271306714733,41.8715662856074,2005.68241478062,2011.43797916649,101200000
7,2,4.59753995919673,7.58560000545848,5.32618943037438,7.525829,5.762072,52.22467063067,47.6271306714733,2011.43797916649,2016.03551912568,101200000
7,3,1.58922346844143,7.58560000545848,5.32618943037438,7.845422,5.182916,49.2163541399147,47.6271306714733,2011.43797916649,2013.02720263493,101200000
