node1,node2,length,startLat,startLon,endLat,endLon,endNodeL,startNodeL,startYear,endYear,treeID
5,1,2.04795078945399,10.4808224262809,12.1713569808086,10.686987,13.272643,2.04795078945399,0,1963.94373271979,1965.99168350924,51200000
5,6,36.6611534297192,10.4808224262809,12.1713569808086,7.9594751033493,6.26505912881688,36.6611534297192,0,1963.94373271979,2000.60488614951,51200000
6,2,8.5889831520846,7.9594751033493,6.26505912881688,7.6833,4.6167,45.2501365818038,36.6611534297192,2000.60488614951,2009.19386930159,51200000
6,7,10.1768824394424,7.9594751033493,6.26505912881688,7.6260926272298,5.95021044130038,46.8380358691616,36.6611534297192,2000.60488614951,2010.78176858895,51200000
7,3,2.24543404597546,7.6260926272298,5.95021044130038,7.845422,5.182916,49.0834699151371,46.8380358691616,2010.78176858895,2013.02720263493,51200000
7,4,5.25375053673076,7.6260926272298,5.95021044130038,7.525829,5.762072,52.0917864058924,46.8380358691616,2010.78176858895,2016.03551912568,51200000
