node1,node2,length,startLat,startLon,endLat,endLon,endNodeL,startNodeL,startYear,endYear,treeID
5,4,14.9742191382673,6.48377479821428,4.34951270370609,10.686987,13.272643,14.9742191382673,0,1951.01746437098,1965.99168350924,140600000
5,6,37.0041175327532,6.48377479821428,4.34951270370609,7.81224741264727,5.0855820887475,37.0041175327532,0,1951.01746437098,1988.02158190373,140600000
6,3,21.172287397864,7.81224741264727,5.0855820887475,7.6833,4.6167,58.1764049306172,37.0041175327532,1988.02158190373,2009.19386930159,140600000
6,7,20.7667788830713,7.81224741264727,5.0855820887475,7.76517148541711,5.25384149038628,57.7708964158245,37.0041175327532,1988.02158190373,2008.7883607868,140600000
7,1,7.24715833888124,7.76517148541711,5.25384149038628,7.525829,5.762072,65.0180547547057,57.7708964158245,2008.7883607868,2016.03551912568,140600000
7,2,4.23884184812594,7.76517148541711,5.25384149038628,7.845422,5.182916,62.0097382639504,57.7708964158245,2008.7883607868,2013.02720263493,140600000
