node1,node2,length,startLat,startLon,endLat,endLon,endNodeL,startNodeL,startYear,endYear,treeID
5,4,41.1360837738028,7.92967297683495,5.39643981770623,10.686987,13.272643,41.1360837738028,0,1924.85559973544,1965.99168350924,98100000
5,6,50.2641994196247,7.92967297683495,5.39643981770623,7.76996460968537,5.18723506933074,50.2641994196247,0,1924.85559973544,1975.11979915507,98100000
6,3,34.0740701465279,7.76996460968537,5.18723506933074,7.6833,4.6167,84.3382695661526,50.2641994196247,1975.11979915507,2009.19386930159,98100000
6,7,33.2442011084351,7.76996460968537,5.18723506933074,7.6966742919037,5.55028718923812,83.5084005280598,50.2641994196247,1975.11979915507,2008.3640002635,98100000
7,1,7.67151886218133,7.6966742919037,5.55028718923812,7.525829,5.762072,91.1799193902412,83.5084005280598,2008.3640002635,2016.03551912568,98100000
7,2,4.66320237142602,7.6966742919037,5.55028718923812,7.845422,5.182916,88.1716028994858,83.5084005280598,2008.3640002635,2013.02720263493,98100000
