node1,node2,length,startLat,startLon,endLat,endLon,endNodeL,startNodeL,startYear,endYear,treeID
5,4,6.79802622061626,10.3106024175528,13.130538758063,10.686987,13.272643,6.79802622061626,0,1959.19365728863,1965.99168350924,115300000
5,6,45.0466512182791,10.3106024175528,13.130538758063,7.76569758415876,5.04161589126236,45.0466512182791,0,1959.19365728863,2004.24030850691,115300000
6,3,4.95356079468699,7.76569758415876,5.04161589126236,7.6833,4.6167,50.0002120129661,45.0466512182791,2004.24030850691,2009.19386930159,115300000
6,7,5.41907061886004,7.76569758415876,5.04161589126236,7.8310432384404,5.36095846633599,50.4657218371391,45.0466512182791,2004.24030850691,2009.65937912577,115300000
7,1,6.37613999991551,7.8310432384404,5.36095846633599,7.525829,5.762072,56.8418618370547,50.4657218371391,2009.65937912577,2016.03551912568,115300000
7,2,3.36782350916021,7.8310432384404,5.36095846633599,7.845422,5.182916,53.8335453462994,50.4657218371391,2009.65937912577,2013.02720263493,115300000
