node1,node2,length,startLat,startLon,endLat,endLon,endNodeL,startNodeL,startYear,endYear,treeID
5,4,48.1808168697308,7.95609766570477,7.32413850444306,10.686987,13.272643,48.1808168697308,0,1917.81086663951,1965.99168350924,139800000
5,6,40.932686537582,7.95609766570477,7.32413850444306,8.04151786134995,4.1234222566384,40.932686537582,0,1917.81086663951,1958.7435531771,139800000
6,3,50.4503161244987,8.04151786134995,4.1234222566384,7.6833,4.6167,91.3830026620807,40.932686537582,1958.7435531771,2009.19386930159,139800000
6,7,49.5085281702812,8.04151786134995,4.1234222566384,7.46132098684844,5.69461753577944,90.4412147078632,40.932686537582,1958.7435531771,2008.25208134738,139800000
7,1,7.78343777830609,7.46132098684844,5.69461753577944,7.525829,5.762072,98.2246524861692,90.4412147078632,2008.25208134738,2016.03551912568,139800000
7,2,4.77512128755079,7.46132098684844,5.69461753577944,7.845422,5.182916,95.2163359954139,90.4412147078632,2008.25208134738,2013.02720263493,139800000
