node1,node2,length,startLat,startLon,endLat,endLon,endNodeL,startNodeL,startYear,endYear,treeID
5,4,248.964699579501,8.71562988406391,10.0319450624862,10.686987,13.272643,248.964699579501,0,1717.02698392974,1965.99168350924,119900000
5,6,155.722238114799,8.71562988406391,10.0319450624862,7.7231873428639,5.73182507806066,155.722238114799,0,1717.02698392974,1872.74922204454,119900000
6,3,136.444647257052,7.7231873428639,5.73182507806066,7.6833,4.6167,292.166885371851,155.722238114799,1872.74922204454,2009.19386930159,119900000
6,7,107.680202290255,7.7231873428639,5.73182507806066,7.69698713549252,5.72948115120118,263.402440405054,155.722238114799,1872.74922204454,1980.4294243348,119900000
7,1,35.6060947908852,7.69698713549252,5.72948115120118,7.525829,5.762072,299.008535195939,263.402440405054,1980.4294243348,2016.03551912568,119900000
7,2,32.5977783001298,7.69698713549252,5.72948115120118,7.845422,5.182916,296.000218705184,263.402440405054,1980.4294243348,2013.02720263493,119900000
