node1,node2,length,startLat,startLon,endLat,endLon,endNodeL,startNodeL,startYear,endYear,treeID
5,1,8.98478205653907,10.3688429049706,8.39895696076138,10.686987,13.272643,8.98478205653907,0,1957.00690145271,1965.99168350924,54000000
5,6,39.9091061274704,10.3688429049706,8.39895696076138,7.18080652503533,4.71212311381516,39.9091061274704,0,1957.00690145271,1996.91600758018,54000000
6,2,12.2778617214185,7.18080652503533,4.71212311381516,7.6833,4.6167,52.1869678488889,39.9091061274704,1996.91600758018,2009.19386930159,54000000
6,7,14.7036305401167,7.18080652503533,4.71212311381516,7.74493702840958,5.17270527034563,54.6127366675872,39.9091061274704,1996.91600758018,2011.61963812029,54000000
7,3,1.407564514635,7.74493702840958,5.17270527034563,7.845422,5.182916,56.0203011822222,54.6127366675872,2011.61963812029,2013.02720263493,54000000
7,4,4.41588100539031,7.74493702840958,5.17270527034563,7.525829,5.762072,59.0286176729775,54.6127366675872,2011.61963812029,2016.03551912568,54000000
