node1,node2,length,startLat,startLon,endLat,endLon,endNodeL,startNodeL,startYear,endYear,treeID
5,4,42.6818592629383,10.3831010756943,12.3765870992603,10.686987,13.272643,42.6818592629383,0,1923.30982424631,1965.99168350924,128100000
5,6,48.4766937271022,10.3831010756943,12.3765870992603,7.51605796372161,3.16105129209626,48.4766937271022,0,1923.30982424631,1971.78651797341,128100000
6,3,37.407351328186,7.51605796372161,3.16105129209626,7.6833,4.6167,85.8840450552882,48.4766937271022,1971.78651797341,2009.19386930159,128100000
6,7,33.6362396957929,7.51605796372161,3.16105129209626,7.95090396798515,5.50315684070176,82.112933422895,48.4766937271022,1971.78651797341,2005.4227576692,128100000
7,1,10.6127614564817,7.95090396798515,5.50315684070176,7.525829,5.762072,92.7256948793767,82.112933422895,2005.4227576692,2016.03551912568,128100000
7,2,7.60444496572642,7.95090396798515,5.50315684070176,7.845422,5.182916,89.7173783886214,82.112933422895,2005.4227576692,2013.02720263493,128100000
