node1,node2,length,startLat,startLon,endLat,endLon,endNodeL,startNodeL,startYear,endYear,treeID
5,1,0.322491445932641,10.0683209698039,10.8449782794082,10.686987,13.272643,0.322491445932641,0,1965.66919206331,1965.99168350924,50800000
5,6,39.8592039624687,10.0683209698039,10.8449782794082,7.76672791197377,4.62911725637824,39.8592039624687,0,1965.66919206331,2005.52839602578,50800000
6,2,3.66547327581377,7.76672791197377,4.62911725637824,7.6833,4.6167,43.5246772382825,39.8592039624687,2005.52839602578,2009.19386930159,50800000
6,7,4.22771101347446,7.76672791197377,4.62911725637824,7.9828330279356,5.16580053833555,44.0869149759432,39.8592039624687,2005.52839602578,2009.75610703926,50800000
7,3,3.27109559567256,7.9828330279356,5.16580053833555,7.845422,5.182916,47.3580105716157,44.0869149759432,2009.75610703926,2013.02720263493,50800000
7,4,6.27941208642787,7.9828330279356,5.16580053833555,7.525829,5.762072,50.366327062371,44.0869149759432,2009.75610703926,2016.03551912568,50800000
