node1,node2,length,startLat,startLon,endLat,endLon,endNodeL,startNodeL,startYear,endYear,treeID
5,1,0.957859447828618,10.7355932421657,13.257694482096,10.686987,13.272643,0.957859447828618,0,1965.03382406142,1965.99168350924,71000000
5,6,30.8039802096449,10.7355932421657,13.257694482096,7.76674681987559,4.92813916919788,30.8039802096449,0,1965.03382406142,1995.83780427106,71000000
6,4,13.3560650305335,7.76674681987559,4.92813916919788,7.6833,4.6167,44.1600452401785,30.8039802096449,1995.83780427106,2009.19386930159,71000000
6,7,14.2512960363074,7.76674681987559,4.92813916919788,7.68397156579054,4.66383156777807,45.0552762459523,30.8039802096449,1995.83780427106,2010.08910030737,71000000
7,2,5.94641881831467,7.68397156579054,4.66383156777807,7.525829,5.762072,51.001695064267,45.0552762459523,2010.08910030737,2016.03551912568,71000000
7,3,2.93810232755937,7.68397156579054,4.66383156777807,7.845422,5.182916,47.9933785735117,45.0552762459523,2010.08910030737,2013.02720263493,71000000
