node1,node2,length,startLat,startLon,endLat,endLon,endNodeL,startNodeL,startYear,endYear,treeID
5,4,0.313793383123283,10.7302891682628,13.2595551911863,10.686987,13.272643,0.313793383123283,0,1965.67789012612,1965.99168350924,114100000
5,6,32.0031887609674,10.7302891682628,13.2595551911863,7.64823007227763,5.36574602716111,32.0031887609674,0,1965.67789012612,1997.68107888709,114100000
6,3,11.5127904145057,7.64823007227763,5.36574602716111,7.6833,4.6167,43.5159791754731,32.0031887609674,1997.68107888709,2009.19386930159,114100000
6,7,12.6511552767244,7.64823007227763,5.36574602716111,7.71083724657332,5.49902310040521,44.6543440376918,32.0031887609674,1997.68107888709,2010.33223416381,114100000
7,1,5.70328496186987,7.71083724657332,5.49902310040521,7.525829,5.762072,50.3576289995617,44.6543440376918,2010.33223416381,2016.03551912568,114100000
7,2,2.69496847111457,7.71083724657332,5.49902310040521,7.845422,5.182916,47.3493125088064,44.6543440376918,2010.33223416381,2013.02720263493,114100000
