node1,node2,length,startLat,startLon,endLat,endLon,endNodeL,startNodeL,startYear,endYear,treeID
5,4,0.314734008413616,10.6238456723482,13.3482793545485,10.686987,13.272643,0.314734008413616,0,1965.67694950083,1965.99168350924,133200000
5,6,34.5573710243148,10.6238456723482,13.3482793545485,7.82811829472442,5.11082720946717,34.5573710243148,0,1965.67694950083,2000.23432052515,133200000
6,3,8.95954877644866,7.82811829472442,5.11082720946717,7.6833,4.6167,43.5169198007635,34.5573710243148,2000.23432052515,2009.19386930159,133200000
6,7,11.181115068268,7.82811829472442,5.11082720946717,7.62267768437291,5.35426545889939,45.7384860925828,34.5573710243148,2000.23432052515,2011.41543559341,133200000
7,1,4.62008353226919,7.62267768437291,5.35426545889939,7.525829,5.762072,50.358569624852,45.7384860925828,2011.41543559341,2016.03551912568,133200000
7,2,1.61176704151389,7.62267768437291,5.35426545889939,7.845422,5.182916,47.3502531340967,45.7384860925828,2011.41543559341,2013.02720263493,133200000
