node1,node2,length,startLat,startLon,endLat,endLon,endNodeL,startNodeL,startYear,endYear,treeID
5,1,1.34300208837284,10.7252065068902,13.2511466370592,10.686987,13.272643,1.34300208837284,0,1964.64868142087,1965.99168350924,68200000
5,6,33.3469377124354,10.7252065068902,13.2511466370592,7.63539947612631,4.75499480163132,33.3469377124354,0,1964.64868142087,1997.99561913331,68200000
6,4,11.1982501682872,7.63539947612631,4.75499480163132,7.6833,4.6167,44.5451878807227,33.3469377124354,1997.99561913331,2009.19386930159,68200000
6,7,13.4051630821882,7.63539947612631,4.75499480163132,7.94253258582082,5.25878823826551,46.7521007946237,33.3469377124354,1997.99561913331,2011.4007822155,68200000
7,2,4.63473691018756,7.94253258582082,5.25878823826551,7.525829,5.762072,51.3868377048112,46.7521007946237,2011.4007822155,2016.03551912568,68200000
7,3,1.62642041943226,7.94253258582082,5.25878823826551,7.845422,5.182916,48.3785212140559,46.7521007946237,2011.4007822155,2013.02720263493,68200000
