node1,node2,length,startLat,startLon,endLat,endLon,endNodeL,startNodeL,startYear,endYear,treeID
5,1,10.6392642604856,10.2612743037078,16.3879791583874,10.686987,13.272643,10.6392642604856,0,1955.35241924876,1965.99168350924,55700000
5,6,42.1748835383249,10.2612743037078,16.3879791583874,7.65995209408293,5.15320882973426,42.1748835383249,0,1955.35241924876,1997.52730278708,55700000
6,2,11.6665665145105,7.65995209408293,5.15320882973426,7.6833,4.6167,53.8414500528354,42.1748835383249,1997.52730278708,2009.19386930159,55700000
6,7,12.2682716398093,7.65995209408293,5.15320882973426,7.77718445794216,5.23111332362183,54.4431551781342,42.1748835383249,1997.52730278708,2009.79557442689,55700000
7,3,3.23162820803452,7.77718445794216,5.23111332362183,7.845422,5.182916,57.6747833861687,54.4431551781342,2009.79557442689,2013.02720263493,55700000
7,4,6.23994469878983,7.77718445794216,5.23111332362183,7.525829,5.762072,60.683099876924,54.4431551781342,2009.79557442689,2016.03551912568,55700000
