node1,node2,length,startLat,startLon,endLat,endLon,endNodeL,startNodeL,startYear,endYear,treeID
5,4,15.0662976811045,8.3465681837299,3.68775214054542,10.686987,13.272643,15.0662976811045,0,1950.92538582814,1965.99168350924,76700000
5,6,43.4154823187815,8.3465681837299,3.68775214054542,7.93699305971326,4.38795986597125,43.4154823187815,0,1950.92538582814,1994.34086814692,76700000
6,3,14.8530011546728,7.93699305971326,4.38795986597125,7.6833,4.6167,58.2684834734543,43.4154823187815,1994.34086814692,2009.19386930159,76700000
6,7,16.9149803270876,7.93699305971326,4.38795986597125,7.92674897018934,5.22315747769621,60.3304626458691,43.4154823187815,1994.34086814692,2011.25584847401,76700000
7,1,4.77967065167383,7.92674897018934,5.22315747769621,7.525829,5.762072,65.1101332975429,60.3304626458691,2011.25584847401,2016.03551912568,76700000
7,2,1.77135416091852,7.92674897018934,5.22315747769621,7.845422,5.182916,62.1018168067876,60.3304626458691,2011.25584847401,2013.02720263493,76700000
