node1,node2,length,startLat,startLon,endLat,endLon,endNodeL,startNodeL,startYear,endYear,treeID
5,4,3.30744204618968,10.5958853765726,13.5757569686347,10.686987,13.272643,3.30744204618968,0,1962.68424146306,1965.99168350924,63600000
5,6,33.665748435825,10.5958853765726,13.5757569686347,7.22906337608052,5.53700086890703,33.665748435825,0,1962.68424146306,1996.34998989888,63600000
6,3,12.8438794027145,7.22906337608052,5.53700086890703,7.6833,4.6167,46.5096278385395,33.665748435825,1996.34998989888,2009.19386930159,63600000
6,7,15.0663713752946,7.22906337608052,5.53700086890703,7.67377465271035,5.44693179139196,48.7321198111195,33.665748435825,1996.34998989888,2011.41636127417,63600000
7,1,4.61915785150855,7.67377465271035,5.44693179139196,7.525829,5.762072,53.3512776626281,48.7321198111195,2011.41636127417,2016.03551912568,63600000
7,2,1.61084136075324,7.67377465271035,5.44693179139196,7.845422,5.182916,50.3429611718728,48.7321198111195,2011.41636127417,2013.02720263493,63600000
