node1,node2,length,startLat,startLon,endLat,endLon,endNodeL,startNodeL,startYear,endYear,treeID
5,1,0.00016993563983192,10.6887323627281,13.2756439196275,10.686987,13.272643,0.00016993563983192,0,1965.9915135736,1965.99168350924,106400000
5,6,25.8008922102548,10.6887323627281,13.2756439196275,7.70671591928997,4.94864683707756,25.8008922102548,0,1965.9915135736,1991.79240578386,106400000
6,4,17.4014635177349,7.70671591928997,4.94864683707756,7.6833,4.6167,43.2023557279897,25.8008922102548,1991.79240578386,2009.19386930159,106400000
6,7,19.2003215386797,7.70671591928997,4.94864683707756,7.75593649659518,4.91640958293953,45.0012137489346,25.8008922102548,1991.79240578386,2010.99272732254,106400000
7,2,5.04279180314367,7.75593649659518,4.91640958293953,7.525829,5.762072,50.0440055520782,45.0012137489346,2010.99272732254,2016.03551912568,106400000
7,3,2.03447531238837,7.75593649659518,4.91640958293953,7.845422,5.182916,47.0356890613229,45.0012137489346,2010.99272732254,2013.02720263493,106400000
