node1,node2,length,startLat,startLon,endLat,endLon,endNodeL,startNodeL,startYear,endYear,treeID
5,4,4.87524799788699,10.7115558984253,13.2419624869095,10.686987,13.272643,4.87524799788699,0,1961.11643551136,1965.99168350924,135300000
5,6,41.397241348563,10.7115558984253,13.2419624869095,7.37884061650056,4.76637373948572,41.397241348563,0,1961.11643551136,2002.51367685992,135300000
6,3,6.68019244167384,7.37884061650056,4.76637373948572,7.6833,4.6167,48.0774337902368,41.397241348563,2002.51367685992,2009.19386930159,135300000
6,7,6.63426708545444,7.37884061650056,4.76637373948572,7.44510178554734,5.10481957779379,48.0315084340174,41.397241348563,2002.51367685992,2009.14794394538,135300000
7,1,6.88757518030796,7.44510178554734,5.10481957779379,7.525829,5.762072,54.9190836143254,48.0315084340174,2009.14794394538,2016.03551912568,135300000
7,2,3.87925868955265,7.44510178554734,5.10481957779379,7.845422,5.182916,51.9107671235701,48.0315084340174,2009.14794394538,2013.02720263493,135300000
