node1,node2,length,startLat,startLon,endLat,endLon,endNodeL,startNodeL,startYear,endYear,treeID
5,4,0.357556165810685,10.7671124387145,13.3995502715284,10.686987,13.272643,0.357556165810685,0,1965.63412734343,1965.99168350924,145200000
5,6,32.628121687073,10.7671124387145,13.3995502715284,7.33029694632014,4.41652367962534,32.628121687073,0,1965.63412734343,1998.26224903051,145200000
6,1,10.9316202710876,7.33029694632014,4.41652367962534,7.6833,4.6167,43.5597419581605,32.628121687073,1998.26224903051,2009.19386930159,145200000
6,7,12.7309427713806,7.33029694632014,4.41652367962534,7.53602717870851,5.00456573576601,45.3590644584535,32.628121687073,1998.26224903051,2010.99319180189,145200000
7,2,5.04232732379556,7.53602717870851,5.00456573576601,7.525829,5.762072,50.4013917822491,45.3590644584535,2010.99319180189,2016.03551912568,145200000
7,3,2.03401083304025,7.53602717870851,5.00456573576601,7.845422,5.182916,47.3930752914938,45.3590644584535,2010.99319180189,2013.02720263493,145200000
