node1,node2,length,startLat,startLon,endLat,endLon,endNodeL,startNodeL,startYear,endYear,treeID
5,1,0.0373692116540312,10.6937233687477,13.285693293396,10.686987,13.272643,0.0373692116540312,0,1965.95431429759,1965.99168350924,58600000
5,6,35.0454611753985,10.6937233687477,13.285693293396,7.61973663357807,4.06726092256489,35.0454611753985,0,1965.95431429759,2000.99977547299,58600000
6,2,8.19409382860539,7.61973663357807,4.06726092256489,7.6833,4.6167,43.2395550040039,35.0454611753985,2000.99977547299,2009.19386930159,58600000
6,7,10.5402816197064,7.61973663357807,4.06726092256489,7.75912292268299,5.14230549760889,45.5857427951049,35.0454611753985,2000.99977547299,2011.5400570927,58600000
7,3,1.48714554223225,7.75912292268299,5.14230549760889,7.845422,5.182916,47.0728883373371,45.5857427951049,2011.5400570927,2013.02720263493,58600000
7,4,4.49546203298756,7.75912292268299,5.14230549760889,7.525829,5.762072,50.0812048280924,45.5857427951049,2011.5400570927,2016.03551912568,58600000
