node1,node2,length,startLat,startLon,endLat,endLon,endNodeL,startNodeL,startYear,endYear,treeID
5,4,42.2631006920957,9.93922770276055,13.8210465680727,10.686987,13.272643,42.2631006920957,0,1923.72858281715,1965.99168350924,127500000
5,6,45.4563183147317,9.93922770276055,13.8210465680727,7.73646530715334,4.94396708989494,45.4563183147317,0,1923.72858281715,1969.18490113188,127500000
6,3,40.0089681697138,7.73646530715334,4.94396708989494,7.6833,4.6167,85.4652864844455,45.4563183147317,1969.18490113188,2009.19386930159,127500000
6,7,37.9911158451698,7.73646530715334,4.94396708989494,7.79092157515632,5.08655111427832,83.4474341599015,45.4563183147317,1969.18490113188,2007.17601697705,127500000
7,1,8.85950214863256,7.79092157515632,5.08655111427832,7.525829,5.762072,92.3069363085341,83.4474341599015,2007.17601697705,2016.03551912568,127500000
7,2,5.85118565787726,7.79092157515632,5.08655111427832,7.845422,5.182916,89.2986198177788,83.4474341599015,2007.17601697705,2013.02720263493,127500000
