node1,node2,length,startLat,startLon,endLat,endLon,endNodeL,startNodeL,startYear,endYear,treeID
5,4,12.8300106737545,8.0401089398487,5.33022443824731,10.686987,13.272643,12.8300106737545,0,1953.16167283549,1965.99168350924,82100000
5,6,38.4063677115779,8.0401089398487,5.33022443824731,7.37681567766874,6.1280874140681,38.4063677115779,0,1953.16167283549,1991.56804054707,82100000
6,3,17.6258287545264,7.37681567766874,6.1280874140681,7.6833,4.6167,56.0321964661044,38.4063677115779,1991.56804054707,2009.19386930159,82100000
6,7,18.7412944517614,7.37681567766874,6.1280874140681,7.5214625374275,5.82871785434351,57.1476621633394,38.4063677115779,1991.56804054707,2010.30933499883,82100000
7,1,5.72618412685357,7.5214625374275,5.82871785434351,7.525829,5.762072,62.8738462901929,57.1476621633394,2010.30933499883,2016.03551912568,82100000
7,2,2.71786763609826,7.5214625374275,5.82871785434351,7.845422,5.182916,59.8655297994376,57.1476621633394,2010.30933499883,2013.02720263493,82100000
