node1,node2,length,startLat,startLon,endLat,endLon,endNodeL,startNodeL,startYear,endYear,treeID
5,4,61.4663635853854,10.7204306727813,13.2922483397134,10.686987,13.272643,61.4663635853854,0,1904.52531992386,1965.99168350924,80400000
5,6,61.0184130982292,10.7204306727813,13.2922483397134,7.75894981764179,4.88100726742177,61.0184130982292,0,1904.52531992386,1965.54373302209,80400000
6,3,43.650136279506,7.75894981764179,4.88100726742177,7.6833,4.6167,104.668549377735,61.0184130982292,1965.54373302209,2009.19386930159,80400000
6,7,40.6608635989253,7.75894981764179,4.88100726742177,7.80318118968991,5.18216651042986,101.679276697155,61.0184130982292,1965.54373302209,2006.20459662101,80400000
7,1,9.83092250466929,7.80318118968991,5.18216651042986,7.525829,5.762072,111.510199201824,101.679276697155,2006.20459662101,2016.03551912568,80400000
7,2,6.82260601391399,7.80318118968991,5.18216651042986,7.845422,5.182916,108.501882711069,101.679276697155,2006.20459662101,2013.02720263493,80400000
