node1,node2,length,startLat,startLon,endLat,endLon,endNodeL,startNodeL,startYear,endYear,treeID
5,4,26.0192719046467,10.1180220511723,12.4494789838586,10.686987,13.272643,26.0192719046467,0,1939.9724116046,1965.99168350924,73000000
5,6,31.2070491802986,10.1180220511723,12.4494789838586,7.49608990614588,6.63521247515175,31.2070491802986,0,1939.9724116046,1971.1794607849,73000000
6,3,38.014408516698,7.49608990614588,6.63521247515175,7.6833,4.6167,69.2214576969966,31.2070491802986,1971.1794607849,2009.19386930159,73000000
6,7,32.1125708417769,7.49608990614588,6.63521247515175,7.26217396170457,5.58138011656764,63.3196200220755,31.2070491802986,1971.1794607849,2003.29203162667,73000000
7,1,12.7434874990096,7.26217396170457,5.58138011656764,7.525829,5.762072,76.0631075210851,63.3196200220755,2003.29203162667,2016.03551912568,73000000
7,2,9.73517100825432,7.26217396170457,5.58138011656764,7.845422,5.182916,73.0547910303298,63.3196200220755,2003.29203162667,2013.02720263493,73000000
