node1,node2,length,startLat,startLon,endLat,endLon,endNodeL,startNodeL,startYear,endYear,treeID
5,4,1.60197530338957,8.50893509154315,6.68684674805299,10.686987,13.272643,1.60197530338957,0,1964.38970820586,1965.99168350924,122500000
5,6,40.8400759689882,8.50893509154315,6.68684674805299,7.70348155471223,4.88892647000941,40.8400759689882,0,1964.38970820586,2005.22978417484,122500000
6,3,3.96408512675121,7.70348155471223,4.88892647000941,7.6833,4.6167,44.8041610957394,40.8400759689882,2005.22978417484,2009.19386930159,122500000
6,7,7.03156477848027,7.70348155471223,4.88892647000941,7.95529325819523,5.42911593041912,47.8716407474685,40.8400759689882,2005.22978417484,2012.26134895332,122500000
7,1,3.7741701723595,7.95529325819523,5.42911593041912,7.525829,5.762072,51.645810919828,47.8716407474685,2012.26134895332,2016.03551912568,122500000
7,2,0.765853681604195,7.95529325819523,5.42911593041912,7.845422,5.182916,48.6374944290727,47.8716407474685,2012.26134895332,2013.02720263493,122500000
