node1,node2,length,startLat,startLon,endLat,endLon,endNodeL,startNodeL,startYear,endYear,treeID
5,1,0.00227162259307789,10.6843408085891,13.2715695265342,10.686987,13.272643,0.00227162259307789,0,1965.98941188665,1965.99168350924,51600000
5,6,29.8977550535551,10.6843408085891,13.2715695265342,7.44502003691428,5.37515333012629,29.8977550535551,0,1965.98941188665,1995.88716694021,51600000
6,2,13.3067023613878,7.44502003691428,5.37515333012629,7.6833,4.6167,43.2044574149429,29.8977550535551,1995.88716694021,2009.19386930159,51600000
6,7,14.1582836747386,7.44502003691428,5.37515333012629,7.49315455737369,5.5399028632569,44.0560387282937,29.8977550535551,1995.88716694021,2010.04545061495,51600000
7,3,2.98175201998252,7.49315455737369,5.5399028632569,7.845422,5.182916,47.0377907482762,44.0560387282937,2010.04545061495,2013.02720263493,51600000
7,4,5.99006851073782,7.49315455737369,5.5399028632569,7.525829,5.762072,50.0461072390315,44.0560387282937,2010.04545061495,2016.03551912568,51600000
