node1,node2,length,startLat,startLon,endLat,endLon,endNodeL,startNodeL,startYear,endYear,treeID
5,4,10.8805458320577,10.1094944065652,12.6664923597766,10.686987,13.272643,10.8805458320577,0,1955.11113767719,1965.99168350924,134300000
5,6,45.9059035438305,10.1094944065652,12.6664923597766,8.09515311617116,5.7697183688751,45.9059035438305,0,1955.11113767719,2001.01704122102,134300000
6,3,8.17682808057701,8.09515311617116,5.7697183688751,7.6833,4.6167,54.0827316244075,45.9059035438305,2001.01704122102,2009.19386930159,134300000
6,7,9.42959226545446,8.09515311617116,5.7697183688751,8.45709323377292,5.70572832624518,55.335495809285,45.9059035438305,2001.01704122102,2010.44663348647,134300000
7,1,5.58888563921111,8.45709323377292,5.70572832624518,7.525829,5.762072,60.9243814484961,55.335495809285,2010.44663348647,2016.03551912568,134300000
7,2,2.5805691484558,8.45709323377292,5.70572832624518,7.845422,5.182916,57.9160649577408,55.335495809285,2010.44663348647,2013.02720263493,134300000
