node1,node2,length,startLat,startLon,endLat,endLon,endNodeL,startNodeL,startYear,endYear,treeID
5,4,65.2220620125234,9.60232573399337,10.1699643013548,10.686987,13.272643,65.2220620125234,0,1900.76962149672,1965.99168350924,108300000
5,6,15.7364886591354,9.60232573399337,10.1699643013548,9.03629817929533,8.20876615200783,15.7364886591354,0,1900.76962149672,1916.50611015586,108300000
6,3,92.6877591457379,9.03629817929533,8.20876615200783,7.6833,4.6167,108.424247804873,15.7364886591354,1916.50611015586,2009.19386930159,108300000
6,7,72.4585050007512,9.03629817929533,8.20876615200783,8.37916332992241,7.96160967659488,88.1949936598865,15.7364886591354,1916.50611015586,1988.96461515661,108300000
7,1,27.0709039690753,8.37916332992241,7.96160967659488,7.525829,5.762072,115.265897628962,88.1949936598865,1988.96461515661,2016.03551912568,108300000
7,2,24.06258747832,8.37916332992241,7.96160967659488,7.845422,5.182916,112.257581138207,88.1949936598865,1988.96461515661,2013.02720263493,108300000
