node1,node2,length,startLat,startLon,endLat,endLon,endNodeL,startNodeL,startYear,endYear,treeID
5,4,4.46637737108849,10.8604707496902,13.0457507653975,10.686987,13.272643,4.46637737108849,0,1961.52530613816,1965.99168350924,63100000
5,6,32.1387596032518,10.8604707496902,13.0457507653975,8.00229506184366,5.08393469468495,32.1387596032518,0,1961.52530613816,1993.66406574141,63100000
6,3,15.5298035601866,8.00229506184366,5.08393469468495,7.6833,4.6167,47.6685631634383,32.1387596032518,1993.66406574141,2009.19386930159,63100000
6,7,17.1575735284177,8.00229506184366,5.08393469468495,7.81301282033439,5.30380063415778,49.2963331316695,32.1387596032518,1993.66406574141,2010.82163926983,63100000
7,1,5.21387985585742,7.81301282033439,5.30380063415778,7.525829,5.762072,54.5102129875269,49.2963331316695,2010.82163926983,2016.03551912568,63100000
7,2,2.20556336510211,7.81301282033439,5.30380063415778,7.845422,5.182916,51.5018964967716,49.2963331316695,2010.82163926983,2013.02720263493,63100000
