node1,node2,length,startLat,startLon,endLat,endLon,endNodeL,startNodeL,startYear,endYear,treeID
5,1,6.01431521123006,11.3796029126058,9.08095211263455,10.686987,13.272643,6.01431521123006,0,1959.97736829801,1965.99168350924,67200000
5,6,37.3233873207912,11.3796029126058,9.08095211263455,7.37799114704887,5.28031402566348,37.3233873207912,0,1959.97736829801,1997.30075561881,67200000
6,4,11.8931136827887,7.37799114704887,5.28031402566348,7.6833,4.6167,49.2165010035799,37.3233873207912,1997.30075561881,2009.19386930159,67200000
6,7,12.4854383151494,7.37799114704887,5.28031402566348,7.44529405289068,5.66289613599706,49.8088256359406,37.3233873207912,1997.30075561881,2009.78619393396,67200000
7,2,6.24932519172785,7.44529405289068,5.66289613599706,7.525829,5.762072,56.0581508276685,49.8088256359406,2009.78619393396,2016.03551912568,67200000
7,3,3.24100870097255,7.44529405289068,5.66289613599706,7.845422,5.182916,53.0498343369132,49.8088256359406,2009.78619393396,2013.02720263493,67200000
