node1,node2,length,startLat,startLon,endLat,endLon,endNodeL,startNodeL,startYear,endYear,treeID
5,4,0.0586831599669537,10.6593853182501,13.2293213284927,10.686987,13.272643,0.0586831599669537,0,1965.93300034928,1965.99168350924,142200000
5,6,31.9131754924111,10.6593853182501,13.2293213284927,7.82066635769195,5.58126261104754,31.9131754924111,0,1965.93300034928,1997.84617584169,142200000
6,3,11.3476934599057,7.82066635769195,5.58126261104754,7.6833,4.6167,43.2608689523168,31.9131754924111,1997.84617584169,2009.19386930159,142200000
6,7,11.8678124672436,7.82066635769195,5.58126261104754,7.62434469911558,5.40644985651528,43.7809879596547,31.9131754924111,1997.84617584169,2009.71398830893,142200000
7,1,6.32153081675068,7.62434469911558,5.40644985651528,7.525829,5.762072,50.1025187764054,43.7809879596547,2009.71398830893,2016.03551912568,142200000
7,2,3.31321432599538,7.62434469911558,5.40644985651528,7.845422,5.182916,47.09420228565,43.7809879596547,2009.71398830893,2013.02720263493,142200000
