node1,node2,length,startLat,startLon,endLat,endLon,endNodeL,startNodeL,startYear,endYear,treeID
5,4,130.249621703181,8.11806338839597,4.38950302955341,10.686987,13.272643,130.249621703181,0,1835.74206180606,1965.99168350924,149000000
5,6,77.1959932447709,8.11806338839597,4.38950302955341,8.04538088827568,4.48718069073913,77.1959932447709,0,1835.74206180606,1912.93805505084,149000000
6,1,96.2558142507595,8.04538088827568,4.48718069073913,7.6833,4.6167,173.45180749553,77.1959932447709,1912.93805505084,2009.19386930159,149000000
6,7,79.8576067092969,8.04538088827568,4.48718069073913,7.63667243099415,5.03495910221968,157.053599954068,77.1959932447709,1912.93805505084,1992.79566176013,149000000
7,2,23.2398573655511,7.63667243099415,5.03495910221968,7.525829,5.762072,180.293457319619,157.053599954068,1992.79566176013,2016.03551912568,149000000
7,3,20.2315408747958,7.63667243099415,5.03495910221968,7.845422,5.182916,177.285140828864,157.053599954068,1992.79566176013,2013.02720263493,149000000
