node1,node2,length,startLat,startLon,endLat,endLon,endNodeL,startNodeL,startYear,endYear,treeID
5,1,0.122221721090462,7.74603204041711,5.07796872240996,10.686987,13.272643,0.122221721090462,0,1965.86946178815,1965.99168350924,104800000
5,6,31.5008190265896,7.74603204041711,5.07796872240996,7.60915476111766,4.74843781226078,31.5008190265896,0,1965.86946178815,1997.37028081474,104800000
6,4,11.8235884868507,7.60915476111766,4.74843781226078,7.6833,4.6167,43.3244075134403,31.5008190265896,1997.37028081474,2009.19386930159,104800000
6,7,12.5812687641951,7.60915476111766,4.74843781226078,7.91546856455614,5.19335981446074,44.0820877907848,31.5008190265896,1997.37028081474,2009.95154957894,104800000
7,2,6.08396954674411,7.91546856455614,5.19335981446074,7.525829,5.762072,50.1660573375289,44.0820877907848,2009.95154957894,2016.03551912568,104800000
7,3,3.0756530559888,7.91546856455614,5.19335981446074,7.845422,5.182916,47.1577408467736,44.0820877907848,2009.95154957894,2013.02720263493,104800000
