node1,node2,length,startLat,startLon,endLat,endLon,endNodeL,startNodeL,startYear,endYear,treeID
5,1,39.2974648033835,8.18287838427478,5.38382123017519,10.686987,13.272643,39.2974648033835,0,1926.69421870586,1965.99168350924,70700000
5,6,48.5369631686451,8.18287838427478,5.38382123017519,7.6226758060689,5.21480539944519,48.5369631686451,0,1926.69421870586,1975.23118187451,70700000
6,4,33.9626874270882,7.6226758060689,5.21480539944519,7.6833,4.6167,82.4996505957334,48.5369631686451,1975.23118187451,2009.19386930159,70700000
6,7,32.8128359256506,7.6226758060689,5.21480539944519,7.75414013960027,5.82910115265849,81.3497990942957,48.5369631686451,1975.23118187451,2008.04401780016,70700000
7,2,7.99150132552622,7.75414013960027,5.82910115265849,7.525829,5.762072,89.3413004198219,81.3497990942957,2008.04401780016,2016.03551912568,70700000
7,3,4.98318483477091,7.75414013960027,5.82910115265849,7.845422,5.182916,86.3329839290666,81.3497990942957,2008.04401780016,2013.02720263493,70700000
