node1,node2,length,startLat,startLon,endLat,endLon,endNodeL,startNodeL,startYear,endYear,treeID
5,1,68.9847277129486,8.94843363966346,12.4287021876349,10.686987,13.272643,68.9847277129486,0,1897.0069557963,1965.99168350924,55000000
5,6,53.0434352219841,8.94843363966346,12.4287021876349,7.96008288611385,4.84018659199151,53.0434352219841,0,1897.0069557963,1950.05039101828,55000000
6,2,59.1434782833144,7.96008288611385,4.84018659199151,7.6833,4.6167,112.186913505298,53.0434352219841,1950.05039101828,2009.19386930159,55000000
6,7,53.1751205609461,7.96008288611385,4.84018659199151,8.14044519639054,5.11774824852508,106.21855578293,53.0434352219841,1950.05039101828,2003.22551157923,55000000
7,3,9.80169105570155,8.14044519639054,5.11774824852508,7.845422,5.182916,116.020246838632,106.21855578293,2003.22551157923,2013.02720263493,55000000
7,4,12.8100075464569,8.14044519639054,5.11774824852508,7.525829,5.762072,119.028563329387,106.21855578293,2003.22551157923,2016.03551912568,55000000
