node1,node2,length,startLat,startLon,endLat,endLon,endNodeL,startNodeL,startYear,endYear,treeID
5,4,3.14641165518339,10.6965809669495,13.4917135901114,10.686987,13.272643,3.14641165518339,0,1962.84527185406,1965.99168350924,78400000
5,6,34.330350712106,10.6965809669495,13.4917135901114,7.67143481797926,3.80875937966628,34.330350712106,0,1962.84527185406,1997.17562256617,78400000
6,3,12.0182467354273,7.67143481797926,3.80875937966628,7.6833,4.6167,46.3485974475332,34.330350712106,1997.17562256617,2009.19386930159,78400000
6,7,15.3427134582346,7.67143481797926,3.80875937966628,7.84862227679871,5.27406471888009,49.6730641703406,34.330350712106,1997.17562256617,2012.5183360244,78400000
7,1,3.5171831012812,7.84862227679871,5.27406471888009,7.525829,5.762072,53.1902472716218,49.6730641703406,2012.5183360244,2016.03551912568,78400000
7,2,0.50886661052589,7.84862227679871,5.27406471888009,7.845422,5.182916,50.1819307808665,49.6730641703406,2012.5183360244,2013.02720263493,78400000
