node1,node2,length,startLat,startLon,endLat,endLon,endNodeL,startNodeL,startYear,endYear,treeID
5,4,0.80565167011315,10.7616593387945,13.613359308811,10.686987,13.272643,0.80565167011315,0,1965.18603183913,1965.99168350924,62600000
5,6,38.5664037390223,10.7616593387945,13.613359308811,7.46722828021259,4.44253343654068,38.5664037390223,0,1965.18603183913,2003.75243557815,62600000
6,3,5.44143372344068,7.46722828021259,4.44253343654068,7.6833,4.6167,44.007837462463,38.5664037390223,2003.75243557815,2009.19386930159,62600000
6,7,8.22077092226061,7.46722828021259,4.44253343654068,7.88008812110427,5.45677025640739,46.7871746612829,38.5664037390223,2003.75243557815,2011.97320650041,62600000
7,1,4.06231262526863,7.88008812110427,5.45677025640739,7.525829,5.762072,50.8494872865516,46.7871746612829,2011.97320650041,2016.03551912568,62600000
7,2,1.05399613451333,7.88008812110427,5.45677025640739,7.845422,5.182916,47.8411707957962,46.7871746612829,2011.97320650041,2013.02720263493,62600000
