node1,node2,length,startLat,startLon,endLat,endLon,endNodeL,startNodeL,startYear,endYear,treeID
5,1,38.3289167876992,8.10900388605091,5.4736765268559,10.686987,13.272643,38.3289167876992,0,1927.66276672155,1965.99168350924,59600000
5,6,47.9408387236428,8.10900388605091,5.4736765268559,8.09690842354149,5.24542564388118,47.9408387236428,0,1927.66276672155,1975.60360544519,59600000
6,2,33.5902638564063,8.09690842354149,5.24542564388118,7.6833,4.6167,81.5311025800491,47.9408387236428,1975.60360544519,2009.19386930159,59600000
6,7,30.7520551167766,8.09690842354149,5.24542564388118,8.01873240419748,5.29867674397172,78.6928938404193,47.9408387236428,1975.60360544519,2006.35566056196,59600000
7,3,6.67154207296297,8.01873240419748,5.29867674397172,7.845422,5.182916,85.3644359133823,78.6928938404193,2006.35566056196,2013.02720263493,59600000
7,4,9.67985856371828,8.01873240419748,5.29867674397172,7.525829,5.762072,88.3727524041376,78.6928938404193,2006.35566056196,2016.03551912568,59600000
