node1,node2,length,startLat,startLon,endLat,endLon,endNodeL,startNodeL,startYear,endYear,treeID
5,4,836.29161337698,9.25923555865799,7.97972559895249,10.686987,13.272643,836.29161337698,0,1129.70007013226,1965.99168350924,133500000
5,6,372.06546664622,9.25923555865799,7.97972559895249,8.08512966684529,6.36189031427615,372.06546664622,0,1129.70007013226,1501.76553677848,133500000
6,3,507.42833252311,8.08512966684529,6.36189031427615,7.6833,4.6167,879.49379916933,372.06546664622,1501.76553677848,2009.19386930159,133500000
6,7,408.805390088253,8.08512966684529,6.36189031427615,7.4443270272669,5.15853710601563,780.870856734473,372.06546664622,1501.76553677848,1910.57092686674,133500000
7,1,105.464592258945,7.4443270272669,5.15853710601563,7.525829,5.762072,886.335448993418,780.870856734473,1910.57092686674,2016.03551912568,133500000
7,2,102.45627576819,7.4443270272669,5.15853710601563,7.845422,5.182916,883.327132502663,780.870856734473,1910.57092686674,2013.02720263493,133500000
