node1,node2,length,startLat,startLon,endLat,endLon,endNodeL,startNodeL,startYear,endYear,treeID
5,1,11.190983788423,10.2093845898013,15.696335525374,10.686987,13.272643,11.190983788423,0,1954.80069972082,1965.99168350924,53100000
5,6,37.3212868603114,10.2093845898013,15.696335525374,7.61152749556446,5.13174458457825,37.3212868603114,0,1954.80069972082,1992.12198658113,53100000
6,2,17.0718827204614,7.61152749556446,5.13174458457825,7.6833,4.6167,54.3931695807728,37.3212868603114,1992.12198658113,2009.19386930159,53100000
6,7,18.7045384818382,7.61152749556446,5.13174458457825,7.93262382681379,4.91123539739533,56.0258253421496,37.3212868603114,1992.12198658113,2010.82652506297,53100000
7,3,2.20067757195648,7.93262382681379,4.91123539739533,7.845422,5.182916,58.2265029141061,56.0258253421496,2010.82652506297,2013.02720263493,53100000
7,4,5.20899406271179,7.93262382681379,4.91123539739533,7.525829,5.762072,61.2348194048614,56.0258253421496,2010.82652506297,2016.03551912568,53100000
