node1,node2,length,startLat,startLon,endLat,endLon,endNodeL,startNodeL,startYear,endYear,treeID
5,4,36.1657734421064,10.9738894131022,14.2521424451784,10.686987,13.272643,36.1657734421064,0,1929.82591006714,1965.99168350924,94600000
5,6,45.9028815511243,10.9738894131022,14.2521424451784,8.35675454803877,5.93957884728205,45.9028815511243,0,1929.82591006714,1975.72879161826,94600000
6,1,33.4650776833319,8.35675454803877,5.93957884728205,7.6833,4.6167,79.3679592344562,45.9028815511243,1975.72879161826,2009.19386930159,94600000
6,7,32.2504693948829,8.35675454803877,5.93957884728205,7.79443601454258,5.25979078324899,78.1533509460072,45.9028815511243,1975.72879161826,2007.97926101315,94600000
7,2,8.05625811253761,7.79443601454258,5.25979078324899,7.525829,5.762072,86.2096090585448,78.1533509460072,2007.97926101315,2016.03551912568,94600000
7,3,5.0479416217823,7.79443601454258,5.25979078324899,7.845422,5.182916,83.2012925677895,78.1533509460072,2007.97926101315,2013.02720263493,94600000
