node1,node2,length,startLat,startLon,endLat,endLon,endNodeL,startNodeL,startYear,endYear,treeID
5,4,3.81912819564419,10.4530952912486,13.0670189107339,10.686987,13.272643,3.81912819564419,0,1962.1725553136,1965.99168350924,87900000
5,6,29.5198698112089,10.4530952912486,13.0670189107339,8.59768155549015,5.9229232430891,29.5198698112089,0,1962.1725553136,1991.69242512481,87900000
6,3,17.5014441767851,8.59768155549015,5.9229232430891,7.6833,4.6167,47.021313987994,29.5198698112089,1991.69242512481,2009.19386930159,87900000
6,7,18.3716633082249,8.59768155549015,5.9229232430891,7.77671625317984,5.39452561952329,47.8915331194338,29.5198698112089,1991.69242512481,2010.06408843303,87900000
7,1,5.97143069264879,7.77671625317984,5.39452561952329,7.525829,5.762072,53.8629638120826,47.8915331194338,2010.06408843303,2016.03551912568,87900000
7,2,2.96311420189348,7.77671625317984,5.39452561952329,7.845422,5.182916,50.8546473213273,47.8915331194338,2010.06408843303,2013.02720263493,87900000
