node1,node2,length,startLat,startLon,endLat,endLon,endNodeL,startNodeL,startYear,endYear,treeID
5,4,24.6835713230977,10.7110264944949,12.9929580171038,10.686987,13.272643,24.6835713230977,0,1941.30811218615,1965.99168350924,116600000
5,6,41.6950373438982,10.7110264944949,12.9929580171038,7.80314751147095,5.2898174020216,41.6950373438982,0,1941.30811218615,1983.00314953005,116600000
6,3,26.1907197715493,7.80314751147095,5.2898174020216,7.6833,4.6167,67.8857571154475,41.6950373438982,1983.00314953005,2009.19386930159,116600000
6,7,26.2113330527072,7.80314751147095,5.2898174020216,7.81704014773328,5.37880417651596,67.9063703966054,41.6950373438982,1983.00314953005,2009.21448258275,116600000
7,1,6.82103654293071,7.81704014773328,5.37880417651596,7.525829,5.762072,74.7274069395361,67.9063703966054,2009.21448258275,2016.03551912568,116600000
7,2,3.81272005217541,7.81704014773328,5.37880417651596,7.845422,5.182916,71.7190904487808,67.9063703966054,2009.21448258275,2013.02720263493,116600000
