node1,node2,length,startLat,startLon,endLat,endLon,endNodeL,startNodeL,startYear,endYear,treeID
5,4,9.98920171277661,10.731831441517,13.465583946457,10.686987,13.272643,9.98920171277661,0,1956.00248179647,1965.99168350924,65000000
5,6,39.0605284447555,10.731831441517,13.465583946457,8.09584089592084,4.79393304228582,39.0605284447555,0,1956.00248179647,1995.06301024122,65000000
6,3,14.1308590603709,8.09584089592084,4.79393304228582,7.6833,4.6167,53.1913875051264,39.0605284447555,1995.06301024122,2009.19386930159,65000000
6,7,16.5103955932732,8.09584089592084,4.79393304228582,7.68594155236022,5.54410875452952,55.5709240380287,39.0605284447555,1995.06301024122,2011.5734058345,65000000
7,1,4.46211329118633,7.68594155236022,5.54410875452952,7.525829,5.762072,60.033037329215,55.5709240380287,2011.5734058345,2016.03551912568,65000000
7,2,1.45379680043103,7.68594155236022,5.54410875452952,7.845422,5.182916,57.0247208384597,55.5709240380287,2011.5734058345,2013.02720263493,65000000
