node1,node2,length,startLat,startLon,endLat,endLon,endNodeL,startNodeL,startYear,endYear,treeID
5,4,405.106040753052,11.4058443941338,12.593418238663,10.686987,13.272643,405.106040753052,0,1560.88564275619,1965.99168350924,114500000
5,6,229.500646636311,11.4058443941338,12.593418238663,7.51780348628624,5.99578312388481,229.500646636311,0,1560.88564275619,1790.3862893925,114500000
6,3,218.807579909091,7.51780348628624,5.99578312388481,7.6833,4.6167,448.308226545402,229.500646636311,1790.3862893925,2009.19386930159,114500000
6,7,184.336854304421,7.51780348628624,5.99578312388481,7.83111979882595,5.29435017608457,413.837500940732,229.500646636311,1790.3862893925,1974.72314369692,114500000
7,1,41.3123754287584,7.83111979882595,5.29435017608457,7.525829,5.762072,455.149876369491,413.837500940732,1974.72314369692,2016.03551912568,114500000
7,2,38.3040589380031,7.83111979882595,5.29435017608457,7.845422,5.182916,452.141559878736,413.837500940732,1974.72314369692,2013.02720263493,114500000
