node1,node2,length,startLat,startLon,endLat,endLon,endNodeL,startNodeL,startYear,endYear,treeID
5,4,4.10993353230954,10.775662525165,13.1322489225868,10.686987,13.272643,4.10993353230954,0,1961.88174997694,1965.99168350924,81400000
5,6,33.815921034325,10.775662525165,13.1322489225868,7.6848263749108,5.54481194772041,33.815921034325,0,1961.88174997694,1995.69767101126,81400000
6,3,13.4961982903344,7.6848263749108,5.54481194772041,7.6833,4.6167,47.3121193246594,33.815921034325,1995.69767101126,2009.19386930159,81400000
6,7,15.1071739649762,7.6848263749108,5.54481194772041,7.94708098905019,5.08193490944377,48.9230949993013,33.815921034325,1995.69767101126,2010.80484497624,81400000
7,1,5.23067414944669,7.94708098905019,5.08193490944377,7.525829,5.762072,54.1537691487479,48.9230949993013,2010.80484497624,2016.03551912568,81400000
7,2,2.22235765869138,7.94708098905019,5.08193490944377,7.845422,5.182916,51.1454526579926,48.9230949993013,2010.80484497624,2013.02720263493,81400000
