node1,node2,length,startLat,startLon,endLat,endLon,endNodeL,startNodeL,startYear,endYear,treeID
5,4,15.275894244746,11.8788033702974,13.1393557941362,10.686987,13.272643,15.275894244746,0,1950.7157892645,1965.99168350924,130700000
5,6,40.8458669760847,11.8788033702974,13.1393557941362,7.50960195171549,4.97411015891068,40.8458669760847,0,1950.7157892645,1991.56165624058,130700000
6,3,17.6322130610112,7.50960195171549,4.97411015891068,7.6833,4.6167,58.4780800370959,40.8458669760847,1991.56165624058,2009.19386930159,130700000
6,7,18.5256937393275,7.50960195171549,4.97411015891068,7.53132248430905,5.64740437796774,59.3715607154122,40.8458669760847,1991.56165624058,2010.08734997991,130700000
7,1,5.94816914577221,7.53132248430905,5.64740437796774,7.525829,5.762072,65.3197298611844,59.3715607154122,2010.08734997991,2016.03551912568,130700000
7,2,2.93985265501691,7.53132248430905,5.64740437796774,7.845422,5.182916,62.3114133704291,59.3715607154122,2010.08734997991,2013.02720263493,130700000
