node1,node2,length,startLat,startLon,endLat,endLon,endNodeL,startNodeL,startYear,endYear,treeID
5,4,2.52111312508142,11.7853705418141,12.2801972002925,10.686987,13.272643,2.52111312508142,0,1963.47057038416,1965.99168350924,99700000
5,6,32.5010122582707,11.7853705418141,12.2801972002925,8.06985974285363,5.64578615411005,32.5010122582707,0,1963.47057038416,1995.97158264243,99700000
6,3,13.2222866591606,8.06985974285363,5.64578615411005,7.6833,4.6167,45.7232989174313,32.5010122582707,1995.97158264243,2009.19386930159,99700000
6,7,15.3190059967743,8.06985974285363,5.64578615411005,8.07407056782115,5.89848259434611,47.820018255045,32.5010122582707,1995.97158264243,2011.29058863921,99700000
7,1,4.7449304864748,8.07407056782115,5.89848259434611,7.525829,5.762072,52.5649487415198,47.820018255045,2011.29058863921,2016.03551912568,99700000
7,2,1.7366139957195,8.07407056782115,5.89848259434611,7.845422,5.182916,49.5566322507645,47.820018255045,2011.29058863921,2013.02720263493,99700000
