node1,node2,length,startLat,startLon,endLat,endLon,endNodeL,startNodeL,startYear,endYear,treeID
5,1,25.4836235056244,9.69213053713324,9.61175067706705,10.686987,13.272643,25.4836235056244,0,1940.50806000362,1965.99168350924,50400000
5,6,61.4235320130903,9.69213053713324,9.61175067706705,8.50176436965091,6.96833926077205,61.4235320130903,0,1940.50806000362,2001.93159201671,50400000
6,2,7.26227728488396,8.50176436965091,6.96833926077205,7.6833,4.6167,68.6858092979742,61.4235320130903,2001.93159201671,2009.19386930159,50400000
6,7,5.93066693246083,8.50176436965091,6.96833926077205,7.81276857979924,5.79789493559536,67.3541989455511,61.4235320130903,2001.93159201671,2007.86225894917,50400000
7,3,5.16494368575639,7.81276857979924,5.79789493559536,7.845422,5.182916,72.5191426313075,67.3541989455511,2007.86225894917,2013.02720263493,50400000
7,4,8.17326017651169,7.81276857979924,5.79789493559536,7.525829,5.762072,75.5274591220628,67.3541989455511,2007.86225894917,2016.03551912568,50400000
