node1,node2,length,startLat,startLon,endLat,endLon,endNodeL,startNodeL,startYear,endYear,treeID
5,4,9.26379432366902,9.62567461652316,7.98824429819461,10.686987,13.272643,9.26379432366902,0,1956.72788918558,1965.99168350924,90000000
5,6,39.1807297324513,9.62567461652316,7.98824429819461,8.01084238505828,7.99687972198282,39.1807297324513,0,1956.72788918558,1995.90861891803,90000000
6,1,13.2852503835676,8.01084238505828,7.99687972198282,7.6833,4.6167,52.4659801160189,39.1807297324513,1995.90861891803,2009.19386930159,90000000
6,7,14.558155589405,8.01084238505828,7.99687972198282,7.57423875932013,3.77894027305762,53.7388853218563,39.1807297324513,1995.90861891803,2010.46677450743,90000000
7,2,5.56874461825114,7.57423875932013,3.77894027305762,7.525829,5.762072,59.3076299401074,53.7388853218563,2010.46677450743,2016.03551912568,90000000
7,3,2.56042812749583,7.57423875932013,3.77894027305762,7.845422,5.182916,56.2993134493521,53.7388853218563,2010.46677450743,2013.02720263493,90000000
