node1,node2,length,startLat,startLon,endLat,endLon,endNodeL,startNodeL,startYear,endYear,treeID
5,4,18.8409436711118,10.5171477871758,13.4417983105585,10.686987,13.272643,18.8409436711118,0,1947.15073983813,1965.99168350924,111700000
5,6,43.5225822059952,10.5171477871758,13.4417983105585,7.65940738655015,4.63332829441234,43.5225822059952,0,1947.15073983813,1990.67332204413,111700000
6,3,18.5205472574665,7.65940738655015,4.63332829441234,7.6833,4.6167,62.0431294634617,43.5225822059952,1990.67332204413,2009.19386930159,111700000
6,7,14.1464885395821,7.65940738655015,4.63332829441234,7.69568424445623,5.19451861907241,57.6690707455774,43.5225822059952,1990.67332204413,2004.81981058371,111700000
7,1,11.2157085419729,7.69568424445623,5.19451861907241,7.525829,5.762072,68.8847792875502,57.6690707455774,2004.81981058371,2016.03551912568,111700000
7,2,8.20739205121757,7.69568424445623,5.19451861907241,7.845422,5.182916,65.8764627967949,57.6690707455774,2004.81981058371,2013.02720263493,111700000
