node1,node2,length,startLat,startLon,endLat,endLon,endNodeL,startNodeL,startYear,endYear,treeID
5,4,24.2273517404917,10.494382287359,13.3011074145429,10.686987,13.272643,24.2273517404917,0,1941.76433176875,1965.99168350924,137900000
5,6,46.5224558407743,10.494382287359,13.3011074145429,7.76855343965394,5.41348976236591,46.5224558407743,0,1941.76433176875,1988.28678760953,137900000
6,3,20.9070816920672,7.76855343965394,5.41348976236591,7.6833,4.6167,67.4295375328415,46.5224558407743,1988.28678760953,2009.19386930159,137900000
6,7,19.1209862980341,7.76855343965394,5.41348976236591,7.52393061489958,6.19743272144928,65.6434421388085,46.5224558407743,1988.28678760953,2007.40777390756,137900000
7,1,8.62774521812163,7.52393061489958,6.19743272144928,7.525829,5.762072,74.2711873569301,65.6434421388085,2007.40777390756,2016.03551912568,137900000
7,2,5.61942872736632,7.52393061489958,6.19743272144928,7.845422,5.182916,71.2628708661748,65.6434421388085,2007.40777390756,2013.02720263493,137900000
