node1,node2,length,startLat,startLon,endLat,endLon,endNodeL,startNodeL,startYear,endYear,treeID
5,1,23.836260167642,10.2624119416148,11.9027628849647,10.686987,13.272643,23.836260167642,0,1942.1554233416,1965.99168350924,103100000
5,6,40.1344085500024,10.2624119416148,11.9027628849647,7.76090553377072,5.33697034626648,40.1344085500024,0,1942.1554233416,1982.2898318916,103100000
6,4,26.9040374099895,7.76090553377072,5.33697034626648,7.6833,4.6167,67.0384459599919,40.1344085500024,1982.2898318916,2009.19386930159,103100000
6,7,5.27776900725305,7.76090553377072,5.33697034626648,8.82747514545342,7.84651973555012,45.4121775572554,40.1344085500024,1982.2898318916,1987.56760089886,103100000
7,2,28.467918226825,8.82747514545342,7.84651973555012,7.525829,5.762072,73.8800957840804,45.4121775572554,1987.56760089886,2016.03551912568,103100000
7,3,25.4596017360697,8.82747514545342,7.84651973555012,7.845422,5.182916,70.8717792933251,45.4121775572554,1987.56760089886,2013.02720263493,103100000
