node1,node2,length,startLat,startLon,endLat,endLon,endNodeL,startNodeL,startYear,endYear,treeID
5,4,9.03478487716752,11.285784367104,13.9149904245698,10.686987,13.272643,9.03478487716752,0,1956.95689863208,1965.99168350924,127600000
5,6,45.7534906870185,11.285784367104,13.9149904245698,7.72341872447809,4.95649932915269,45.7534906870185,0,1956.95689863208,2002.7103893191,127600000
6,3,6.48347998249888,7.72341872447809,4.95649932915269,7.6833,4.6167,52.2369706695174,45.7534906870185,2002.7103893191,2009.19386930159,127600000
6,7,7.14786345476006,7.72341872447809,4.95649932915269,7.05136790061986,5.07875004959273,52.9013541417785,45.7534906870185,2002.7103893191,2009.85825277386,127600000
7,1,6.17726635182738,7.05136790061986,5.07875004959273,7.525829,5.762072,59.0786204936059,52.9013541417785,2009.85825277386,2016.03551912568,127600000
7,2,3.16894986107208,7.05136790061986,5.07875004959273,7.845422,5.182916,56.0703040028506,52.9013541417785,2009.85825277386,2013.02720263493,127600000
