node1,node2,length,startLat,startLon,endLat,endLon,endNodeL,startNodeL,startYear,endYear,treeID
5,4,40.4310667996509,11.4755133749973,13.816148606675,10.686987,13.272643,40.4310667996509,0,1925.56061670959,1965.99168350924,143000000
5,6,43.376451407368,11.4755133749973,13.816148606675,7.80643193494582,5.591263664356,43.376451407368,0,1925.56061670959,1968.93706811696,143000000
6,1,40.2568011846327,7.80643193494582,5.591263664356,7.6833,4.6167,83.6332525920008,43.376451407368,1968.93706811696,2009.19386930159,143000000
6,7,38.9125257801031,7.80643193494582,5.591263664356,7.45545810756215,5.67693572502476,82.2889771874711,43.376451407368,1968.93706811696,2007.84959389706,143000000
7,2,8.18592522861823,7.45545810756215,5.67693572502476,7.525829,5.762072,90.4749024160893,82.2889771874711,2007.84959389706,2016.03551912568,143000000
7,3,5.17760873786293,7.45545810756215,5.67693572502476,7.845422,5.182916,87.466585925334,82.2889771874711,2007.84959389706,2013.02720263493,143000000
