node1,node2,length,startLat,startLon,endLat,endLon,endNodeL,startNodeL,startYear,endYear,treeID
5,4,6.80725773619008,9.51926802900797,10.2302475553843,10.686987,13.272643,6.80725773619008,0,1959.18442577305,1965.99168350924,89600000
5,6,40.4895793891287,9.51926802900797,10.2302475553843,7.8178192882582,4.50379573112287,40.4895793891287,0,1959.18442577305,1999.67400516218,89600000
6,1,9.51986413941123,7.8178192882582,4.50379573112287,7.6833,4.6167,50.0094435285399,40.4895793891287,1999.67400516218,2009.19386930159,89600000
6,7,7.79584772079258,7.8178192882582,4.50379573112287,7.57306715390975,5.63859203893689,48.2854271099213,40.4895793891287,1999.67400516218,2007.46985288298,89600000
7,2,8.56566624270722,7.57306715390975,5.63859203893689,7.525829,5.762072,56.8510933526285,48.2854271099213,2007.46985288298,2016.03551912568,89600000
7,3,5.55734975195191,7.57306715390975,5.63859203893689,7.845422,5.182916,53.8427768618732,48.2854271099213,2007.46985288298,2013.02720263493,89600000
