node1,node2,length,startLat,startLon,endLat,endLon,endNodeL,startNodeL,startYear,endYear,treeID
5,1,29.5391658382207,10.8437953173245,13.3479617919766,10.686987,13.272643,29.5391658382207,0,1936.45251767102,1965.99168350924,57000000
5,6,50.2667680454656,10.8437953173245,13.3479617919766,7.91447207675605,5.11393969265445,50.2667680454656,0,1936.45251767102,1986.71928571649,57000000
6,2,22.4745835851049,7.91447207675605,5.11393969265445,7.6833,4.6167,72.7413516305705,50.2667680454656,1986.71928571649,2009.19386930159,57000000
6,7,21.8181077874283,7.91447207675605,5.11393969265445,7.80971218377235,4.98013665550862,72.0848758328939,50.2667680454656,1986.71928571649,2008.53739350392,57000000
7,3,4.48980913100993,7.80971218377235,4.98013665550862,7.845422,5.182916,76.5746849639038,72.0848758328939,2008.53739350392,2013.02720263493,57000000
7,4,7.49812562176524,7.80971218377235,4.98013665550862,7.525829,5.762072,79.5830014546591,72.0848758328939,2008.53739350392,2016.03551912568,57000000
