node1,node2,length,startLat,startLon,endLat,endLon,endNodeL,startNodeL,startYear,endYear,treeID
5,1,19.7806656704496,10.63993344911,12.2809959771286,10.686987,13.272643,19.7806656704496,0,1946.2110178388,1965.99168350924,50200000
5,6,38.4882470004349,10.63993344911,12.2809959771286,8.00950157868433,6.41284478136853,38.4882470004349,0,1946.2110178388,1984.69926483923,50200000
6,2,24.4946044623645,8.00950157868433,6.41284478136853,7.6833,4.6167,62.9828514627994,38.4882470004349,1984.69926483923,2009.19386930159,50200000
6,7,24.7808608519413,8.00950157868433,6.41284478136853,7.6991483391538,5.82690183080233,63.2691078523762,38.4882470004349,1984.69926483923,2009.48012569117,50200000
7,3,3.54707694375644,7.6991483391538,5.82690183080233,7.845422,5.182916,66.8161847961327,63.2691078523762,2009.48012569117,2013.02720263493,50200000
7,4,6.55539343451174,7.6991483391538,5.82690183080233,7.525829,5.762072,69.824501286888,63.2691078523762,2009.48012569117,2016.03551912568,50200000
