node1,node2,length,startLat,startLon,endLat,endLon,endNodeL,startNodeL,startYear,endYear,treeID
5,1,15.3552410471159,9.26291536364683,9.66165218563738,10.686987,13.272643,15.3552410471159,0,1950.63644246213,1965.99168350924,66700000
5,6,33.7236713629479,9.26291536364683,9.66165218563738,7.56166288427677,5.58283750115478,33.7236713629479,0,1950.63644246213,1984.36011382508,66700000
6,4,24.8337554765178,7.56166288427677,5.58283750115478,7.6833,4.6167,58.5574268394657,33.7236713629479,1984.36011382508,2009.19386930159,66700000
6,7,24.4353601020967,7.56166288427677,5.58283750115478,8.31267539078399,6.62178759645895,58.1590314650446,33.7236713629479,1984.36011382508,2008.79547392717,66700000
7,2,7.24004519850969,8.31267539078399,6.62178759645895,7.525829,5.762072,65.3990766635543,58.1590314650446,2008.79547392717,2016.03551912568,66700000
7,3,4.23172870775439,8.31267539078399,6.62178759645895,7.845422,5.182916,62.390760172799,58.1590314650446,2008.79547392717,2013.02720263493,66700000
