node1,node2,length,startLat,startLon,endLat,endLon,endNodeL,startNodeL,startYear,endYear,treeID
5,4,2.02160650279342,10.5590082646323,12.9857212695864,10.686987,13.272643,2.02160650279342,0,1963.97007700645,1965.99168350924,81600000
5,6,38.0845187031349,10.5590082646323,12.9857212695864,7.2252431041827,1.74011429056703,38.0845187031349,0,1963.97007700645,2002.05459570959,81600000
6,3,7.13927359200838,7.2252431041827,1.74011429056703,7.6833,4.6167,45.2237922951433,38.0845187031349,2002.05459570959,2009.19386930159,81600000
6,7,9.32848117376921,7.2252431041827,1.74011429056703,7.46301492669347,4.32686733369161,47.4129998769041,38.0845187031349,2002.05459570959,2011.38307688336,81600000
7,1,4.65244224232774,7.46301492669347,4.32686733369161,7.525829,5.762072,52.0654421192318,47.4129998769041,2011.38307688336,2016.03551912568,81600000
7,2,1.64412575157243,7.46301492669347,4.32686733369161,7.845422,5.182916,49.0571256284765,47.4129998769041,2011.38307688336,2013.02720263493,81600000
