node1,node2,length,startLat,startLon,endLat,endLon,endNodeL,startNodeL,startYear,endYear,treeID
5,4,56.4303004050787,9.31511290316246,8.57573487809996,10.686987,13.272643,56.4303004050787,0,1909.56138310417,1965.99168350924,79500000
5,6,56.5688777061591,9.31511290316246,8.57573487809996,8.82718647036827,7.51210432496504,56.5688777061591,0,1909.56138310417,1966.13026081033,79500000
6,3,43.0636084912695,8.82718647036827,7.51210432496504,7.6833,4.6167,99.6324861974285,56.5688777061591,1966.13026081033,2009.19386930159,79500000
6,7,39.4379029218876,8.82718647036827,7.51210432496504,8.60625577136282,6.95787381779591,96.0067806280467,56.5688777061591,1966.13026081033,2005.56816373221,79500000
7,1,10.4673553934704,8.60625577136282,6.95787381779591,7.525829,5.762072,106.474136021517,96.0067806280467,2005.56816373221,2016.03551912568,79500000
7,2,7.45903890271508,8.60625577136282,6.95787381779591,7.845422,5.182916,103.465819530762,96.0067806280467,2005.56816373221,2013.02720263493,79500000
