node1,node2,length,startLat,startLon,endLat,endLon,endNodeL,startNodeL,startYear,endYear,treeID
5,4,0.176022616909151,10.0524164168922,11.1374146421938,10.686987,13.272643,0.176022616909151,0,1965.81566089234,1965.99168350924,141200000
5,6,39.3887507229508,10.0524164168922,11.1374146421938,7.86744203911811,5.11878297838855,39.3887507229508,0,1965.81566089234,2005.20441161529,141200000
6,3,3.98945768630819,7.86744203911811,5.11878297838855,7.6833,4.6167,43.378208409259,39.3887507229508,2005.20441161529,2009.19386930159,141200000
6,7,4.80116976988594,7.86744203911811,5.11878297838855,7.89516131077379,5.14419680906121,44.1899204928367,39.3887507229508,2005.20441161529,2010.00558138517,141200000
7,1,6.02993774051081,7.89516131077379,5.14419680906121,7.525829,5.762072,50.2198582333476,44.1899204928367,2010.00558138517,2016.03551912568,141200000
7,2,3.0216212497555,7.89516131077379,5.14419680906121,7.845422,5.182916,47.2115417425922,44.1899204928367,2010.00558138517,2013.02720263493,141200000
