node1,node2,length,startLat,startLon,endLat,endLon,endNodeL,startNodeL,startYear,endYear,treeID
5,4,12.3644980355051,11.2912164509753,12.3176402358668,10.686987,13.272643,12.3644980355051,0,1953.62718547374,1965.99168350924,124100000
5,6,36.8641216890406,11.2912164509753,12.3176402358668,7.96153470225558,3.1026928116837,36.8641216890406,0,1953.62718547374,1990.49130716278,124100000
6,3,18.7025621388143,7.96153470225558,3.1026928116837,7.6833,4.6167,55.5666838278549,36.8641216890406,1990.49130716278,2009.19386930159,124100000
6,7,20.2133338416822,7.96153470225558,3.1026928116837,7.85341935769405,5.32804516692575,57.0774555307227,36.8641216890406,1990.49130716278,2010.70464100446,124100000
7,1,5.33087812122076,7.85341935769405,5.32804516692575,7.525829,5.762072,62.4083336519435,57.0774555307227,2010.70464100446,2016.03551912568,124100000
7,2,2.32256163046545,7.85341935769405,5.32804516692575,7.845422,5.182916,59.4000171611882,57.0774555307227,2010.70464100446,2013.02720263493,124100000
