node1,node2,length,startLat,startLon,endLat,endLon,endNodeL,startNodeL,startYear,endYear,treeID
5,4,0.946595484791644,10.7505756045406,13.3806369735469,10.686987,13.272643,0.946595484791644,0,1965.04508802445,1965.99168350924,65900000
5,6,39.1712750905947,10.7505756045406,13.3806369735469,7.70123235348035,5.05356898221014,39.1712750905947,0,1965.04508802445,2004.21636311505,65900000
6,3,4.97750618654674,7.70123235348035,5.05356898221014,7.6833,4.6167,44.1487812771415,39.1712750905947,2004.21636311505,2009.19386930159,65900000
6,7,4.15722701695924,7.70123235348035,5.05356898221014,7.78590266104364,5.81591164792655,43.328502107554,39.1712750905947,2004.21636311505,2008.37359013201,65900000
7,1,7.66192899367606,7.78590266104364,5.81591164792655,7.525829,5.762072,50.99043110123,43.328502107554,2008.37359013201,2016.03551912568,65900000
7,2,4.65361250292076,7.78590266104364,5.81591164792655,7.845422,5.182916,47.9821146104747,43.328502107554,2008.37359013201,2013.02720263493,65900000
