node1,node2,length,startLat,startLon,endLat,endLon,endNodeL,startNodeL,startYear,endYear,treeID
5,4,23.1151800398298,4.3682940742834,15.8608915779967,10.686987,13.272643,23.1151800398298,0,1942.87650346941,1965.99168350924,109100000
5,6,39.5210974053145,4.3682940742834,15.8608915779967,7.41606249723084,5.76564446857265,39.5210974053145,0,1942.87650346941,1982.39760087473,109100000
6,3,26.7962684268651,7.41606249723084,5.76564446857265,7.6833,4.6167,66.3173658321796,39.5210974053145,1982.39760087473,2009.19386930159,109100000
6,7,22.8768579475364,7.41606249723084,5.76564446857265,7.37580857984981,5.74942932479568,62.3979553528509,39.5210974053145,1982.39760087473,2005.27445882227,109100000
7,1,10.7610603034173,7.37580857984981,5.74942932479568,7.525829,5.762072,73.1590156562682,62.3979553528509,2005.27445882227,2016.03551912568,109100000
7,2,7.75274381266196,7.37580857984981,5.74942932479568,7.845422,5.182916,70.1506991655129,62.3979553528509,2005.27445882227,2013.02720263493,109100000
