node1,node2,length,startLat,startLon,endLat,endLon,endNodeL,startNodeL,startYear,endYear,treeID
5,4,11.1773351755843,8.99954124094379,10.5860790632947,10.686987,13.272643,11.1773351755843,0,1954.81434833366,1965.99168350924,147100000
5,6,36.952879428538,8.99954124094379,10.5860790632947,7.68345422818908,7.48314015200624,36.952879428538,0,1954.81434833366,1991.7672277622,147100000
6,1,17.4266415393962,7.68345422818908,7.48314015200624,7.6833,4.6167,54.3795209679342,36.952879428538,1991.7672277622,2009.19386930159,147100000
6,7,18.5116922243774,7.68345422818908,7.48314015200624,7.77057072687932,5.58412131590605,55.4645716529154,36.952879428538,1991.7672277622,2010.27891998658,147100000
7,2,5.75659913910734,7.77057072687932,5.58412131590605,7.525829,5.762072,61.2211707920227,55.4645716529154,2010.27891998658,2016.03551912568,147100000
7,3,2.74828264835203,7.77057072687932,5.58412131590605,7.845422,5.182916,58.2128543012674,55.4645716529154,2010.27891998658,2013.02720263493,147100000
