node1,node2,length,startLat,startLon,endLat,endLon,endNodeL,startNodeL,startYear,endYear,treeID
5,4,6.61929175820591,9.27266704878746,13.6616563382973,10.686987,13.272643,6.61929175820591,0,1959.37239175104,1965.99168350924,136900000
5,6,33.8281068830179,9.27266704878746,13.6616563382973,7.73902381833561,4.40575493883538,33.8281068830179,0,1959.37239175104,1993.20049863406,136900000
6,3,15.9933706675378,7.73902381833561,4.40575493883538,7.6833,4.6167,49.8214775505557,33.8281068830179,1993.20049863406,2009.19386930159,136900000
6,7,15.4449805972937,7.73902381833561,4.40575493883538,7.49692181697891,5.10611406826881,49.2730874803116,33.8281068830179,1993.20049863406,2008.64547923135,136900000
7,1,7.39003989433272,7.49692181697891,5.10611406826881,7.525829,5.762072,56.6631273746443,49.2730874803116,2008.64547923135,2016.03551912568,136900000
7,2,4.38172340357741,7.49692181697891,5.10611406826881,7.845422,5.182916,53.654810883889,49.2730874803116,2008.64547923135,2013.02720263493,136900000
