node1,node2,length,startLat,startLon,endLat,endLon,endNodeL,startNodeL,startYear,endYear,treeID
5,4,11.7487244116278,11.2431131412531,13.4975539315567,10.686987,13.272643,11.7487244116278,0,1954.24295909762,1965.99168350924,129400000
5,6,36.4456823542912,11.2431131412531,13.4975539315567,7.93979258541513,4.9823184409406,36.4456823542912,0,1954.24295909762,1990.68864145191,129400000
6,3,18.5052278496865,7.93979258541513,4.9823184409406,7.6833,4.6167,54.9509102039776,36.4456823542912,1990.68864145191,2009.19386930159,129400000
6,7,19.4750311376296,7.93979258541513,4.9823184409406,7.74798740301496,5.20442621353528,55.9207134919208,36.4456823542912,1990.68864145191,2010.16367258954,129400000
7,1,5.87184653614542,7.74798740301496,5.20442621353528,7.525829,5.762072,61.7925600280662,55.9207134919208,2010.16367258954,2016.03551912568,129400000
7,2,2.86353004539012,7.74798740301496,5.20442621353528,7.845422,5.182916,58.7842435373109,55.9207134919208,2010.16367258954,2013.02720263493,129400000
