node1,node2,length,startLat,startLon,endLat,endLon,endNodeL,startNodeL,startYear,endYear,treeID
5,4,143.707703483662,7.40998488756883,4.85406224087183,10.686987,13.272643,143.707703483662,0,1822.28398002558,1965.99168350924,117300000
5,6,102.651998256296,7.40998488756883,4.85406224087183,7.76671073764816,4.98572041629326,102.651998256296,0,1822.28398002558,1924.93597828188,117300000
6,3,84.2578910197155,7.76671073764816,4.98572041629326,7.6833,4.6167,186.909889276012,102.651998256296,1924.93597828188,2009.19386930159,117300000
6,7,73.0957858892904,7.76671073764816,4.98572041629326,7.65372557979469,5.52658023830495,175.747784145587,102.651998256296,1924.93597828188,1998.03176417117,117300000
7,1,18.0037549545137,7.65372557979469,5.52658023830495,7.525829,5.762072,193.7515391001,175.747784145587,1998.03176417117,2016.03551912568,117300000
7,2,14.9954384637584,7.65372557979469,5.52658023830495,7.845422,5.182916,190.743222609345,175.747784145587,1998.03176417117,2013.02720263493,117300000
