node1,node2,length,startLat,startLon,endLat,endLon,endNodeL,startNodeL,startYear,endYear,treeID
5,1,22.6853675045526,9.9017089137448,8.44394451366734,10.686987,13.272643,22.6853675045526,0,1943.30631600469,1965.99168350924,101300000
5,6,43.0400198485664,9.9017089137448,8.44394451366734,8.39952862163802,5.91313790362548,43.0400198485664,0,1943.30631600469,1986.34633585326,101300000
6,4,22.8475334483361,8.39952862163802,5.91313790362548,7.6833,4.6167,65.8875532969025,43.0400198485664,1986.34633585326,2009.19386930159,101300000
6,7,23.2614409085747,8.39952862163802,5.91313790362548,7.38247928725531,5.25380603510689,66.3014607571411,43.0400198485664,1986.34633585326,2009.60777676183,101300000
7,2,6.42774236384993,7.38247928725531,5.25380603510689,7.525829,5.762072,72.729203120991,66.3014607571411,2009.60777676183,2016.03551912568,101300000
7,3,3.41942587309462,7.38247928725531,5.25380603510689,7.845422,5.182916,69.7208866302357,66.3014607571411,2009.60777676183,2013.02720263493,101300000
