node1,node2,length,startLat,startLon,endLat,endLon,endNodeL,startNodeL,startYear,endYear,treeID
5,4,0.684331164826794,10.7189604276883,13.2815604987437,10.686987,13.272643,0.684331164826794,0,1965.30735234442,1965.99168350924,121000000
5,6,31.529424951089,10.7189604276883,13.2815604987437,7.48905362162132,4.36043267026137,31.529424951089,0,1965.30735234442,1996.83677729551,121000000
6,3,12.3570920060877,7.48905362162132,4.36043267026137,7.6833,4.6167,43.8865169571766,31.529424951089,1996.83677729551,2009.19386930159,121000000
6,7,14.6995668830728,7.48905362162132,4.36043267026137,7.57304666730816,4.6938202739205,46.2289918341618,31.529424951089,1996.83677729551,2011.53634417858,121000000
7,1,4.49917494710341,7.57304666730816,4.6938202739205,7.525829,5.762072,50.7281667812652,46.2289918341618,2011.53634417858,2016.03551912568,121000000
7,2,1.49085845634811,7.57304666730816,4.6938202739205,7.845422,5.182916,47.7198502905099,46.2289918341618,2011.53634417858,2013.02720263493,121000000
