node1,node2,length,startLat,startLon,endLat,endLon,endNodeL,startNodeL,startYear,endYear,treeID
5,4,38.0713909637292,8.17633438631041,6.12759444517058,10.686987,13.272643,38.0713909637292,0,1927.92029254552,1965.99168350924,92200000
5,6,64.8975428268304,8.17633438631041,6.12759444517058,8.38546431319385,6.97546883293936,64.8975428268304,0,1927.92029254552,1992.81783537235,92200000
6,1,16.3760339292487,8.38546431319385,6.97546883293936,7.6833,4.6167,81.273576756079,64.8975428268304,1992.81783537235,2009.19386930159,92200000
6,7,13.0063161632158,8.38546431319385,6.97546883293936,7.66095273736109,4.81546670754214,77.9038589900462,64.8975428268304,1992.81783537235,2005.82415153556,92200000
7,2,10.2113675901214,7.66095273736109,4.81546670754214,7.525829,5.762072,88.1152265801676,77.9038589900462,2005.82415153556,2016.03551912568,92200000
7,3,7.20305109936613,7.66095273736109,4.81546670754214,7.845422,5.182916,85.1069100894123,77.9038589900462,2005.82415153556,2013.02720263493,92200000
