node1,node2,length,startLat,startLon,endLat,endLon,endNodeL,startNodeL,startYear,endYear,treeID
5,4,62.584018998366,9.24197908248924,11.5487275871334,10.686987,13.272643,62.584018998366,0,1903.40766451088,1965.99168350924,83000000
5,6,76.1363522898234,9.24197908248924,11.5487275871334,7.50102511762134,4.4591880823102,76.1363522898234,0,1903.40766451088,1979.5440168007,83000000
6,3,29.6498525008925,7.50102511762134,4.4591880823102,7.6833,4.6167,105.786204790716,76.1363522898234,1979.5440168007,2009.19386930159,83000000
6,7,24.8447060306566,7.50102511762134,4.4591880823102,7.57878417812701,5.51921506665217,100.98105832048,76.1363522898234,1979.5440168007,2004.38872283136,83000000
7,1,11.6467962943245,7.57878417812701,5.51921506665217,7.525829,5.762072,112.627854614804,100.98105832048,2004.38872283136,2016.03551912568,83000000
7,2,8.63847980356918,7.57878417812701,5.51921506665217,7.845422,5.182916,109.619538124049,100.98105832048,2004.38872283136,2013.02720263493,83000000
