node1,node2,length,startLat,startLon,endLat,endLon,endNodeL,startNodeL,startYear,endYear,treeID
5,4,18.0333196999306,11.8980051863792,15.236029106806,10.686987,13.272643,18.0333196999306,0,1947.95836380931,1965.99168350924,65400000
5,6,34.6320654002394,11.8980051863792,15.236029106806,7.58010521394593,4.61870830972982,34.6320654002394,0,1947.95836380931,1982.59042920955,65400000
6,3,26.603440092041,7.58010521394593,4.61870830972982,7.6833,4.6167,61.2355054922804,34.6320654002394,1982.59042920955,2009.19386930159,65400000
6,7,26.7363606939816,7.58010521394593,4.61870830972982,7.73127857707692,5.01639567088382,61.3684260942209,34.6320654002394,1982.59042920955,2009.32678990353,65400000
7,1,6.70872922214805,7.73127857707692,5.01639567088382,7.525829,5.762072,68.077155316369,61.3684260942209,2009.32678990353,2016.03551912568,65400000
7,2,3.70041273139274,7.73127857707692,5.01639567088382,7.845422,5.182916,65.0688388256137,61.3684260942209,2009.32678990353,2013.02720263493,65400000
