node1,node2,length,startLat,startLon,endLat,endLon,endNodeL,startNodeL,startYear,endYear,treeID
5,1,0.0829380124827992,10.8413493749777,13.23856616153,10.686987,13.272643,0.0829380124827992,0,1965.90874549676,1965.99168350924,56500000
5,6,30.3059215218204,10.8413493749777,13.23856616153,7.38179981727238,5.8439316586391,30.3059215218204,0,1965.90874549676,1996.21466701858,56500000
6,2,12.9792022830123,7.38179981727238,5.8439316586391,7.6833,4.6167,43.2851238048326,30.3059215218204,1996.21466701858,2009.19386930159,56500000
6,7,14.6984462909412,7.38179981727238,5.8439316586391,7.51385172315786,5.94088940477667,45.0043678127616,30.3059215218204,1996.21466701858,2010.91311330952,56500000
7,3,2.11408932540429,7.51385172315786,5.94088940477667,7.845422,5.182916,47.1184571381659,45.0043678127616,2010.91311330952,2013.02720263493,56500000
7,4,5.12240581615959,7.51385172315786,5.94088940477667,7.525829,5.762072,50.1267736289212,45.0043678127616,2010.91311330952,2016.03551912568,56500000
