node1,node2,length,startLat,startLon,endLat,endLon,endNodeL,startNodeL,startYear,endYear,treeID
5,4,18.7271265192751,9.42035185725895,11.1340820842668,10.686987,13.272643,18.7271265192751,0,1947.26455698997,1965.99168350924,127900000
5,6,41.8725807666336,9.42035185725895,11.1340820842668,7.69162530822211,5.0485875619801,41.8725807666336,0,1947.26455698997,1989.1371377566,127900000
6,3,20.0567315449913,7.69162530822211,5.0485875619801,7.6833,4.6167,61.9293123116249,41.8725807666336,1989.1371377566,2009.19386930159,127900000
6,7,16.6392228306988,7.69162530822211,5.0485875619801,7.42204524312176,5.05499748313163,58.5118035973324,41.8725807666336,1989.1371377566,2005.7763605873,127900000
7,1,10.2591585383811,7.42204524312176,5.05499748313163,7.525829,5.762072,68.7709621357135,58.5118035973324,2005.7763605873,2016.03551912568,127900000
7,2,7.25084204762579,7.42204524312176,5.05499748313163,7.845422,5.182916,65.7626456449582,58.5118035973324,2005.7763605873,2013.02720263493,127900000
