node1,node2,length,startLat,startLon,endLat,endLon,endNodeL,startNodeL,startYear,endYear,treeID
5,4,1.31993640055962,10.4910772133015,12.0524604973459,10.686987,13.272643,1.31993640055962,0,1964.67174710869,1965.99168350924,141100000
5,6,37.844115302696,10.4910772133015,12.0524604973459,7.49905201877159,4.79922949453639,37.844115302696,0,1964.67174710869,2002.51586241138,141100000
6,3,6.67800689021349,7.49905201877159,4.79922949453639,7.6833,4.6167,44.5221221929094,37.844115302696,2002.51586241138,2009.19386930159,141100000
6,7,7.67726101752152,7.49905201877159,4.79922949453639,7.67927435490863,5.63052850786685,45.5213763202175,37.844115302696,2002.51586241138,2010.1931234289,141100000
7,1,5.84239569678053,7.67927435490863,5.63052850786685,7.525829,5.762072,51.363772016998,45.5213763202175,2010.1931234289,2016.03551912568,141100000
7,2,2.83407920602522,7.67927435490863,5.63052850786685,7.845422,5.182916,48.3554555262427,45.5213763202175,2010.1931234289,2013.02720263493,141100000
