node1,node2,length,startLat,startLon,endLat,endLon,endNodeL,startNodeL,startYear,endYear,treeID
5,4,6.10589728388979,10.3918412865798,13.5438075941939,10.686987,13.272643,6.10589728388979,0,1959.88578622535,1965.99168350924,143300000
5,6,38.4959244197258,10.3918412865798,13.5438075941939,7.64778971362733,4.58318171724937,38.4959244197258,0,1959.88578622535,1998.38171064508,143300000
6,1,10.8121586565138,7.64778971362733,4.58318171724937,7.6833,4.6167,49.3080830762396,38.4959244197258,1998.38171064508,2009.19386930159,143300000
6,7,12.8839845161882,7.64778971362733,4.58318171724937,7.37985217219682,3.9196108688032,51.379908935914,38.4959244197258,1998.38171064508,2011.26569516127,143300000
7,2,4.76982396441422,7.37985217219682,3.9196108688032,7.525829,5.762072,56.1497329003282,51.379908935914,2011.26569516127,2016.03551912568,143300000
7,3,1.76150747365891,7.37985217219682,3.9196108688032,7.845422,5.182916,53.1414164095729,51.379908935914,2011.26569516127,2013.02720263493,143300000
