node1,node2,length,startLat,startLon,endLat,endLon,endNodeL,startNodeL,startYear,endYear,treeID
5,4,10.7080507787365,10.3118271469546,12.9226369751946,10.686987,13.272643,10.7080507787365,0,1955.28363273051,1965.99168350924,80300000
5,6,34.933511292342,10.3118271469546,12.9226369751946,7.73537473540711,5.55764641951261,34.933511292342,0,1955.28363273051,1990.21714402285,80300000
6,3,18.9767252787444,7.73537473540711,5.55764641951261,7.6833,4.6167,53.9102365710864,34.933511292342,1990.21714402285,2009.19386930159,80300000
6,7,18.9518960653245,7.73537473540711,5.55764641951261,7.8224330002452,5.31406334493048,53.8854073576665,34.933511292342,1990.21714402285,2009.16904008817,80300000
7,1,6.8664790375084,7.8224330002452,5.31406334493048,7.525829,5.762072,60.7518863951749,53.8854073576665,2009.16904008817,2016.03551912568,80300000
7,2,3.8581625467531,7.8224330002452,5.31406334493048,7.845422,5.182916,57.7435699044196,53.8854073576665,2009.16904008817,2013.02720263493,80300000
