node1,node2,length,startLat,startLon,endLat,endLon,endNodeL,startNodeL,startYear,endYear,treeID
5,4,11.4988924938626,10.4826232587755,12.8903892237834,10.686987,13.272643,11.4988924938626,0,1954.49279101538,1965.99168350924,116900000
5,6,34.2669456039598,10.4826232587755,12.8903892237834,7.8103180246373,4.88630968709152,34.2669456039598,0,1954.49279101538,1988.75973661934,116900000
6,3,20.4341326822527,7.8103180246373,4.88630968709152,7.6833,4.6167,54.7010782862124,34.2669456039598,1988.75973661934,2009.19386930159,116900000
6,7,20.5267586781265,7.8103180246373,4.88630968709152,7.76875391763456,5.12325027032079,54.7937042820863,34.2669456039598,1988.75973661934,2009.28649529747,116900000
7,1,6.74902382821473,7.76875391763456,5.12325027032079,7.525829,5.762072,61.542728110301,54.7937042820863,2009.28649529747,2016.03551912568,116900000
7,2,3.74070733745943,7.76875391763456,5.12325027032079,7.845422,5.182916,58.5344116195457,54.7937042820863,2009.28649529747,2013.02720263493,116900000
