node1,node2,length,startLat,startLon,endLat,endLon,endNodeL,startNodeL,startYear,endYear,treeID
5,4,21.7203165456085,10.7166351049221,13.5814029199445,10.686987,13.272643,21.7203165456085,0,1944.27136696364,1965.99168350924,125600000
5,6,40.7610416216207,10.7166351049221,13.5814029199445,7.46567001734398,5.20202578986618,40.7610416216207,0,1944.27136696364,1985.03240858526,125600000
6,3,24.1614607163376,7.46567001734398,5.20202578986618,7.6833,4.6167,64.9225023379583,40.7610416216207,1985.03240858526,2009.19386930159,125600000
6,7,23.4500695188263,7.46567001734398,5.20202578986618,7.71449429880101,5.85737027231789,64.211111140447,40.7610416216207,1985.03240858526,2008.48247810408,125600000
7,1,7.55304102159988,7.71449429880101,5.85737027231789,7.525829,5.762072,71.7641521620469,64.211111140447,2008.48247810408,2016.03551912568,125600000
7,2,4.54472453084457,7.71449429880101,5.85737027231789,7.845422,5.182916,68.7558356712916,64.211111140447,2008.48247810408,2013.02720263493,125600000
