node1,node2,length,startLat,startLon,endLat,endLon,endNodeL,startNodeL,startYear,endYear,treeID
5,4,5.36465329177788,8.57805786328838,4.52001498427191,10.686987,13.272643,5.36465329177788,0,1960.62703021747,1965.99168350924,137300000
5,6,44.1019549005691,8.57805786328838,4.52001498427191,7.88153375830824,4.50663681863528,44.1019549005691,0,1960.62703021747,2004.72898511804,137300000
6,3,4.46488418355861,7.88153375830824,4.50663681863528,7.6833,4.6167,48.5668390841277,44.1019549005691,2004.72898511804,2009.19386930159,137300000
6,7,4.3021588808701,7.88153375830824,4.50663681863528,7.83680367528042,5.42912573613434,48.4041137814392,44.1019549005691,2004.72898511804,2009.03114399891,137300000
7,1,7.00437512677707,7.83680367528042,5.42912573613434,7.525829,5.762072,55.4084889082163,48.4041137814392,2009.03114399891,2016.03551912568,137300000
7,2,3.99605863602176,7.83680367528042,5.42912573613434,7.845422,5.182916,52.400172417461,48.4041137814392,2009.03114399891,2013.02720263493,137300000
