node1,node2,length,startLat,startLon,endLat,endLon,endNodeL,startNodeL,startYear,endYear,treeID
5,4,35.0173327229983,8.0088835970185,5.16354072396876,10.686987,13.272643,35.0173327229983,0,1930.97435078625,1965.99168350924,140100000
5,6,48.3955793467024,8.0088835970185,5.16354072396876,7.77993775896782,4.71072029801063,48.3955793467024,0,1930.97435078625,1979.36993013295,140100000
6,3,29.8239391686458,7.77993775896782,4.71072029801063,7.6833,4.6167,78.2195185153482,48.3955793467024,1979.36993013295,2009.19386930159,140100000
6,7,30.0200604098621,7.77993775896782,4.71072029801063,7.6846669712661,5.05924951258608,78.4156397565645,48.3955793467024,1979.36993013295,2009.38999054281,140100000
7,1,6.64552858287224,7.6846669712661,5.05924951258608,7.525829,5.762072,85.0611683394367,78.4156397565645,2009.38999054281,2016.03551912568,140100000
7,2,3.63721209211693,7.6846669712661,5.05924951258608,7.845422,5.182916,82.0528518486814,78.4156397565645,2009.38999054281,2013.02720263493,140100000
