node1,node2,length,startLat,startLon,endLat,endLon,endNodeL,startNodeL,startYear,endYear,treeID
5,4,12.5948244555677,9.70403194148234,7.69517598052063,10.686987,13.272643,12.5948244555677,0,1953.39685905368,1965.99168350924,146500000
5,6,42.3305610085182,9.70403194148234,7.69517598052063,8.27200489508059,5.4251574468984,42.3305610085182,0,1953.39685905368,1995.7274200622,146500000
6,1,13.4664492393993,8.27200489508059,5.4251574468984,7.6833,4.6167,55.7970102479176,42.3305610085182,1995.7274200622,2009.19386930159,146500000
6,7,15.2246363941033,8.27200489508059,5.4251574468984,7.86916072882582,5.20223127942276,57.5551974026216,42.3305610085182,1995.7274200622,2010.9520564563,146500000
7,2,5.08346266938453,7.86916072882582,5.20223127942276,7.525829,5.762072,62.6386600720061,57.5551974026216,2010.9520564563,2016.03551912568,146500000
7,3,2.07514617862922,7.86916072882582,5.20223127942276,7.845422,5.182916,59.6303435812508,57.5551974026216,2010.9520564563,2013.02720263493,146500000
