node1,node2,length,startLat,startLon,endLat,endLon,endNodeL,startNodeL,startYear,endYear,treeID
5,1,11.6731802309522,8.05595608071179,5.41848120865322,10.686987,13.272643,11.6731802309522,0,1954.31850327829,1965.99168350924,51300000
5,6,39.9656312326445,8.05595608071179,5.41848120865322,7.89832240228331,5.01021076221203,39.9656312326445,0,1954.31850327829,1994.28413451094,51300000
6,2,14.9097347906575,7.89832240228331,5.01021076221203,7.6833,4.6167,54.8753660233021,39.9656312326445,1994.28413451094,2009.19386930159,51300000
6,7,16.6105094298466,7.89832240228331,5.01021076221203,7.80317038990092,5.05082014878852,56.5761406624911,39.9656312326445,1994.28413451094,2010.89464394078,51300000
7,3,2.13255869414417,7.80317038990092,5.05082014878852,7.845422,5.182916,58.7086993566353,56.5761406624911,2010.89464394078,2013.02720263493,51300000
7,4,5.14087518489948,7.80317038990092,5.05082014878852,7.525829,5.762072,61.7170158473906,56.5761406624911,2010.89464394078,2016.03551912568,51300000
