node1,node2,length,startLat,startLon,endLat,endLon,endNodeL,startNodeL,startYear,endYear,treeID
5,4,19.49089540386,10.54087439549,17.4088986813033,10.686987,13.272643,19.49089540386,0,1946.50078810538,1965.99168350924,85000000
5,6,43.7415065146637,10.54087439549,17.4088986813033,7.750805270153,5.56776332864843,43.7415065146637,0,1946.50078810538,1990.24229462005,85000000
6,3,18.9515746815461,7.750805270153,5.56776332864843,7.6833,4.6167,62.6930811962099,43.7415065146637,1990.24229462005,2009.19386930159,85000000
6,7,17.3128350618093,7.750805270153,5.56776332864843,7.65298327362756,5.78922593735606,61.054341576473,43.7415065146637,1990.24229462005,2007.55512968186,85000000
7,1,8.48038944382543,7.65298327362756,5.78922593735606,7.525829,5.762072,69.5347310202984,61.054341576473,2007.55512968186,2016.03551912568,85000000
7,2,5.47207295307012,7.65298327362756,5.78922593735606,7.845422,5.182916,66.5264145295431,61.054341576473,2007.55512968186,2013.02720263493,85000000
