node1,node2,length,startLat,startLon,endLat,endLon,endNodeL,startNodeL,startYear,endYear,treeID
5,4,69.1732380921289,8.00772258650084,6.86067877260673,10.686987,13.272643,69.1732380921289,0,1896.81844541712,1965.99168350924,98800000
5,6,57.9424995851485,8.00772258650084,6.86067877260673,7.67172875204747,7.08891035687935,57.9424995851485,0,1896.81844541712,1954.76094500226,98800000
6,3,54.4329242993302,7.67172875204747,7.08891035687935,7.6833,4.6167,112.375423884479,57.9424995851485,1954.76094500226,2009.19386930159,98800000
6,7,47.1627916284473,7.67172875204747,7.08891035687935,7.76541583838494,7.08164406135897,105.105291213596,57.9424995851485,1954.76094500226,2001.92373663071,98800000
7,1,14.1117824949714,7.76541583838494,7.08164406135897,7.525829,5.762072,119.217073708567,105.105291213596,2001.92373663071,2016.03551912568,98800000
7,2,11.1034660042161,7.76541583838494,7.08164406135897,7.845422,5.182916,116.208757217812,105.105291213596,2001.92373663071,2013.02720263493,98800000
