node1,node2,length,startLat,startLon,endLat,endLon,endNodeL,startNodeL,startYear,endYear,treeID
508,255,469.255053119612,7.516544567758,5.7331799511571,7.6833,4.6167,1013.31290564419,544.057852524581,1542.94705048096,2012.20210360057,899400000
508,509,389.527217923114,7.516544567758,5.7331799511571,7.52989808798199,5.75405146669687,933.585070447695,544.057852524581,1542.94705048096,1932.47426840407,899400000
509,254,86.5694850205863,7.52989808798199,5.75405146669687,7.525829,5.762072,1020.15455546828,933.585070447695,1932.47426840407,2019.04375342466,899400000
509,253,83.561168529831,7.52989808798199,5.75405146669687,7.845422,5.182916,1017.14623897753,933.585070447695,1932.47426840407,2016.0354369339,899400000
