node1,node2,length,startLat,startLon,endLat,endLon,endNodeL,startNodeL,startYear,endYear,treeID
354,99,428.832800234069,7.83047003064547,5.14563901049339,7.6833,4.6167,1074.56801988384,645.735219649768,1583.3693033665,2012.20210360057,749600000
354,355,364.853696819106,7.83047003064547,5.14563901049339,7.83351372300091,5.18110039619723,1010.58891646887,645.735219649768,1583.3693033665,1948.22300018561,749600000
355,97,67.8124367482966,7.83351372300091,5.18110039619723,7.845422,5.182916,1078.40135321717,1010.58891646887,1948.22300018561,2016.0354369339,749600000
355,98,70.8207532390519,7.83351372300091,5.18110039619723,7.525829,5.762072,1081.40966970793,1010.58891646887,1948.22300018561,2019.04375342466,749600000
