node1,node2,length,startLat,startLon,endLat,endLon,endNodeL,startNodeL,startYear,endYear,treeID
354,355,370.848903223442,7.81700120050005,5.16859483825723,7.8363768031085,5.17540994732246,946.60053497792,575.751631754478,1586.51174654733,1957.36064977077,655800000
354,100,425.690357053239,7.81700120050005,5.16859483825723,7.6833,4.6167,1001.44198880772,575.751631754478,1586.51174654733,2012.20210360057,655800000
355,98,58.6747871631308,7.8363768031085,5.17540994732246,7.845422,5.182916,1005.27532214105,946.60053497792,1957.36064977077,2016.0354369339,655800000
355,99,61.6831036538861,7.8363768031085,5.17540994732246,7.525829,5.762072,1008.28363863181,946.60053497792,1957.36064977077,2019.04375342466,655800000
