node1,node2,length,startLat,startLon,endLat,endLon,endNodeL,startNodeL,startYear,endYear,treeID
354,355,384.085992119974,7.64648376470049,4.62055138283573,7.83475699568715,5.17135281314957,1002.17773646787,618.0917443479,1565.39892878613,1949.48492090611,217600000
354,99,446.803174814434,7.64648376470049,4.62055138283573,7.6833,4.6167,1064.89491916233,618.0917443479,1565.39892878613,2012.20210360057,217600000
355,98,69.5588325185491,7.83475699568715,5.17135281314957,7.525829,5.762072,1071.73656898642,1002.17773646787,1949.48492090611,2019.04375342466,217600000
355,97,66.5505160277938,7.83475699568715,5.17135281314957,7.845422,5.182916,1068.72825249567,1002.17773646787,1949.48492090611,2016.0354369339,217600000
