node1,node2,length,startLat,startLon,endLat,endLon,endNodeL,startNodeL,startYear,endYear,treeID
258,4,411.595550660061,7.84970746119919,4.81193556314547,7.6833,4.6167,897.068716811121,485.47316615106,1600.60655294051,2012.20210360057,366000000
258,259,361.30591352768,7.84970746119919,4.81193556314547,7.82795393566914,5.1912971003677,846.77907967874,485.47316615106,1600.60655294051,1961.91246646819,366000000
259,3,57.1312869564694,7.82795393566914,5.1912971003677,7.525829,5.762072,903.910366635209,846.77907967874,1961.91246646819,2019.04375342466,366000000
259,2,54.1229704657141,7.82795393566914,5.1912971003677,7.845422,5.182916,900.902050144454,846.77907967874,1961.91246646819,2016.0354369339,366000000
