node1,node2,length,startLat,startLon,endLat,endLon,endNodeL,startNodeL,startYear,endYear,treeID
354,355,463.392276823608,7.90311552294431,5.20122712394243,7.84011909622286,5.16972923068148,1196.38828492379,732.996008100184,1470.21062619354,1933.60290301714,1278800000
354,100,541.991477407034,7.90311552294431,5.20122712394243,7.6833,4.6167,1274.98748550722,732.996008100184,1470.21062619354,2012.20210360057,1278800000
355,99,85.4408504075144,7.84011909622286,5.16972923068148,7.525829,5.762072,1281.82913533131,1196.38828492379,1933.60290301714,2019.04375342466,1278800000
355,98,82.4325339167591,7.84011909622286,5.16972923068148,7.845422,5.182916,1278.82081884055,1196.38828492379,1933.60290301714,2016.0354369339,1278800000
