node1,node2,length,startLat,startLon,endLat,endLon,endNodeL,startNodeL,startYear,endYear,treeID
258,4,431.88057266365,7.51279952629188,5.80699604519411,7.6833,4.6167,951.292263138706,519.411690475057,1580.32153093692,2012.20210360057,975000000
258,259,374.378538538824,7.51279952629188,5.80699604519411,7.50187301445701,5.80103396127241,893.790229013881,519.411690475057,1580.32153093692,1954.70006947574,975000000
259,3,64.3436839489143,7.50187301445701,5.80103396127241,7.525829,5.762072,958.133912962795,893.790229013881,1954.70006947574,2019.04375342466,975000000
259,2,61.335367458159,7.50187301445701,5.80103396127241,7.845422,5.182916,955.12559647204,893.790229013881,1954.70006947574,2016.0354369339,975000000
