node1,node2,length,startLat,startLon,endLat,endLon,endNodeL,startNodeL,startYear,endYear,treeID
413,159,420.932422197267,7.62730514757274,4.62504155840529,7.6833,4.6167,977.662101410349,556.729679213082,1591.2696814033,2012.20210360057,1390800000
413,414,353.803545677572,7.62730514757274,4.62504155840529,7.84224867882373,5.17988382820776,910.533224890654,556.729679213082,1591.2696814033,1945.07322708087,1390800000
414,157,70.9622098530281,7.84224867882373,5.17988382820776,7.845422,5.182916,981.495434743682,910.533224890654,1945.07322708087,2016.0354369339,1390800000
414,158,73.9705263437834,7.84224867882373,5.17988382820776,7.525829,5.762072,984.503751234438,910.533224890654,1945.07322708087,2019.04375342466,1390800000
