node1,node2,length,startLat,startLon,endLat,endLon,endNodeL,startNodeL,startYear,endYear,treeID
258,3,490.180494109502,7.86613355913956,4.98893848437061,7.6833,4.6167,1138.05734140545,647.876847295943,1522.02160949107,2012.20210360057,1001600000
258,259,430.742511169348,7.86613355913956,4.98893848437061,7.8452221256584,5.18251226127457,1078.61935846529,647.876847295943,1522.02160949107,1952.76412066042,1001600000
259,1,63.2713162734873,7.8452221256584,5.18251226127457,7.845422,5.182916,1141.89067473878,1078.61935846529,1952.76412066042,2016.0354369339,1001600000
259,2,66.2796327642426,7.8452221256584,5.18251226127457,7.525829,5.762072,1144.89899122953,1078.61935846529,1952.76412066042,2019.04375342466,1001600000
