node1,node2,length,startLat,startLon,endLat,endLon,endNodeL,startNodeL,startYear,endYear,treeID
354,99,480.821109100305,7.71808760480854,5.82669355276401,7.6833,4.6167,1010.85820434262,530.037095242311,1531.38099450026,2012.20210360057,108400000
354,355,410.713719348417,7.71808760480854,5.82669355276401,7.59770895532729,5.80830771355924,940.750814590729,530.037095242311,1531.38099450026,1942.09471384868,108400000
355,98,76.949039575976,7.59770895532729,5.80830771355924,7.525829,5.762072,1017.6998541667,940.750814590729,1942.09471384868,2019.04375342466,108400000
355,97,73.9407230852207,7.59770895532729,5.80830771355924,7.845422,5.182916,1014.69153767595,940.750814590729,1942.09471384868,2016.0354369339,108400000
