node1,node2,length,startLat,startLon,endLat,endLon,endNodeL,startNodeL,startYear,endYear,treeID
508,255,424.168433202649,7.65753172338029,4.61807293274717,7.6833,4.6167,1006.05934587285,581.890912670202,1588.03367039792,2012.20210360057,520000000
508,509,364.174551681073,7.65753172338029,4.61807293274717,7.66265954394244,5.7809796933417,946.065464351275,581.890912670202,1588.03367039792,1952.20822207899,520000000
509,254,66.8355313456644,7.66265954394244,5.7809796933417,7.525829,5.762072,1012.90099569694,946.065464351275,1952.20822207899,2019.04375342466,520000000
509,253,63.8272148549091,7.66265954394244,5.7809796933417,7.845422,5.182916,1009.89267920618,946.065464351275,1952.20822207899,2016.0354369339,520000000
