node1,node2,length,startLat,startLon,endLat,endLon,endNodeL,startNodeL,startYear,endYear,treeID
259,3,467.354747127265,7.5712128913709,5.18460496016715,7.6833,4.6167,1211.31108282219,743.956335694922,1544.8473564733,2012.20210360057,597000000
259,260,400.697359292352,7.5712128913709,5.18460496016715,7.8342497386722,5.17351107196588,1144.65369498727,743.956335694922,1544.8473564733,1945.54471576566,597000000
260,1,70.4907211682462,7.8342497386722,5.17351107196588,7.845422,5.182916,1215.14441615552,1144.65369498727,1945.54471576566,2016.0354369339,597000000
260,2,73.4990376590015,7.8342497386722,5.17351107196588,7.525829,5.762072,1218.15273264628,1144.65369498727,1945.54471576566,2019.04375342466,597000000
