node1,node2,length,startLat,startLon,endLat,endLon,endNodeL,startNodeL,startYear,endYear,treeID
259,260,337.814910921167,7.78480391417658,4.65968113218496,7.58361179832189,5.69445954498832,948.886250494777,611.071339573611,1604.61834114819,1942.43325206935,1092600000
259,4,407.583762452382,7.78480391417658,4.65968113218496,7.6833,4.6167,1018.65510202599,611.071339573611,1604.61834114819,2012.20210360057,1092600000
260,2,73.6021848645482,7.58361179832189,5.69445954498832,7.845422,5.182916,1022.48843535933,948.886250494777,1942.43325206935,2016.0354369339,1092600000
260,3,76.6105013553035,7.58361179832189,5.69445954498832,7.525829,5.762072,1025.49675185008,948.886250494777,1942.43325206935,2019.04375342466,1092600000
