node1,node2,length,startLat,startLon,endLat,endLon,endNodeL,startNodeL,startYear,endYear,treeID
413,159,406.119101299911,7.6803542613921,4.61400282225781,7.6833,4.6167,1003.1550890353,597.035987735386,1606.08300230066,2012.20210360057,1255000000
413,414,346.861416637955,7.6803542613921,4.61400282225781,7.74850036514833,5.46217719388861,943.897404373341,597.035987735386,1606.08300230066,1952.94441893861,1255000000
414,157,63.0910179952885,7.74850036514833,5.46217719388861,7.845422,5.182916,1006.98842236863,943.897404373341,1952.94441893861,2016.0354369339,1255000000
414,158,66.0993344860438,7.74850036514833,5.46217719388861,7.525829,5.762072,1009.99673885938,943.897404373341,1952.94441893861,2019.04375342466,1255000000
