node1,node2,length,startLat,startLon,endLat,endLon,endNodeL,startNodeL,startYear,endYear,treeID
508,255,483.387927870844,7.6273456352841,5.22607443424892,7.6833,4.6167,1014.3319739889,530.944046118057,1528.81417572973,2012.20210360057,830800000
508,509,420.948217769819,7.6273456352841,5.22607443424892,7.85031011302325,5.20580444944144,951.892263887876,530.944046118057,1528.81417572973,1949.76239349954,830800000
509,254,69.2813599251134,7.85031011302325,5.20580444944144,7.525829,5.762072,1021.17362381299,951.892263887876,1949.76239349954,2019.04375342466,830800000
509,253,66.2730434343581,7.85031011302325,5.20580444944144,7.845422,5.182916,1018.16530732223,951.892263887876,1949.76239349954,2016.0354369339,830800000
