node1,node2,length,startLat,startLon,endLat,endLon,endNodeL,startNodeL,startYear,endYear,treeID
259,260,321.061827750369,7.77426495071929,5.1293122590643,7.84622221076307,5.17879834124652,921.28046669187,600.218638941501,1630.87399881557,1951.93582656594,658600000
259,4,381.328104785,7.77426495071929,5.1293122590643,7.6833,4.6167,981.546743726502,600.218638941501,1630.87399881557,2012.20210360057,658600000
260,2,64.0996103679647,7.84622221076307,5.17879834124652,7.845422,5.182916,985.380077059835,921.28046669187,1951.93582656594,2016.0354369339,658600000
260,3,67.10792685872,7.84622221076307,5.17879834124652,7.525829,5.762072,988.38839355059,921.28046669187,1951.93582656594,2019.04375342466,658600000
