node1,node2,length,startLat,startLon,endLat,endLon,endNodeL,startNodeL,startYear,endYear,treeID
258,4,486.591901135943,7.54475455729808,4.6388428151109,7.6833,4.6167,1049.32015381298,562.728252677039,1525.61020246463,2012.20210360057,865800000
258,259,410.1302302267,7.54475455729808,4.6388428151109,7.84297728379295,5.18325652956,972.858482903739,562.728252677039,1525.61020246463,1935.74043269133,865800000
259,3,83.3033207333316,7.84297728379295,5.18325652956,7.525829,5.762072,1056.16180363707,972.858482903739,1935.74043269133,2019.04375342466,865800000
259,2,80.2950042425763,7.84297728379295,5.18325652956,7.845422,5.182916,1053.15348714632,972.858482903739,1935.74043269133,2016.0354369339,865800000
