node1,node2,length,startLat,startLon,endLat,endLon,endNodeL,startNodeL,startYear,endYear,treeID
354,355,413.685619520759,7.87107489418952,5.00997290368199,7.8740438923265,5.16121282097138,958.791058516785,545.105438996026,1529.64215251256,1943.32777203332,1491600000
354,100,482.559951088006,7.87107489418952,5.00997290368199,7.6833,4.6167,1027.66539008403,545.105438996026,1529.64215251256,2012.20210360057,1491600000
355,98,72.7076649005803,7.8740438923265,5.16121282097138,7.845422,5.182916,1031.49872341737,958.791058516785,1943.32777203332,2016.0354369339,1491600000
355,99,75.7159813913356,7.8740438923265,5.16121282097138,7.525829,5.762072,1034.50703990812,958.791058516785,1943.32777203332,2019.04375342466,1491600000
