node1,node2,length,startLat,startLon,endLat,endLon,endNodeL,startNodeL,startYear,endYear,treeID
259,260,389.83847760098,7.86552373823982,5.12805364960118,7.84673497884707,5.08537664345441,899.378894361131,509.540416760151,1563.99985159514,1953.83832919612,1070200000
259,4,448.202252005433,7.86552373823982,5.12805364960118,7.6833,4.6167,957.742668765584,509.540416760151,1563.99985159514,2012.20210360057,1070200000
260,2,62.1971077377863,7.84673497884707,5.08537664345441,7.845422,5.182916,961.576002098917,899.378894361131,1953.83832919612,2016.0354369339,1070200000
260,3,65.2054242285416,7.84673497884707,5.08537664345441,7.525829,5.762072,964.584318589672,899.378894361131,1953.83832919612,2019.04375342466,1070200000
