node1,node2,length,startLat,startLon,endLat,endLon,endNodeL,startNodeL,startYear,endYear,treeID
354,355,436.360626962548,7.67472057293542,5.07513582064076,7.71248996329442,5.09429860452463,1040.06010927427,603.699482311722,1501.27522771396,1937.63585467651,1280200000
354,100,510.926875886612,7.67472057293542,5.07513582064076,7.6833,4.6167,1114.62635819833,603.699482311722,1501.27522771396,2012.20210360057,1280200000
355,99,81.4078987481527,7.71248996329442,5.09429860452463,7.525829,5.762072,1121.46800802242,1040.06010927427,1937.63585467651,2019.04375342466,1280200000
355,98,78.3995822573974,7.71248996329442,5.09429860452463,7.845422,5.182916,1118.45969153167,1040.06010927427,1937.63585467651,2016.0354369339,1280200000
