node1,node2,length,startLat,startLon,endLat,endLon,endNodeL,startNodeL,startYear,endYear,treeID
259,3,449.450914106916,7.78050342784004,4.99160845649459,7.6833,4.6167,1009.07935652147,559.628442414553,1562.75118949365,2012.20210360057,543800000
259,260,383.963994456034,7.78050342784004,4.99160845649459,7.78132263237784,5.0734459046588,943.592436870587,559.628442414553,1562.75118949365,1946.71518394969,543800000
260,1,69.3202529842155,7.78132263237784,5.0734459046588,7.845422,5.182916,1012.9126898548,943.592436870587,1946.71518394969,2016.0354369339,543800000
260,2,72.3285694749708,7.78132263237784,5.0734459046588,7.525829,5.762072,1015.92100634556,943.592436870587,1946.71518394969,2019.04375342466,543800000
