node1,node2,length,startLat,startLon,endLat,endLon,endNodeL,startNodeL,startYear,endYear,treeID
413,158,448.189572146314,7.68225657341378,4.61556153288352,7.6833,4.6167,1001.48595118464,553.296379038324,1564.01253145426,2012.20210360057,479400000
413,414,383.603126480792,7.68225657341378,4.61556153288352,7.87496566160779,5.08224973293611,936.899505519116,553.296379038324,1564.01253145426,1947.61565793505,479400000
414,157,71.4280954896106,7.87496566160779,5.08224973293611,7.525829,5.762072,1008.32760100873,936.899505519116,1947.61565793505,2019.04375342466,479400000
414,156,68.4197789988553,7.87496566160779,5.08224973293611,7.845422,5.182916,1005.31928451797,936.899505519116,1947.61565793505,2016.0354369339,479400000
