node1,node2,length,startLat,startLon,endLat,endLon,endNodeL,startNodeL,startYear,endYear,treeID
508,509,434.064763756163,7.81735001001995,5.1820472529978,7.85700593322073,5.19791008954712,858.684368979168,424.619605223004,1512.67070283952,1946.73546659569,872800000
508,254,499.531400761046,7.81735001001995,5.1820472529978,7.6833,4.6167,924.15100598405,424.619605223004,1512.67070283952,2012.20210360057,872800000
509,253,72.3082868289711,7.85700593322073,5.19791008954712,7.525829,5.762072,930.992655808139,858.684368979168,1946.73546659569,2019.04375342466,872800000
509,252,69.2999703382158,7.85700593322073,5.19791008954712,7.845422,5.182916,927.984339317384,858.684368979168,1946.73546659569,2016.0354369339,872800000
