node1,node2,length,startLat,startLon,endLat,endLon,endNodeL,startNodeL,startYear,endYear,treeID
508,255,408.923578376204,7.8106176387036,5.17233309795926,7.6833,4.6167,887.317587538471,478.394009162267,1603.27852522436,2012.20210360057,779000000
508,509,346.176830664242,7.8106176387036,5.17233309795926,7.82307819090675,5.16966347350033,824.570839826509,478.394009162267,1603.27852522436,1949.45535588861,779000000
509,254,69.588397536051,7.82307819090675,5.16966347350033,7.525829,5.762072,894.15923736256,824.570839826509,1949.45535588861,2019.04375342466,779000000
509,253,66.5800810452957,7.82307819090675,5.16966347350033,7.845422,5.182916,891.150920871804,824.570839826509,1949.45535588861,2016.0354369339,779000000
