node1,node2,length,startLat,startLon,endLat,endLon,endNodeL,startNodeL,startYear,endYear,treeID
508,254,431.385204821579,7.26944953578179,4.73465874284608,7.6833,4.6167,873.059214388323,441.674009566744,1580.81689877899,2012.20210360057,139200000
508,509,365.279198315093,7.26944953578179,4.73465874284608,7.52269255986278,5.56292789928156,806.953207881837,441.674009566744,1580.81689877899,1946.09609709408,139200000
509,252,69.9393398398192,7.52269255986278,5.56292789928156,7.845422,5.182916,876.892547721656,806.953207881837,1946.09609709408,2016.0354369339,139200000
509,253,72.9476563305745,7.52269255986278,5.56292789928156,7.525829,5.762072,879.900864212412,806.953207881837,1946.09609709408,2019.04375342466,139200000
