node1,node2,length,startLat,startLon,endLat,endLon,endNodeL,startNodeL,startYear,endYear,treeID
354,100,486.849605529643,7.49914657284917,5.74507210435863,7.6833,4.6167,1129.54184573818,642.692240208534,1525.35249807093,2012.20210360057,1116400000
354,355,413.383393667824,7.49914657284917,5.74507210435863,7.50046025752555,5.74725680969954,1056.07563387636,642.692240208534,1525.35249807093,1938.73589173875,1116400000
355,98,77.2995451951518,7.50046025752555,5.74725680969954,7.845422,5.182916,1133.37517907151,1056.07563387636,1938.73589173875,2016.0354369339,1116400000
355,99,80.3078616859071,7.50046025752555,5.74725680969954,7.525829,5.762072,1136.38349556226,1056.07563387636,1938.73589173875,2019.04375342466,1116400000
