node1,node2,length,startLat,startLon,endLat,endLon,endNodeL,startNodeL,startYear,endYear,treeID
508,509,405.525926506936,7.73785634356935,4.73510452858764,7.52570542045934,5.76321498127229,1101.8562590534,696.330332546466,1541.33475359873,1946.86068010567,1470600000
508,255,470.86735000184,7.73785634356935,4.73510452858764,7.6833,4.6167,1167.19768254831,696.330332546466,1541.33475359873,2012.20210360057,1470600000
509,253,69.174756828237,7.52570542045934,5.76321498127229,7.845422,5.182916,1171.03101588164,1101.8562590534,1946.86068010567,2016.0354369339,1470600000
509,254,72.1830733189923,7.52570542045934,5.76321498127229,7.525829,5.762072,1174.03933237239,1101.8562590534,1946.86068010567,2019.04375342466,1470600000
