node1,node2,length,startLat,startLon,endLat,endLon,endNodeL,startNodeL,startYear,endYear,treeID
413,158,438.736151985006,8.09799714268597,4.78040803154257,7.6833,4.6167,1125.69176598775,686.955614002749,1573.46595161556,2012.20210360057,751000000
413,414,374.427551209322,8.09799714268597,4.78040803154257,8.10117094238895,4.78150999256911,1061.38316521207,686.955614002749,1573.46595161556,1947.89350282488,751000000
414,157,71.1502505997728,8.10117094238895,4.78150999256911,7.525829,5.762072,1132.53341581184,1061.38316521207,1947.89350282488,2019.04375342466,751000000
414,156,68.1419341090175,8.10117094238895,4.78150999256911,7.845422,5.182916,1129.52509932109,1061.38316521207,1947.89350282488,2016.0354369339,751000000
