node1,node2,length,startLat,startLon,endLat,endLon,endNodeL,startNodeL,startYear,endYear,treeID
354,99,477.303722120281,7.45567680399287,5.79135753188209,7.6833,4.6167,1022.36624019006,545.062518069778,1534.89838148029,2012.20210360057,1297000000
354,355,410.528511671241,7.45567680399287,5.79135753188209,7.51523726157994,5.76068785979192,955.591029741019,545.062518069778,1534.89838148029,1945.42689315153,1297000000
355,97,70.608543782373,7.51523726157994,5.76068785979192,7.845422,5.182916,1026.19957352339,955.591029741019,1945.42689315153,2016.0354369339,1297000000
355,98,73.6168602731283,7.51523726157994,5.76068785979192,7.525829,5.762072,1029.20789001415,955.591029741019,1945.42689315153,2019.04375342466,1297000000
