node1,node2,length,startLat,startLon,endLat,endLon,endNodeL,startNodeL,startYear,endYear,treeID
354,99,482.426221453957,7.6857325651652,4.59571178845397,7.6833,4.6167,1151.30854663247,668.882325178515,1529.77588214661,2012.20210360057,798600000
354,355,406.03828649713,7.6857325651652,4.59571178845397,7.79795928890609,5.1856122998709,1074.92061167564,668.882325178515,1529.77588214661,1935.81416864374,798600000
355,97,80.2212682901606,7.79795928890609,5.1856122998709,7.845422,5.182916,1155.1418799658,1074.92061167564,1935.81416864374,2016.0354369339,798600000
355,98,83.2295847809159,7.79795928890609,5.1856122998709,7.525829,5.762072,1158.15019645656,1074.92061167564,1935.81416864374,2019.04375342466,798600000
