node1,node2,length,startLat,startLon,endLat,endLon,endNodeL,startNodeL,startYear,endYear,treeID
508,509,347.455876419903,8.83501774733153,6.01380720549407,7.80171723180018,5.16659801487026,847.616098141717,500.160221721813,1613.2647116014,1960.7205880213,654400000
508,255,398.937391999172,8.83501774733153,6.01380720549407,7.6833,4.6167,899.097613720985,500.160221721813,1613.2647116014,2012.20210360057,654400000
509,254,58.3231654033574,7.80171723180018,5.16659801487026,7.525829,5.762072,905.939263545074,847.616098141717,1960.7205880213,2019.04375342466,654400000
509,253,55.3148489126021,7.80171723180018,5.16659801487026,7.845422,5.182916,902.930947054319,847.616098141717,1960.7205880213,2016.0354369339,654400000
