node1,node2,length,startLat,startLon,endLat,endLon,endNodeL,startNodeL,startYear,endYear,treeID
508,254,382.786788121729,7.87114891043657,5.19518609366213,7.6833,4.6167,985.089666693627,602.302878571898,1629.41531547884,2012.20210360057,801400000
508,509,314.157053264288,7.87114891043657,5.19518609366213,7.83182818868348,5.17948781695327,916.459931836186,602.302878571898,1629.41531547884,1943.57236874313,801400000
509,252,72.4630681907741,7.83182818868348,5.17948781695327,7.845422,5.182916,988.92300002696,916.459931836186,1943.57236874313,2016.0354369339,801400000
509,253,75.4713846815294,7.83182818868348,5.17948781695327,7.525829,5.762072,991.931316517715,916.459931836186,1943.57236874313,2019.04375342466,801400000
