node1,node2,length,startLat,startLon,endLat,endLon,endNodeL,startNodeL,startYear,endYear,treeID
354,355,307.15664534396,7.8746186629408,5.15998427189119,7.82740821273319,5.17279593244747,882.718093978725,575.561448634764,1645.96498354314,1953.1216288871,1056200000
354,100,366.237120057432,7.8746186629408,5.15998427189119,7.6833,4.6167,941.798568692196,575.561448634764,1645.96498354314,2012.20210360057,1056200000
355,98,62.9138080468045,7.82740821273319,5.17279593244747,7.845422,5.182916,945.631902025529,882.718093978725,1953.1216288871,2016.0354369339,1056200000
355,99,65.9221245375599,7.82740821273319,5.17279593244747,7.525829,5.762072,948.640218516285,882.718093978725,1953.1216288871,2019.04375342466,1056200000
