node1,node2,length,startLat,startLon,endLat,endLon,endNodeL,startNodeL,startYear,endYear,treeID
508,255,401.179919642939,7.69807106979087,4.5772315821337,7.6833,4.6167,853.405189370136,452.225269727198,1611.02218395763,2012.20210360057,1473400000
508,509,343.825155713305,7.69807106979087,4.5772315821337,7.53388421029194,5.75244867536153,796.050425440503,452.225269727198,1611.02218395763,1954.84733967094,1473400000
509,254,64.1964137537223,7.53388421029194,5.75244867536153,7.525829,5.762072,860.246839194225,796.050425440503,1954.84733967094,2019.04375342466,1473400000
509,253,61.188097262967,7.53388421029194,5.75244867536153,7.845422,5.182916,857.23852270347,796.050425440503,1954.84733967094,2016.0354369339,1473400000
