node1,node2,length,startLat,startLon,endLat,endLon,endNodeL,startNodeL,startYear,endYear,treeID
508,255,421.242936143464,7.6688901730608,4.61813912153779,7.6833,4.6167,914.593972407552,493.351036264087,1590.95916745711,2012.20210360057,1497200000
508,509,361.937820955874,7.6688901730608,4.61813912153779,7.66894277991351,4.58502260071075,855.288857219961,493.351036264087,1590.95916745711,1952.89698841298,1497200000
509,254,66.146765011679,7.66894277991351,4.58502260071075,7.525829,5.762072,921.43562223164,855.288857219961,1952.89698841298,2019.04375342466,1497200000
509,253,63.1384485209237,7.66894277991351,4.58502260071075,7.845422,5.182916,918.427305740885,855.288857219961,1952.89698841298,2016.0354369339,1497200000
