node1,node2,length,startLat,startLon,endLat,endLon,endNodeL,startNodeL,startYear,endYear,treeID
508,254,434.189433613474,7.52563132684957,5.78425628141142,7.6833,4.6167,1086.97311293526,652.783679321787,1578.0126699871,2012.20210360057,942800000
508,509,374.999807689579,7.52563132684957,5.78425628141142,7.52386890898127,5.76284858056179,1027.78348701137,652.783679321787,1578.0126699871,1953.01247767667,942800000
509,253,66.0312757479836,7.52386890898127,5.76284858056179,7.525829,5.762072,1093.81476275935,1027.78348701137,1953.01247767667,2019.04375342466,942800000
509,252,63.0229592572283,7.52386890898127,5.76284858056179,7.845422,5.182916,1090.80644626859,1027.78348701137,1953.01247767667,2016.0354369339,942800000
