node1,node2,length,startLat,startLon,endLat,endLon,endNodeL,startNodeL,startYear,endYear,treeID
508,254,380.271680565852,7.7319878130288,4.66194022060905,7.6833,4.6167,911.357989301294,531.086308735443,1631.93042303472,2012.20210360057,808400000
508,509,327.044605769083,7.7319878130288,4.66194022060905,7.846084995914,5.16972762403935,858.130914504526,531.086308735443,1631.93042303472,1958.9750288038,808400000
509,252,57.060408130102,7.846084995914,5.16972762403935,7.845422,5.182916,915.191322634628,858.130914504526,1958.9750288038,2016.0354369339,808400000
509,253,60.0687246208573,7.846084995914,5.16972762403935,7.525829,5.762072,918.199639125383,858.130914504526,1958.9750288038,2019.04375342466,808400000
