node1,node2,length,startLat,startLon,endLat,endLon,endNodeL,startNodeL,startYear,endYear,treeID
508,255,415.17749128296,7.69127697449878,4.62102322293189,7.6833,4.6167,1029.60639079639,614.428899513425,1597.02461231761,2012.20210360057,1036600000
508,509,357.013345215639,7.69127697449878,4.62102322293189,7.80899681251465,5.11371201665541,971.442244729064,614.428899513425,1597.02461231761,1954.03795753325,1036600000
509,254,65.0057958914099,7.80899681251465,5.11371201665541,7.525829,5.762072,1036.44804062047,971.442244729064,1954.03795753325,2019.04375342466,1036600000
509,253,61.9974794006546,7.80899681251465,5.11371201665541,7.845422,5.182916,1033.43972412972,971.442244729064,1954.03795753325,2016.0354369339,1036600000
