node1,node2,length,startLat,startLon,endLat,endLon,endNodeL,startNodeL,startYear,endYear,treeID
259,3,416.424203523335,7.37257283783493,4.24635110252425,7.6833,4.6167,969.142817244241,552.718613720906,1595.77790007723,2012.20210360057,136400000
259,260,352.150741271809,7.37257283783493,4.24635110252425,7.87865039676994,5.22441502596326,904.869354992715,552.718613720906,1595.77790007723,1947.92864134904,136400000
260,1,68.1067955848592,7.87865039676994,5.22441502596326,7.845422,5.182916,972.976150577574,904.869354992715,1947.92864134904,2016.0354369339,136400000
260,2,71.1151120756145,7.87865039676994,5.22441502596326,7.525829,5.762072,975.98446706833,904.869354992715,1947.92864134904,2019.04375342466,136400000
