node1,node2,length,startLat,startLon,endLat,endLon,endNodeL,startNodeL,startYear,endYear,treeID
258,3,414.681225387134,7.84115296017748,5.18537999024325,7.6833,4.6167,893.840127468976,479.158902081842,1597.52087821343,2012.20210360057,163000000
258,259,345.230285798018,7.84115296017748,5.18537999024325,7.83617509746477,5.18405517431937,824.38918787986,479.158902081842,1597.52087821343,1942.75116401145,163000000
259,1,73.2842729224493,7.83617509746477,5.18405517431937,7.845422,5.182916,897.673460802309,824.38918787986,1942.75116401145,2016.0354369339,163000000
259,2,76.2925894132047,7.83617509746477,5.18405517431937,7.525829,5.762072,900.681777293065,824.38918787986,1942.75116401145,2019.04375342466,163000000
