node1,node2,length,startLat,startLon,endLat,endLon,endNodeL,startNodeL,startYear,endYear,treeID
258,3,463.41071148132,7.65654807432565,4.60916125156972,7.6833,4.6167,944.016731140202,480.606019658882,1548.79139211925,2012.20210360057,492000000
258,259,401.968697710168,7.65654807432565,4.60916125156972,7.67620964850635,4.83500413187021,882.574717369049,480.606019658882,1548.79139211925,1950.76008982942,492000000
259,1,65.2753471044854,7.67620964850635,4.83500413187021,7.845422,5.182916,947.850064473535,882.574717369049,1950.76008982942,2016.0354369339,492000000
259,2,68.2836635952407,7.67620964850635,4.83500413187021,7.525829,5.762072,950.85838096429,882.574717369049,1950.76008982942,2019.04375342466,492000000
