node1,node2,length,startLat,startLon,endLat,endLon,endNodeL,startNodeL,startYear,endYear,treeID
413,158,448.141499506599,7.84914668662657,5.17662814409634,7.6833,4.6167,990.617012227673,542.475512721074,1564.06060409397,2012.20210360057,284800000
413,414,391.952653025709,7.84914668662657,5.17662814409634,7.84084968587993,5.1774963765772,934.428165746783,542.475512721074,1564.06060409397,1956.01325711968,284800000
414,157,63.0304963049782,7.84084968587993,5.1774963765772,7.525829,5.762072,997.458662051761,934.428165746783,1956.01325711968,2019.04375342466,284800000
414,156,60.0221798142229,7.84084968587993,5.1774963765772,7.845422,5.182916,994.450345561006,934.428165746783,1956.01325711968,2016.0354369339,284800000
