node1,node2,length,startLat,startLon,endLat,endLon,endNodeL,startNodeL,startYear,endYear,treeID
259,260,365.229377325905,7.67173422360701,4.65224458097685,7.84880955423896,5.29411999005949,955.195521227927,589.966143902022,1593.41109954639,1958.6404768723,1214400000
259,4,418.791004054177,7.67173422360701,4.65224458097685,7.6833,4.6167,1008.7571479562,589.966143902022,1593.41109954639,2012.20210360057,1214400000
260,2,57.3949600616051,7.84880955423896,5.29411999005949,7.845422,5.182916,1012.59048128953,955.195521227927,1958.6404768723,2016.0354369339,1214400000
260,3,60.4032765523604,7.84880955423896,5.29411999005949,7.525829,5.762072,1015.59879778029,955.195521227927,1958.6404768723,2019.04375342466,1214400000
