node1,node2,length,startLat,startLon,endLat,endLon,endNodeL,startNodeL,startYear,endYear,treeID
259,260,404.472789982933,8.00463564903757,4.76989435166959,7.99340676452628,4.7282869095127,1039.16300871101,634.690218728074,1534.72829288254,1939.20108286548,766400000
259,4,477.473810718026,8.00463564903757,4.76989435166959,7.6833,4.6167,1112.1640294461,634.690218728074,1534.72829288254,2012.20210360057,766400000
260,2,76.8343540684262,7.99340676452628,4.7282869095127,7.845422,5.182916,1115.99736277943,1039.16300871101,1939.20108286548,2016.0354369339,766400000
260,3,79.8426705591815,7.99340676452628,4.7282869095127,7.525829,5.762072,1119.00567927019,1039.16300871101,1939.20108286548,2019.04375342466,766400000
