node1,node2,length,startLat,startLon,endLat,endLon,endNodeL,startNodeL,startYear,endYear,treeID
508,254,405.699164917596,7.87984576287085,5.20000718951114,7.6833,4.6167,1009.73385645421,604.034691536609,1606.50293868297,2012.20210360057,1004400000
508,509,346.150200824852,7.87984576287085,5.20000718951114,7.88489383889,5.1738285209178,950.184892361462,604.034691536609,1606.50293868297,1952.65313950783,1004400000
509,253,66.390613916832,7.88489383889,5.1738285209178,7.525829,5.762072,1016.57550627829,950.184892361462,1952.65313950783,2019.04375342466,1004400000
509,252,63.3822974260767,7.88489383889,5.1738285209178,7.845422,5.182916,1013.56718978754,950.184892361462,1952.65313950783,2016.0354369339,1004400000
