node1,node2,length,startLat,startLon,endLat,endLon,endNodeL,startNodeL,startYear,endYear,treeID
508,254,415.548013879812,7.67883128234922,5.26235456424978,7.6833,4.6167,993.620537652853,578.072523773041,1596.65408972076,2012.20210360057,1383800000
508,509,349.669020566625,7.67883128234922,5.26235456424978,7.90519263905271,5.2055756916681,927.741544339666,578.072523773041,1596.65408972076,1946.32311028738,1383800000
509,252,69.7123266465206,7.90519263905271,5.2055756916681,7.845422,5.182916,997.453870986186,927.741544339666,1946.32311028738,2016.0354369339,1383800000
509,253,72.7206431372759,7.90519263905271,5.2055756916681,7.525829,5.762072,1000.46218747694,927.741544339666,1946.32311028738,2019.04375342466,1383800000
