node1,node2,length,startLat,startLon,endLat,endLon,endNodeL,startNodeL,startYear,endYear,treeID
259,260,398.384215411106,7.79002407334255,5.2117475287464,7.85627693665937,5.19650173760874,987.834047018919,589.449831607813,1552.23274766476,1950.61696307587,667000000
259,4,459.96935593581,7.79002407334255,5.2117475287464,7.6833,4.6167,1049.41918754362,589.449831607813,1552.23274766476,2012.20210360057,667000000
260,2,65.418473858037,7.85627693665937,5.19650173760874,7.845422,5.182916,1053.25252087696,987.834047018919,1950.61696307587,2016.0354369339,667000000
260,3,68.4267903487923,7.85627693665937,5.19650173760874,7.525829,5.762072,1056.26083736771,987.834047018919,1950.61696307587,2019.04375342466,667000000
