node1,node2,length,startLat,startLon,endLat,endLon,endNodeL,startNodeL,startYear,endYear,treeID
508,509,430.828391240336,7.71515448272253,5.12213014401313,7.85007062085081,5.18496992155246,948.354442551412,517.526051311077,1520.27788254505,1951.10627378539,1089800000
508,254,491.924221055519,7.71515448272253,5.12213014401313,7.6833,4.6167,1009.4502723666,517.526051311077,1520.27788254505,2012.20210360057,1089800000
509,252,64.9291631485166,7.85007062085081,5.18496992155246,7.845422,5.182916,1013.28360569993,948.354442551412,1951.10627378539,2016.0354369339,1089800000
509,253,67.9374796392719,7.85007062085081,5.18496992155246,7.525829,5.762072,1016.29192219068,948.354442551412,1951.10627378539,2019.04375342466,1089800000
