node1,node2,length,startLat,startLon,endLat,endLon,endNodeL,startNodeL,startYear,endYear,treeID
259,260,358.118922879415,7.66411821098797,4.60790825358297,7.49499734881849,5.87039929866127,882.960440619038,524.841517739623,1600.16367567669,1958.2825985561,1117800000
259,4,412.038427923882,7.66411821098797,4.60790825358297,7.6833,4.6167,936.879945663506,524.841517739623,1600.16367567669,2012.20210360057,1117800000
260,2,57.7528383778006,7.49499734881849,5.87039929866127,7.845422,5.182916,940.713278996839,882.960440619038,1958.2825985561,2016.0354369339,1117800000
260,3,60.7611548685559,7.49499734881849,5.87039929866127,7.525829,5.762072,943.721595487594,882.960440619038,1958.2825985561,2019.04375342466,1117800000
