node1,node2,length,startLat,startLon,endLat,endLon,endNodeL,startNodeL,startYear,endYear,treeID
258,4,498.998985948956,7.68576436818614,4.71695018771234,7.6833,4.6167,1015.60131379907,516.602327850117,1513.20311765161,2012.20210360057,384200000
258,259,433.972231241897,7.68576436818614,4.71695018771234,7.86501936940521,5.19582281162973,950.574559092015,516.602327850117,1513.20311765161,1947.17534889351,384200000
259,3,71.868404531147,7.86501936940521,5.19582281162973,7.525829,5.762072,1022.44296362316,950.574559092015,1947.17534889351,2019.04375342466,384200000
259,2,68.8600880403917,7.86501936940521,5.19582281162973,7.845422,5.182916,1019.43464713241,950.574559092015,1947.17534889351,2016.0354369339,384200000
