node1,node2,length,startLat,startLon,endLat,endLon,endNodeL,startNodeL,startYear,endYear,treeID
258,4,484.582084348102,7.76250563283928,4.75269937838792,7.6833,4.6167,955.162619254307,470.580534906204,1527.62001925247,2012.20210360057,118200000
258,259,420.906804525244,7.76250563283928,4.75269937838792,7.71083060352738,4.83485233036861,891.487339431449,470.580534906204,1527.62001925247,1948.52682377771,118200000
259,3,70.5169296469467,7.71083060352738,4.83485233036861,7.525829,5.762072,962.004269078395,891.487339431449,1948.52682377771,2019.04375342466,118200000
259,2,67.5086131561913,7.71083060352738,4.83485233036861,7.845422,5.182916,958.99595258764,891.487339431449,1948.52682377771,2016.0354369339,118200000
