node1,node2,length,startLat,startLon,endLat,endLon,endNodeL,startNodeL,startYear,endYear,treeID
354,355,429.96039478921,7.76226393020457,5.11553731830136,7.85496635792694,5.15521903474519,974.144640945305,544.184246156095,1521.11051672551,1951.07091151472,486400000
354,99,491.09158687506,7.76226393020457,5.11553731830136,7.6833,4.6167,1035.27583303115,544.184246156095,1521.11051672551,2012.20210360057,486400000
355,98,67.9728419099377,7.85496635792694,5.15521903474519,7.525829,5.762072,1042.11748285524,974.144640945305,1951.07091151472,2019.04375342466,486400000
355,97,64.9645254191824,7.85496635792694,5.15521903474519,7.845422,5.182916,1039.10916636449,974.144640945305,1951.07091151472,2016.0354369339,486400000
