node1,node2,length,startLat,startLon,endLat,endLon,endNodeL,startNodeL,startYear,endYear,treeID
354,355,398.277654626671,7.84548757224862,4.95954135611101,7.84514470073989,5.18140381296391,874.131626763855,475.853972137184,1555.68438089933,1953.962035526,1098200000
354,99,456.51772270124,7.84548757224862,4.95954135611101,7.6833,4.6167,932.371694838424,475.853972137184,1555.68438089933,2012.20210360057,1098200000
355,97,62.073401407903,7.84514470073989,5.18140381296391,7.845422,5.182916,936.205028171758,874.131626763855,1953.962035526,2016.0354369339,1098200000
355,98,65.0817178986583,7.84514470073989,5.18140381296391,7.525829,5.762072,939.213344662513,874.131626763855,1953.962035526,2019.04375342466,1098200000
