node1,node2,length,startLat,startLon,endLat,endLon,endNodeL,startNodeL,startYear,endYear,treeID
508,255,402.526025479898,7.84483491097903,5.17426359958546,7.6833,4.6167,1033.39424820075,630.868222720849,1609.67607812067,2012.20210360057,662800000
508,509,338.659333368438,7.84483491097903,5.17426359958546,7.85111298405135,5.18156645780743,969.527556089287,630.868222720849,1609.67607812067,1948.33541148911,662800000
509,253,67.7000254447934,7.85111298405135,5.18156645780743,7.845422,5.182916,1037.22758153408,969.527556089287,1948.33541148911,2016.0354369339,662800000
509,254,70.7083419355487,7.85111298405135,5.18156645780743,7.525829,5.762072,1040.23589802484,969.527556089287,1948.33541148911,2019.04375342466,662800000
