node1,node2,length,startLat,startLon,endLat,endLon,endNodeL,startNodeL,startYear,endYear,treeID
508,509,340.385301124053,7.86551380214518,5.17550760374959,7.84640679539017,5.18695996565159,797.865875950551,457.480574826498,1616.69100419979,1957.07630532384,240000000
508,255,395.511099400782,7.86551380214518,5.17550760374959,7.6833,4.6167,852.99167422728,457.480574826498,1616.69100419979,2012.20210360057,240000000
509,254,61.9674481008178,7.84640679539017,5.18695996565159,7.525829,5.762072,859.833324051368,797.865875950551,1957.07630532384,2019.04375342466,240000000
509,253,58.9591316100625,7.84640679539017,5.18695996565159,7.845422,5.182916,856.825007560613,797.865875950551,1957.07630532384,2016.0354369339,240000000
