node1,node2,length,startLat,startLon,endLat,endLon,endNodeL,startNodeL,startYear,endYear,treeID
508,509,429.567846855793,7.63528557756448,4.68484955217441,7.85046687975253,5.18326187324328,1033.63587598245,604.068029126658,1516.24960584241,1945.81745269821,874200000
508,255,495.952497758154,7.63528557756448,4.68484955217441,7.6833,4.6167,1100.02052688481,604.068029126658,1516.24960584241,2012.20210360057,874200000
509,254,73.2263007264502,7.85046687975253,5.18326187324328,7.525829,5.762072,1106.8621767089,1033.63587598245,1945.81745269821,2019.04375342466,874200000
509,253,70.2179842356949,7.85046687975253,5.18326187324328,7.845422,5.182916,1103.85386021815,1033.63587598245,1945.81745269821,2016.0354369339,874200000
