node1,node2,length,startLat,startLon,endLat,endLon,endNodeL,startNodeL,startYear,endYear,treeID
258,3,459.54289637944,7.85339846312047,5.11111450939545,7.6833,4.6167,984.71589152019,525.17299514075,1552.65920722113,2012.20210360057,1416000000
258,259,389.505535589053,7.85339846312047,5.11111450939545,7.93418338768324,5.08257938810733,914.678530729802,525.17299514075,1552.65920722113,1942.16474281018,1416000000
259,1,73.8706941237208,7.93418338768324,5.08257938810733,7.845422,5.182916,988.549224853523,914.678530729802,1942.16474281018,2016.0354369339,1416000000
259,2,76.8790106144761,7.93418338768324,5.08257938810733,7.525829,5.762072,991.557541344279,914.678530729802,1942.16474281018,2019.04375342466,1416000000
