node1,node2,length,startLat,startLon,endLat,endLon,endNodeL,startNodeL,startYear,endYear,treeID
508,255,467.309753150712,7.68640380694322,4.58358776569065,7.6833,4.6167,923.358586346683,456.048833195971,1544.89235044986,2012.20210360057,436000000
508,509,410.174388261033,7.68640380694322,4.58358776569065,7.86122945938073,5.1604782668876,866.223221457004,456.048833195971,1544.89235044986,1955.06673871089,436000000
509,253,60.9686982230121,7.86122945938073,5.1604782668876,7.845422,5.182916,927.191919680016,866.223221457004,1955.06673871089,2016.0354369339,436000000
509,254,63.9770147137674,7.86122945938073,5.1604782668876,7.525829,5.762072,930.200236170772,866.223221457004,1955.06673871089,2019.04375342466,436000000
