node1,node2,length,startLat,startLon,endLat,endLon,endNodeL,startNodeL,startYear,endYear,treeID
259,260,318.636191301946,7.64608983245878,4.62854621699765,7.84651449313958,5.20028621053614,1009.79068216801,691.154490866067,1636.07576092744,1954.71195222939,1340400000
259,4,376.126342673129,7.64608983245878,4.62854621699765,7.6833,4.6167,1067.2808335392,691.154490866067,1636.07576092744,2012.20210360057,1340400000
260,2,61.3234847045154,7.84651449313958,5.20028621053614,7.845422,5.182916,1071.11416687253,1009.79068216801,1954.71195222939,2016.0354369339,1340400000
260,3,64.3318011952707,7.84651449313958,5.20028621053614,7.525829,5.762072,1074.12248336328,1009.79068216801,1954.71195222939,2019.04375342466,1340400000
