node1,node2,length,startLat,startLon,endLat,endLon,endNodeL,startNodeL,startYear,endYear,treeID
259,260,404.332695209723,7.88208637989423,5.17969410240432,7.89128462523392,5.1853193806747,960.26691564763,555.934220437908,1557.32521713016,1961.65791233988,1140200000
259,4,454.876886470409,7.88208637989423,5.17969410240432,7.6833,4.6167,1010.81110690832,555.934220437908,1557.32521713016,2012.20210360057,1140200000
260,2,54.3775245940197,7.89128462523392,5.1853193806747,7.845422,5.182916,1014.64444024165,960.26691564763,1961.65791233988,2016.0354369339,1140200000
260,3,57.385841084775,7.89128462523392,5.1853193806747,7.525829,5.762072,1017.65275673241,960.26691564763,1961.65791233988,2019.04375342466,1140200000
