node1,node2,length,startLat,startLon,endLat,endLon,endNodeL,startNodeL,startYear,endYear,treeID
508,254,453.510796814952,7.88837660266417,5.20453862022522,7.6833,4.6167,1013.03664367791,559.525846862955,1558.69130678562,2012.20210360057,536800000
508,509,393.207328167667,7.88837660266417,5.20453862022522,7.85696679770412,5.18390960039935,952.733175030622,559.525846862955,1558.69130678562,1951.89863495328,536800000
509,253,67.145118471374,7.85696679770412,5.18390960039935,7.525829,5.762072,1019.878293502,952.733175030622,1951.89863495328,2019.04375342466,536800000
509,252,64.1368019806187,7.85696679770412,5.18390960039935,7.845422,5.182916,1016.86997701124,952.733175030622,1951.89863495328,2016.0354369339,536800000
