node1,node2,length,startLat,startLon,endLat,endLon,endNodeL,startNodeL,startYear,endYear,treeID
258,4,355.404538571426,7.65839615191433,4.57492703294836,7.6833,4.6167,896.099727297291,540.695188725865,1656.79756502914,2012.20210360057,1304000000
258,259,304.896347486396,7.65839615191433,4.57492703294836,7.63941818469065,4.63843736985515,845.591536212261,540.695188725865,1656.79756502914,1961.69391251554,1304000000
259,3,57.3498409091183,7.63941818469065,4.63843736985515,7.525829,5.762072,902.94137712138,845.591536212261,1961.69391251554,2019.04375342466,1304000000
259,2,54.341524418363,7.63941818469065,4.63843736985515,7.845422,5.182916,899.933060630624,845.591536212261,1961.69391251554,2016.0354369339,1304000000
