node1,node2,length,startLat,startLon,endLat,endLon,endNodeL,startNodeL,startYear,endYear,treeID
259,260,377.375205881386,7.63897741593923,4.65309306446053,7.84249163643426,5.18382976336308,964.41416970514,587.038963823753,1569.02476669827,1946.39997257965,1066000000
259,4,443.177336902302,7.63897741593923,4.65309306446053,7.6833,4.6167,1030.21630072605,587.038963823753,1569.02476669827,2012.20210360057,1066000000
260,2,69.6354643542485,7.84249163643426,5.18382976336308,7.845422,5.182916,1034.04963405939,964.41416970514,1946.39997257965,2016.0354369339,1066000000
260,3,72.6437808450038,7.84249163643426,5.18382976336308,7.525829,5.762072,1037.05795055014,964.41416970514,1946.39997257965,2019.04375342466,1066000000
