node1,node2,length,startLat,startLon,endLat,endLon,endNodeL,startNodeL,startYear,endYear,treeID
259,260,422.439822416403,7.8161738377218,5.16900130937815,7.84973127056154,5.1827818257142,1064.5191632259,642.079340809494,1519.3720918089,1941.8119142253,1022600000
259,4,492.830011791671,7.8161738377218,5.16900130937815,7.6833,4.6167,1134.90935260117,642.079340809494,1519.3720918089,2012.20210360057,1022600000
260,2,74.2235227086011,7.84973127056154,5.1827818257142,7.845422,5.182916,1138.7426859345,1064.5191632259,1941.8119142253,2016.0354369339,1022600000
260,3,77.2318391993564,7.84973127056154,5.1827818257142,7.525829,5.762072,1141.75100242525,1064.5191632259,1941.8119142253,2019.04375342466,1022600000
