node1,node2,length,startLat,startLon,endLat,endLon,endNodeL,startNodeL,startYear,endYear,treeID
354,355,394.796737251849,7.61987855453058,4.56352175530335,7.88570066190541,5.24470098040758,952.627798858252,557.831061606404,1557.40659397188,1952.20333122373,1010000000
354,100,454.795509628689,7.61987855453058,4.56352175530335,7.6833,4.6167,1012.62657123509,557.831061606404,1557.40659397188,2012.20210360057,1010000000
355,98,63.8321057101736,7.88570066190541,5.24470098040758,7.845422,5.182916,1016.45990456843,952.627798858252,1952.20333122373,2016.0354369339,1010000000
355,99,66.8404222009289,7.88570066190541,5.24470098040758,7.525829,5.762072,1019.46822105918,952.627798858252,1952.20333122373,2019.04375342466,1010000000
