node1,node2,length,startLat,startLon,endLat,endLon,endNodeL,startNodeL,startYear,endYear,treeID
354,355,435.700834982847,7.89679546258551,5.22881807084211,7.83984859854332,5.18613856173108,1094.65683021125,658.955995228406,1509.83676085553,1945.53759583838,1427200000
354,100,502.365342745041,7.89679546258551,5.22881807084211,7.6833,4.6167,1161.32133797345,658.955995228406,1509.83676085553,2012.20210360057,1427200000
355,99,73.5061575862818,7.83984859854332,5.18613856173108,7.525829,5.762072,1168.16298779754,1094.65683021125,1945.53759583838,2019.04375342466,1427200000
355,98,70.4978410955265,7.83984859854332,5.18613856173108,7.845422,5.182916,1165.15467130678,1094.65683021125,1945.53759583838,2016.0354369339,1427200000
