node1,node2,length,startLat,startLon,endLat,endLon,endNodeL,startNodeL,startYear,endYear,treeID
258,3,472.54987228434,7.8681846816147,5.1631829447116,7.6833,4.6167,1003.81240634015,531.262534055812,1539.65223131623,2012.20210360057,1364200000
258,259,422.533315377138,7.8681846816147,5.1631829447116,7.8520416384474,5.17622388226208,953.795849432951,531.262534055812,1539.65223131623,1962.18554669337,1364200000
259,1,53.8498902405351,7.8520416384474,5.17622388226208,7.845422,5.182916,1007.64573967349,953.795849432951,1962.18554669337,2016.0354369339,1364200000
259,2,56.8582067312904,7.8520416384474,5.17622388226208,7.525829,5.762072,1010.65405616424,953.795849432951,1962.18554669337,2019.04375342466,1364200000
