node1,node2,length,startLat,startLon,endLat,endLon,endNodeL,startNodeL,startYear,endYear,treeID
508,255,407.274423928459,7.68095886575531,4.75757221407845,7.6833,4.6167,955.116279937448,547.841856008989,1604.92767967211,2012.20210360057,591400000
508,509,353.81314394724,7.68095886575531,4.75757221407845,7.84458885408926,5.18824174482751,901.654999956229,547.841856008989,1604.92767967211,1958.74082361935,591400000
509,254,60.3029298053076,7.84458885408926,5.18824174482751,7.525829,5.762072,961.957929761537,901.654999956229,1958.74082361935,2019.04375342466,591400000
509,253,57.2946133145523,7.84458885408926,5.18824174482751,7.845422,5.182916,958.949613270782,901.654999956229,1958.74082361935,2016.0354369339,591400000
