node1,node2,length,startLat,startLon,endLat,endLon,endNodeL,startNodeL,startYear,endYear,treeID
354,355,392.497836234177,7.7111908815899,4.71537995315461,7.62424253120507,4.71653405786668,1035.0046191258,642.506782891627,1551.30692927227,1943.80476550645,444400000
354,100,460.895174328301,7.7111908815899,4.71537995315461,7.6833,4.6167,1103.40195721993,642.506782891627,1551.30692927227,2012.20210360057,444400000
355,99,75.2389879182127,7.62424253120507,4.71653405786668,7.525829,5.762072,1110.24360704402,1035.0046191258,1943.80476550645,2019.04375342466,444400000
355,98,72.2306714274574,7.62424253120507,4.71653405786668,7.845422,5.182916,1107.23529055326,1035.0046191258,1943.80476550645,2016.0354369339,444400000
