node1,node2,length,startLat,startLon,endLat,endLon,endNodeL,startNodeL,startYear,endYear,treeID
508,509,378.510113913181,7.87358956189335,5.32935826147192,7.81676503382274,5.20179629232527,904.596284739444,526.086170826263,1581.2408805233,1959.75099443648,1353000000
508,255,430.961223077268,7.87358956189335,5.32935826147192,7.6833,4.6167,957.047393903531,526.086170826263,1581.2408805233,2012.20210360057,1353000000
509,254,59.2927589881753,7.81676503382274,5.20179629232527,7.525829,5.762072,963.889043727619,904.596284739444,1959.75099443648,2019.04375342466,1353000000
509,253,56.28444249742,7.81676503382274,5.20179629232527,7.845422,5.182916,960.880727236864,904.596284739444,1959.75099443648,2016.0354369339,1353000000
