node1,node2,length,startLat,startLon,endLat,endLon,endNodeL,startNodeL,startYear,endYear,treeID
508,509,375.188585684138,7.67002213578206,4.61949790595954,7.89474338506072,5.19685432754516,929.017220801512,553.828635117374,1567.94303012499,1943.13161580913,535400000
508,254,444.259073475577,7.67002213578206,4.61949790595954,7.6833,4.6167,998.087708592951,553.828635117374,1567.94303012499,2012.20210360057,535400000
509,252,72.903821124773,7.89474338506072,5.19685432754516,7.845422,5.182916,1001.92104192628,929.017220801512,1943.13161580913,2016.0354369339,535400000
509,253,75.9121376155283,7.89474338506072,5.19685432754516,7.525829,5.762072,1004.92935841704,929.017220801512,1943.13161580913,2019.04375342466,535400000
