node1,node2,length,startLat,startLon,endLat,endLon,endNodeL,startNodeL,startYear,endYear,treeID
259,3,403.340807282894,7.6958352835695,4.97634211070444,7.6833,4.6167,1010.32411331321,606.983306030314,1608.86129631767,2012.20210360057,542400000
259,260,349.663390324189,7.6958352835695,4.97634211070444,7.79817918316278,5.1522749862701,956.646696354504,606.983306030314,1608.86129631767,1958.52468664186,542400000
260,1,57.5107502920383,7.79817918316278,5.1522749862701,7.845422,5.182916,1014.15744664654,956.646696354504,1958.52468664186,2016.0354369339,542400000
260,2,60.5190667827936,7.79817918316278,5.1522749862701,7.525829,5.762072,1017.1657631373,956.646696354504,1958.52468664186,2019.04375342466,542400000
