node1,node2,length,startLat,startLon,endLat,endLon,endNodeL,startNodeL,startYear,endYear,treeID
258,3,426.175678371689,7.83371326679673,5.21335199417061,7.6833,4.6167,934.800849546994,508.625171175305,1586.02642522888,2012.20210360057,581600000
258,259,375.755718002597,7.83371326679673,5.21335199417061,7.83947624718308,5.18804019606183,884.380889177903,508.625171175305,1586.02642522888,1961.78214323148,581600000
259,1,54.2532937024247,7.83947624718308,5.18804019606183,7.845422,5.182916,938.634182880327,884.380889177903,1961.78214323148,2016.0354369339,581600000
259,2,57.26161019318,7.83947624718308,5.18804019606183,7.525829,5.762072,941.642499371083,884.380889177903,1961.78214323148,2019.04375342466,581600000
