node1,node2,length,startLat,startLon,endLat,endLon,endNodeL,startNodeL,startYear,endYear,treeID
258,3,405.577139235292,7.54472600507072,4.81848952705457,7.6833,4.6167,870.786246767278,465.209107531986,1606.62496436528,2012.20210360057,625000000
258,259,354.392735117249,7.54472600507072,4.81848952705457,7.85436392371218,5.18993243263275,819.601842649234,465.209107531986,1606.62496436528,1961.01769948253,625000000
259,1,55.0177374513764,7.85436392371218,5.18993243263275,7.845422,5.182916,874.619580100611,819.601842649234,1961.01769948253,2016.0354369339,625000000
259,2,58.0260539421317,7.85436392371218,5.18993243263275,7.525829,5.762072,877.627896591366,819.601842649234,1961.01769948253,2019.04375342466,625000000
