node1,node2,length,startLat,startLon,endLat,endLon,endNodeL,startNodeL,startYear,endYear,treeID
354,355,327.076968306062,7.30865210841306,5.51936874163774,7.52482947577727,5.76164063539413,894.847766123761,567.770797817699,1623.10154404883,1950.17851235489,209200000
354,100,389.100559551743,7.30865210841306,5.51936874163774,7.6833,4.6167,956.871357369442,567.770797817699,1623.10154404883,2012.20210360057,209200000
355,99,68.8652410697698,7.52482947577727,5.76164063539413,7.525829,5.762072,963.713007193531,894.847766123761,1950.17851235489,2019.04375342466,209200000
355,98,65.8569245790145,7.52482947577727,5.76164063539413,7.845422,5.182916,960.704690702775,894.847766123761,1950.17851235489,2016.0354369339,209200000
