node1,node2,length,startLat,startLon,endLat,endLon,endNodeL,startNodeL,startYear,endYear,treeID
258,4,480.799317844884,7.73415808993973,4.66366000258068,7.6833,4.6167,1001.68697427696,520.887656432079,1531.40278575568,2012.20210360057,814000000
258,259,419.443773995359,7.73415808993973,4.66366000258068,7.74300858064235,4.66431731316142,940.331430427438,520.887656432079,1531.40278575568,1950.84655975104,814000000
259,3,68.1971936736138,7.74300858064235,4.66431731316142,7.525829,5.762072,1008.52862410105,940.331430427438,1950.84655975104,2019.04375342466,814000000
259,2,65.1888771828585,7.74300858064235,4.66431731316142,7.845422,5.182916,1005.5203076103,940.331430427438,1950.84655975104,2016.0354369339,814000000
