node1,node2,length,startLat,startLon,endLat,endLon,endNodeL,startNodeL,startYear,endYear,treeID
508,509,348.614991187182,7.96916514102119,5.13570943776952,7.85560840688577,5.18025890015788,859.103007358541,510.488016171359,1609.03441319002,1957.6494043772,678200000
508,254,403.167690410547,7.96916514102119,5.13570943776952,7.6833,4.6167,913.655706581906,510.488016171359,1609.03441319002,2012.20210360057,678200000
509,252,58.3860325566982,7.85560840688577,5.18025890015788,7.845422,5.182916,917.489039915239,859.103007358541,1957.6494043772,2016.0354369339,678200000
509,253,61.3943490474535,7.85560840688577,5.18025890015788,7.525829,5.762072,920.497356405994,859.103007358541,1957.6494043772,2019.04375342466,678200000
