node1,node2,length,startLat,startLon,endLat,endLon,endNodeL,startNodeL,startYear,endYear,treeID
259,260,401.633065924534,7.84149101575372,4.70928083102887,7.90920437394221,4.71493883555303,967.957185508717,566.324119584183,1550.32613060982,1951.95919653435,1162600000
259,4,461.875972990753,7.84149101575372,4.70928083102887,7.6833,4.6167,1028.20009257494,566.324119584183,1550.32613060982,2012.20210360057,1162600000
260,2,64.0762403995521,7.90920437394221,4.71493883555303,7.845422,5.182916,1032.03342590827,967.957185508717,1951.95919653435,2016.0354369339,1162600000
260,3,67.0845568903074,7.90920437394221,4.71493883555303,7.525829,5.762072,1035.04174239902,967.957185508717,1951.95919653435,2019.04375342466,1162600000
