node1,node2,length,startLat,startLon,endLat,endLon,endNodeL,startNodeL,startYear,endYear,treeID
258,4,454.209650834702,7.68999215541671,4.62137843571181,7.6833,4.6167,1078.6801028441,624.470452009397,1557.99245276587,2012.20210360057,373000000
258,259,383.233470192268,7.68999215541671,4.62137843571181,7.85430116425123,5.17658485791369,1007.70392220166,624.470452009397,1557.99245276587,1941.22592295813,373000000
259,3,77.8178304665232,7.85430116425123,5.17658485791369,7.525829,5.762072,1085.52175266819,1007.70392220166,1941.22592295813,2019.04375342466,373000000
259,2,74.8095139757679,7.85430116425123,5.17658485791369,7.845422,5.182916,1082.51343617743,1007.70392220166,1941.22592295813,2016.0354369339,373000000
