node1,node2,length,startLat,startLon,endLat,endLon,endNodeL,startNodeL,startYear,endYear,treeID
258,3,467.094523097677,7.89362026649049,5.23267052629957,7.6833,4.6167,1078.51253700628,611.418013908599,1545.10758050289,2012.20210360057,811200000
258,259,398.688858418935,7.89362026649049,5.23267052629957,7.84377713974675,5.25354409174108,1010.10687232753,611.418013908599,1545.10758050289,1943.79643892183,811200000
259,1,72.2389980120751,7.84377713974675,5.25354409174108,7.845422,5.182916,1082.34587033961,1010.10687232753,1943.79643892183,2016.0354369339,811200000
259,2,75.2473145028304,7.84377713974675,5.25354409174108,7.525829,5.762072,1085.35418683036,1010.10687232753,1943.79643892183,2019.04375342466,811200000
