node1,node2,length,startLat,startLon,endLat,endLon,endNodeL,startNodeL,startYear,endYear,treeID
259,3,425.349554050888,7.90497554957764,5.20371738472842,7.6833,4.6167,1101.33167634247,675.982122291579,1586.85254954968,2012.20210360057,1127600000
259,260,364.704716562087,7.90497554957764,5.20371738472842,7.86760818993582,5.19556216392361,1040.68683885367,675.982122291579,1586.85254954968,1951.55726611177,1127600000
260,1,64.4781708221339,7.86760818993582,5.19556216392361,7.845422,5.182916,1105.1650096758,1040.68683885367,1951.55726611177,2016.0354369339,1127600000
260,2,67.4864873128892,7.86760818993582,5.19556216392361,7.525829,5.762072,1108.17332616655,1040.68683885367,1951.55726611177,2019.04375342466,1127600000
