node1,node2,length,startLat,startLon,endLat,endLon,endNodeL,startNodeL,startYear,endYear,treeID
354,99,466.965337123684,7.82709991679046,5.1940974940257,7.6833,4.6167,960.677193702331,493.711856578647,1545.23676647689,2012.20210360057,1091200000
354,355,407.527886226536,7.82709991679046,5.1940974940257,7.84810261316257,5.18056510703224,901.239742805183,493.711856578647,1545.23676647689,1952.76465270342,1091200000
355,97,63.2707842304809,7.84810261316257,5.18056510703224,7.845422,5.182916,964.510527035664,901.239742805183,1952.76465270342,2016.0354369339,1091200000
355,98,66.2791007212362,7.84810261316257,5.18056510703224,7.525829,5.762072,967.518843526419,901.239742805183,1952.76465270342,2019.04375342466,1091200000
