node1,node2,length,startLat,startLon,endLat,endLon,endNodeL,startNodeL,startYear,endYear,treeID
508,509,306.146962721863,7.67066687006237,4.67717573299953,7.86401142547435,5.1917864269698,938.376323162678,632.229360440815,1646.14727592415,1952.29423864602,891000000
508,255,366.054827676415,7.67066687006237,4.67717573299953,7.6833,4.6167,998.284188117229,632.229360440815,1646.14727592415,2012.20210360057,891000000
509,254,66.7495147786398,7.86401142547435,5.1917864269698,7.525829,5.762072,1005.12583794132,938.376323162678,1952.29423864602,2019.04375342466,891000000
509,253,63.7411982878845,7.86401142547435,5.1917864269698,7.845422,5.182916,1002.11752145056,938.376323162678,1952.29423864602,2016.0354369339,891000000
