node1,node2,length,startLat,startLon,endLat,endLon,endNodeL,startNodeL,startYear,endYear,treeID
508,509,429.701797687688,7.76216587873671,4.62051809905122,7.84411619408387,5.18448018909542,1016.66248349074,586.960685803051,1506.7595108197,1936.46130850738,1276000000
508,255,505.442592780874,7.76216587873671,4.62051809905122,7.6833,4.6167,1092.40327858392,586.960685803051,1506.7595108197,2012.20210360057,1276000000
509,253,79.5741284265188,7.84411619408387,5.18448018909542,7.845422,5.182916,1096.23661191726,1016.66248349074,1936.46130850738,2016.0354369339,1276000000
509,254,82.5824449172741,7.84411619408387,5.18448018909542,7.525829,5.762072,1099.24492840801,1016.66248349074,1936.46130850738,2019.04375342466,1276000000
