node1,node2,length,startLat,startLon,endLat,endLon,endNodeL,startNodeL,startYear,endYear,treeID
259,3,328.727762815583,8.37594334154547,5.23647272865412,7.6833,4.6167,890.578021808361,561.850258992778,1683.47434078499,2012.20210360057,532600000
259,260,277.604563140991,8.37594334154547,5.23647272865412,7.8360682609189,5.19191118367393,839.454822133769,561.850258992778,1683.47434078499,1961.07890392598,532600000
260,1,54.9565330079247,7.8360682609189,5.19191118367393,7.845422,5.182916,894.411355141694,839.454822133769,1961.07890392598,2016.0354369339,532600000
260,2,57.96484949868,7.8360682609189,5.19191118367393,7.525829,5.762072,897.419671632449,839.454822133769,1961.07890392598,2019.04375342466,532600000
