node1,node2,length,startLat,startLon,endLat,endLon,endNodeL,startNodeL,startYear,endYear,treeID
259,260,348.486757327891,7.83833016453369,5.18863635814167,7.84513139172726,5.18051887747261,985.349261536709,636.862504208818,1604.77352570793,1953.26028303582,1425800000
259,4,407.42857789264,7.83833016453369,5.18863635814167,7.6833,4.6167,1044.29108210146,636.862504208818,1604.77352570793,2012.20210360057,1425800000
260,2,62.7751538980827,7.84513139172726,5.18051887747261,7.845422,5.182916,1048.12441543479,985.349261536709,1953.26028303582,2016.0354369339,1425800000
260,3,65.783470388838,7.84513139172726,5.18051887747261,7.525829,5.762072,1051.13273192555,985.349261536709,1953.26028303582,2019.04375342466,1425800000
