node1,node2,length,startLat,startLon,endLat,endLon,endNodeL,startNodeL,startYear,endYear,treeID
508,254,455.129447945121,7.66980213066811,4.61829464922709,7.6833,4.6167,964.56280983283,509.433361887709,1557.07265565545,2012.20210360057,1197600000
508,509,401.391909874773,7.66980213066811,4.61829464922709,7.3414692956827,4.85067725119135,910.825271762482,509.433361887709,1557.07265565545,1958.46456553022,1197600000
509,252,57.5708714036813,7.3414692956827,4.85067725119135,7.845422,5.182916,968.396143166164,910.825271762482,1958.46456553022,2016.0354369339,1197600000
509,253,60.5791878944366,7.3414692956827,4.85067725119135,7.525829,5.762072,971.404459656919,910.825271762482,1958.46456553022,2019.04375342466,1197600000
