node1,node2,length,startLat,startLon,endLat,endLon,endNodeL,startNodeL,startYear,endYear,treeID
413,158,369.37142502056,7.84459138899631,5.2161313646965,7.6833,4.6167,897.223317563575,527.851892543015,1642.83067858001,2012.20210360057,618000000
413,414,315.529251546953,7.84459138899631,5.2161313646965,7.84787078186987,5.20864294725962,843.381144089968,527.851892543015,1642.83067858001,1958.35993012696,618000000
414,156,57.6755068069398,7.84787078186987,5.20864294725962,7.845422,5.182916,901.056650896908,843.381144089968,1958.35993012696,2016.0354369339,618000000
414,157,60.6838232976951,7.84787078186987,5.20864294725962,7.525829,5.762072,904.064967387663,843.381144089968,1958.35993012696,2019.04375342466,618000000
