node1,node2,length,startLat,startLon,endLat,endLon,endNodeL,startNodeL,startYear,endYear,treeID
354,355,450.846553075722,7.84801108478015,5.19751612432041,7.85523211020757,5.19150879889648,1066.79571684057,615.949163764843,1501.33204538313,1952.17859845885,1054800000
354,100,510.870058217443,7.84801108478015,5.19751612432041,7.6833,4.6167,1126.81922198229,615.949163764843,1501.33204538313,2012.20210360057,1054800000
355,98,63.8568384750541,7.85523211020757,5.19150879889648,7.845422,5.182916,1130.65255531562,1066.79571684057,1952.17859845885,2016.0354369339,1054800000
355,99,66.8651549658094,7.85523211020757,5.19150879889648,7.525829,5.762072,1133.66087180637,1066.79571684057,1952.17859845885,2019.04375342466,1054800000
