node1,node2,length,startLat,startLon,endLat,endLon,endNodeL,startNodeL,startYear,endYear,treeID
258,4,503.800719994191,7.68051985732611,4.6104023645693,7.6833,4.6167,955.92862612486,452.127906130669,1508.40138360638,2012.20210360057,503200000
258,259,450.273821924738,7.68051985732611,4.6104023645693,7.8348110344679,5.19413529651261,902.401728055407,452.127906130669,1508.40138360638,1958.67520553112,503200000
259,3,60.3685478935416,7.8348110344679,5.19413529651261,7.525829,5.762072,962.770275948949,902.401728055407,1958.67520553112,2019.04375342466,503200000
259,2,57.3602314027863,7.8348110344679,5.19413529651261,7.845422,5.182916,959.761959458194,902.401728055407,1958.67520553112,2016.0354369339,503200000
