node1,node2,length,startLat,startLon,endLat,endLon,endNodeL,startNodeL,startYear,endYear,treeID
413,158,383.531830888448,7.63032211384793,5.36404810795925,7.6833,4.6167,795.341890966566,411.810060078118,1628.67027271212,2012.20210360057,692200000
413,414,337.166792582721,7.63032211384793,5.36404810795925,7.84953087760226,5.1790711294839,748.976852660839,411.810060078118,1628.67027271212,1965.83706529484,692200000
414,157,53.2066881298158,7.84953087760226,5.1790711294839,7.525829,5.762072,802.183540790654,748.976852660839,1965.83706529484,2019.04375342466,692200000
414,156,50.1983716390605,7.84953087760226,5.1790711294839,7.845422,5.182916,799.175224299899,748.976852660839,1965.83706529484,2016.0354369339,692200000
