node1,node2,length,startLat,startLon,endLat,endLon,endNodeL,startNodeL,startYear,endYear,treeID
354,99,441.263055960666,7.40634914943171,5.45451137499058,7.6833,4.6167,1023.47237467707,582.209318716405,1570.9390476399,2012.20210360057,286200000
354,355,368.206554192655,7.40634914943171,5.45451137499058,7.41966777067617,5.09935333285217,950.41587290906,582.209318716405,1570.9390476399,1939.14560183256,286200000
355,98,79.8981515921002,7.41966777067617,5.09935333285217,7.525829,5.762072,1030.31402450116,950.41587290906,1939.14560183256,2019.04375342466,286200000
355,97,76.8898351013449,7.41966777067617,5.09935333285217,7.845422,5.182916,1027.3057080104,950.41587290906,1939.14560183256,2016.0354369339,286200000
