node1,node2,length,startLat,startLon,endLat,endLon,endNodeL,startNodeL,startYear,endYear,treeID
413,158,435.908782769589,7.83233341465661,5.11692355689195,7.6833,4.6167,1008.26866964561,572.35988687602,1576.29332083098,2012.20210360057,223200000
413,414,367.542152779072,7.83233341465661,5.11692355689195,7.84572468781794,5.17885987687235,939.902039655092,572.35988687602,1576.29332083098,1943.83547361005,223200000
414,156,72.19996332385,7.84572468781794,5.17885987687235,7.845422,5.182916,1012.10200297894,939.902039655092,1943.83547361005,2016.0354369339,223200000
414,157,75.2082798146053,7.84572468781794,5.17885987687235,7.525829,5.762072,1015.1103194697,939.902039655092,1943.83547361005,2019.04375342466,223200000
