node1,node2,length,startLat,startLon,endLat,endLon,endNodeL,startNodeL,startYear,endYear,treeID
413,159,475.081347908438,7.96840729905379,5.48538189806909,7.6833,4.6167,1032.75891150658,557.677563598139,1537.12075569213,2012.20210360057,1500000000
413,414,414.869297096213,7.96840729905379,5.48538189806909,7.88227739772771,5.64561305890141,972.546860694353,557.677563598139,1537.12075569213,1951.99005278834,1500000000
414,158,67.053700636313,7.88227739772771,5.64561305890141,7.525829,5.762072,1039.60056133067,972.546860694353,1951.99005278834,2019.04375342466,1500000000
414,157,64.0453841455577,7.88227739772771,5.64561305890141,7.845422,5.182916,1036.59224483991,972.546860694353,1951.99005278834,2016.0354369339,1500000000
