node1,node2,length,startLat,startLon,endLat,endLon,endNodeL,startNodeL,startYear,endYear,treeID
259,3,350.029544956702,7.50480268567173,5.78959436335423,7.6833,4.6167,894.405638417116,544.376093460413,1662.17255864387,2012.20210360057,888200000
259,260,290.902105689428,7.50480268567173,5.78959436335423,7.52424416262827,5.75759929198986,835.278199149842,544.376093460413,1662.17255864387,1953.0746643333,888200000
260,1,62.9607726006072,7.52424416262827,5.75759929198986,7.845422,5.182916,898.238971750449,835.278199149842,1953.0746643333,2016.0354369339,888200000
260,2,65.9690890913625,7.52424416262827,5.75759929198986,7.525829,5.762072,901.247288241204,835.278199149842,1953.0746643333,2019.04375342466,888200000
