node1,node2,length,startLat,startLon,endLat,endLon,endNodeL,startNodeL,startYear,endYear,treeID
259,3,459.343560236019,7.73401276406678,3.65840723625496,7.6833,4.6167,1106.24696254131,646.903402305294,1552.85854336455,2012.20210360057,276400000
259,260,401.018344642004,7.73401276406678,3.65840723625496,7.8312384935541,5.16751618732861,1047.9217469473,646.903402305294,1552.85854336455,1953.87688800655,276400000
260,1,62.1585489273483,7.8312384935541,5.16751618732861,7.845422,5.182916,1110.08029587465,1047.9217469473,1953.87688800655,2016.0354369339,276400000
260,2,65.1668654181036,7.8312384935541,5.16751618732861,7.525829,5.762072,1113.0886123654,1047.9217469473,1953.87688800655,2019.04375342466,276400000
