node1,node2,length,startLat,startLon,endLat,endLon,endNodeL,startNodeL,startYear,endYear,treeID
258,4,486.292102888407,7.67704765611998,4.7356307074937,7.6833,4.6167,1048.32250171368,562.030398825272,1525.91000071216,2012.20210360057,909200000
258,259,421.452473019804,7.67704765611998,4.7356307074937,7.87233415317518,5.20368695345521,983.482871845075,562.030398825272,1525.91000071216,1947.36247373197,909200000
259,3,71.6812796926917,7.87233415317518,5.20368695345521,7.525829,5.762072,1055.16415153777,983.482871845075,1947.36247373197,2019.04375342466,909200000
259,2,68.6729632019364,7.87233415317518,5.20368695345521,7.845422,5.182916,1052.15583504701,983.482871845075,1947.36247373197,2016.0354369339,909200000
