node1,node2,length,startLat,startLon,endLat,endLon,endNodeL,startNodeL,startYear,endYear,treeID
354,355,377.745796230008,7.82621435075345,5.17857038125061,7.82809010970361,5.15879601315902,893.980830463665,516.235034233657,1580.79978653208,1958.54558276208,707600000
354,100,431.402317068493,7.82621435075345,5.17857038125061,7.6833,4.6167,947.63735130215,516.235034233657,1580.79978653208,2012.20210360057,707600000
355,98,57.4898541718183,7.82809010970361,5.15879601315902,7.845422,5.182916,951.470684635484,893.980830463665,1958.54558276208,2016.0354369339,707600000
355,99,60.4981706625736,7.82809010970361,5.15879601315902,7.525829,5.762072,954.479001126239,893.980830463665,1958.54558276208,2019.04375342466,707600000
