node1,node2,length,startLat,startLon,endLat,endLon,endNodeL,startNodeL,startYear,endYear,treeID
259,260,373.425213673032,7.65898730450609,4.60852832358901,8.05264924171019,5.32280753305361,901.707676101535,528.282462428503,1578.39313412596,1951.81834779899,1322200000
259,4,433.808969474612,7.65898730450609,4.60852832358901,7.6833,4.6167,962.091431903115,528.282462428503,1578.39313412596,2012.20210360057,1322200000
260,2,64.2170891349134,8.05264924171019,5.32280753305361,7.845422,5.182916,965.924765236448,901.707676101535,1951.81834779899,2016.0354369339,1322200000
260,3,67.2254056256687,8.05264924171019,5.32280753305361,7.525829,5.762072,968.933081727203,901.707676101535,1951.81834779899,2019.04375342466,1322200000
