node1,node2,length,startLat,startLon,endLat,endLon,endNodeL,startNodeL,startYear,endYear,treeID
508,509,387.567741637304,7.89324737432355,5.13407156941317,7.95335190001259,5.11961811105596,978.817233028306,591.249491391002,1563.07023970257,1950.63798133988,1213000000
508,255,449.131863897996,7.89324737432355,5.13407156941317,7.6833,4.6167,1040.381355289,591.249491391002,1563.07023970257,2012.20210360057,1213000000
509,254,68.4057720847798,7.95335190001259,5.11961811105596,7.525829,5.762072,1047.22300511309,978.817233028306,1950.63798133988,2019.04375342466,1213000000
509,253,65.3974555940245,7.95335190001259,5.11961811105596,7.845422,5.182916,1044.21468862233,978.817233028306,1950.63798133988,2016.0354369339,1213000000
