node1,node2,length,startLat,startLon,endLat,endLon,endNodeL,startNodeL,startYear,endYear,treeID
814,816,130.344307069376,7.80282051522193,5.14313456494915,7.68893989842479,4.6280924913741,343.349965297616,213.005658228241,1762.45023846674,1892.79454553612,309100000
814,815,213.871942021142,7.80282051522193,5.14313456494915,7.81859598587781,5.14828605669926,426.877600249383,213.005658228241,1762.45023846674,1976.32218048788,309100000
815,405,39.7132564460175,7.81859598587781,5.14828605669926,7.845422,5.182916,466.5908566954,426.877600249383,1976.32218048788,2016.0354369339,309100000
815,404,42.7215729367728,7.81859598587781,5.14828605669926,7.525829,5.762072,469.599173186156,426.877600249383,1976.32218048788,2019.04375342466,309100000
816,817,108.940637154155,7.68893989842479,4.6280924913741,7.68798915491822,4.62176227846494,452.290602451772,343.349965297616,1892.79454553612,2001.73518269027,309100000
816,818,55.8715297926845,7.68893989842479,4.6280924913741,7.67416911548669,4.61882355963309,399.221495090301,343.349965297616,1892.79454553612,1948.6660753288,309100000
817,407,7.08914670299581,7.68798915491822,4.62176227846494,7.68561960816702,4.61829173303735,459.379749154767,452.290602451772,2001.73518269027,2008.82432939327,309100000
817,406,7.4976906234344,7.68798915491822,4.62176227846494,7.68520459385122,4.61928731676832,459.788293075206,452.290602451772,2001.73518269027,2009.23287331371,309100000
818,819,21.2369255855794,7.67416911548669,4.61882355963309,7.68027527329055,4.61686697030912,420.45842067588,399.221495090301,1948.6660753288,1969.90300091438,309100000
818,408,60.5665068250266,7.67416911548669,4.61882355963309,7.68395818548289,4.61435449649749,459.788001915327,399.221495090301,1948.6660753288,2009.23258215383,309100000
819,409,38.8595887275299,7.68027527329055,4.61686697030912,7.68568904681139,4.61680177292813,459.31800940341,420.45842067588,1969.90300091438,2008.76258964191,309100000
819,410,42.299102686187,7.68027527329055,4.61686697030912,7.67961408805638,4.61694031615839,462.757523362067,420.45842067588,1969.90300091438,2012.20210360057,309100000
