node1,node2,length,startLat,startLon,endLat,endLon,endNodeL,startNodeL,startYear,endYear,treeID
613,614,181.104583569623,7.70075774651334,5.06669161933977,7.71759098215361,5.05634492461277,417.551510395753,236.44692682613,1774.34000944299,1955.44459301261,667500000
613,615,108.991255664542,7.70075774651334,5.06669161933977,7.67953096995322,4.61898698487913,345.438182490672,236.44692682613,1774.34000944299,1883.33126510753,667500000
614,202,63.5991604120443,7.71759098215361,5.05634492461277,7.525829,5.762072,481.150670807797,417.551510395753,1955.44459301261,2019.04375342466,667500000
614,203,60.590843921289,7.71759098215361,5.05634492461277,7.845422,5.182916,478.142354317042,417.551510395753,1955.44459301261,2016.0354369339,667500000
615,616,117.435028222398,7.67953096995322,4.61898698487913,7.68468784917512,4.61623971298332,462.87321071307,345.438182490672,1883.33126510753,2000.76629332993,667500000
615,617,61.6774934256863,7.67953096995322,4.61898698487913,7.67870060269124,4.6184316739092,407.115675916359,345.438182490672,1883.33126510753,1945.00875853322,667500000
616,205,8.00379537170029,7.68468784917512,4.61623971298332,7.68561960816702,4.61829173303735,470.87700608477,462.87321071307,2000.76629332993,2008.77008870163,667500000
616,204,8.42673568486994,7.68468784917512,4.61623971298332,7.68520459385122,4.61928731676832,471.29994639794,462.87321071307,2000.76629332993,2009.1930290148,667500000
617,618,13.5243728862024,7.67870060269124,4.6184316739092,7.67930083630299,4.61442966794026,420.640048802561,407.115675916359,1945.00875853322,1958.53313141942,667500000
617,206,64.2010946242057,7.67870060269124,4.6184316739092,7.68395818548289,4.61435449649749,471.316770540564,407.115675916359,1945.00875853322,2009.20985315743,667500000
618,207,50.2940657299442,7.67930083630299,4.61442966794026,7.68568904681139,4.61680177292813,470.934114532505,420.640048802561,1958.53313141942,2008.82719714937,667500000
618,208,53.6689721811473,7.67930083630299,4.61442966794026,7.67961408805638,4.61694031615839,474.309020983708,420.640048802561,1958.53313141942,2012.20210360057,667500000
