node1,node2,length,startLat,startLon,endLat,endLon,endNodeL,startNodeL,startYear,endYear,treeID
814,816,129.148894805842,7.78062383107314,5.07447547887047,7.67916406418445,4.61819642664859,347.418983088012,218.27008828217,1755.30286678356,1884.4517615894,813100000
814,815,206.816056290335,7.78062383107314,5.07447547887047,7.83749627074788,5.18956663637668,425.086144572505,218.27008828217,1755.30286678356,1962.11892307389,813100000
815,405,53.9165138600089,7.83749627074788,5.18956663637668,7.845422,5.182916,479.002658432514,425.086144572505,1962.11892307389,2016.0354369339,813100000
815,404,56.9248303507642,7.83749627074788,5.18956663637668,7.525829,5.762072,482.010974923269,425.086144572505,1962.11892307389,2019.04375342466,813100000
816,817,115.7530693749,7.67916406418445,4.61819642664859,7.68544585783125,4.62087001160807,463.172052462912,347.418983088012,1884.4517615894,2000.2048309643,813100000
816,818,60.5510841554094,7.67916406418445,4.61819642664859,7.68349831751691,4.61666806297895,407.970067243421,347.418983088012,1884.4517615894,1945.00284574481,813100000
817,406,8.98993447513782,7.68544585783125,4.62087001160807,7.68520459385122,4.61928731676832,472.16198693805,463.172052462912,2000.2048309643,2009.19476543944,813100000
817,407,8.62214612823523,7.68544585783125,4.62087001160807,7.68561960816702,4.61829173303735,471.794198591147,463.172052462912,2000.2048309643,2008.82697709254,813100000
818,408,64.2256115496427,7.68349831751691,4.61666806297895,7.68395818548289,4.61435449649749,472.195678793064,407.970067243421,1945.00284574481,2009.22845729445,813100000
818,819,29.8867157180462,7.68349831751691,4.61666806297895,7.68408121623877,4.61523997485707,437.856782961468,407.970067243421,1945.00284574481,1974.88956146286,813100000
819,409,33.9329355331449,7.68408121623877,4.61523997485707,7.68568904681139,4.61680177292813,471.789718494612,437.856782961468,1974.88956146286,2008.822496996,813100000
819,410,37.3125421377133,7.68408121623877,4.61523997485707,7.67961408805638,4.61694031615839,475.169325099181,437.856782961468,1974.88956146286,2012.20210360057,813100000
