node1,node2,length,startLat,startLon,endLat,endLon,endNodeL,startNodeL,startYear,endYear,treeID
412,414,105.80033480757,7.87211238187456,5.18487959589026,7.67435498131609,4.61330916704336,346.854513934704,241.054179127134,1778.53335840767,1884.33369321524,871900000
412,413,187.780255832065,7.87211238187456,5.18487959589026,7.84409726644918,5.1802115491088,428.8344349592,241.054179127134,1778.53335840767,1966.31361423974,871900000
413,1,52.7301391849217,7.84409726644918,5.1802115491088,7.525829,5.762072,481.564574144121,428.8344349592,1966.31361423974,2019.04375342466,871900000
413,2,49.7218226941663,7.84409726644918,5.1802115491088,7.845422,5.182916,478.556257653366,428.8344349592,1966.31361423974,2016.0354369339,871900000
414,415,114.704413737288,7.67435498131609,4.61330916704336,7.68513929579662,4.61812068302663,461.558927671992,346.854513934704,1884.33369321524,1999.03810695253,871900000
414,416,74.5319131578907,7.67435498131609,4.61330916704336,7.67452280374999,4.61254765536621,421.386427092595,346.854513934704,1884.33369321524,1958.86560637313,871900000
415,3,10.1877624904493,7.68513929579662,4.61812068302663,7.68520459385122,4.61928731676832,471.746690162442,461.558927671992,1999.03810695253,2009.22586944298,871900000
415,4,9.72422959624608,7.68513929579662,4.61812068302663,7.68561960816702,4.61829173303735,471.283157268239,461.558927671992,1999.03810695253,2008.76233654878,871900000
416,5,50.3223034835736,7.67452280374999,4.61254765536621,7.68395818548289,4.61435449649749,471.708730576168,421.386427092595,1958.86560637313,2009.1879098567,871900000
416,417,17.7716414345623,7.67452280374999,4.61254765536621,7.67922748909664,4.61536847927228,439.158068527157,421.386427092595,1958.86560637313,1976.63724780769,871900000
417,6,35.5648557928756,7.67922748909664,4.61536847927228,7.67961408805638,4.61694031615839,474.722924320033,439.158068527157,1976.63724780769,2012.20210360057,871900000
417,7,32.1562399320904,7.67922748909664,4.61536847927228,7.68568904681139,4.61680177292813,471.314308459248,439.158068527157,1976.63724780769,2008.79348773978,871900000
