node1,node2,length,startLat,startLon,endLat,endLon,endNodeL,startNodeL,startYear,endYear,treeID
814,816,152.682281049572,7.84915421712351,5.20290806753648,7.70386130516278,4.61231821816808,317.653709832311,164.971428782739,1734.18827150792,1886.87055255749,946100000
814,815,208.532897300704,7.84915421712351,5.20290806753648,7.83218136468491,5.17812183820052,373.504326083444,164.971428782739,1734.18827150792,1942.72116880863,946100000
815,405,73.3142681252752,7.83218136468491,5.17812183820052,7.845422,5.182916,446.818594208719,373.504326083444,1942.72116880863,2016.0354369339,946100000
815,404,76.3225846160305,7.83218136468491,5.17812183820052,7.525829,5.762072,449.826910699474,373.504326083444,1942.72116880863,2019.04375342466,946100000
816,817,115.747756623572,7.70386130516278,4.61231821816808,7.68652215586147,4.62031814765689,433.401466455883,317.653709832311,1886.87055255749,2002.61830918107,946100000
816,818,67.6106800798968,7.70386130516278,4.61231821816808,7.6942799652197,4.61764581595739,385.264389912208,317.653709832311,1886.87055255749,1954.48123263739,946100000
817,407,6.16199659355101,7.68652215586147,4.62031814765689,7.68561960816702,4.61829173303735,439.563463049434,433.401466455883,2002.61830918107,2008.78030577462,946100000
817,406,6.564079602661,7.68652215586147,4.62031814765689,7.68520459385122,4.61928731676832,439.965546058544,433.401466455883,2002.61830918107,2009.18238878373,946100000
818,819,15.8308711987391,7.6942799652197,4.61764581595739,7.69591037999659,4.61965140864242,401.095261110947,385.264389912208,1954.48123263739,1970.31210383613,946100000
818,408,54.7560692457817,7.6942799652197,4.61764581595739,7.68395818548289,4.61435449649749,440.02045915799,385.264389912208,1954.48123263739,2009.23730188317,946100000
819,410,38.4699414840211,7.69591037999659,4.61965140864242,7.68568904681139,4.61680177292813,439.565202594968,401.095261110947,1970.31210383613,2008.78204532015,946100000
819,409,41.8899997644386,7.69591037999659,4.61965140864242,7.67961408805638,4.61694031615839,442.985260875386,401.095261110947,1970.31210383613,2012.20210360057,946100000
