node1,node2,length,startLat,startLon,endLat,endLon,endNodeL,startNodeL,startYear,endYear,treeID
814,816,99.3750626409254,8.0614980780101,4.62687266653321,7.67092482037872,4.61571789266246,313.565878435312,214.190815794387,1785.43174174298,1884.8068043839,528900000
814,815,178.517833655046,8.0614980780101,4.62687266653321,8.0627949218107,4.6309275135893,392.708649449433,214.190815794387,1785.43174174298,1963.94957539802,528900000
815,404,55.0941780266351,8.0627949218107,4.6309275135893,7.525829,5.762072,447.802827476068,392.708649449433,1963.94957539802,2019.04375342466,528900000
815,405,52.0858615358798,8.0627949218107,4.6309275135893,7.845422,5.182916,444.794510985312,392.708649449433,1963.94957539802,2016.0354369339,528900000
816,817,114.58866783341,7.67092482037872,4.61571789266246,7.68248247372399,4.61759451636987,428.154546268722,313.565878435312,1884.8068043839,1999.39547221731,528900000
816,818,72.7222858041993,7.67092482037872,4.61571789266246,7.68058889030357,4.61712696165868,386.288164239512,313.565878435312,1884.8068043839,1957.5290901881,528900000
817,406,9.83121437099928,7.68248247372399,4.61759451636987,7.68520459385122,4.61928731676832,437.985760639722,428.154546268722,1999.39547221731,2009.22668658831,528900000
817,407,9.3896093738079,7.68248247372399,4.61759451636987,7.68561960816702,4.61829173303735,437.54415564253,428.154546268722,1999.39547221731,2008.78508159112,528900000
818,819,18.6160355440052,7.68058889030357,4.61712696165868,7.68291267702018,4.61671660938416,404.904199783517,386.288164239512,1957.5290901881,1976.14512573211,528900000
818,408,51.7051619094327,7.68058889030357,4.61712696165868,7.68395818548289,4.61435449649749,437.993326148944,386.288164239512,1957.5290901881,2009.23425209753,528900000
819,410,36.0569778684624,7.68291267702018,4.61671660938416,7.67961408805638,4.61694031615839,440.961177651979,404.904199783517,1976.14512573211,2012.20210360057,528900000
819,409,32.6084352938985,7.68291267702018,4.61671660938416,7.68568904681139,4.61680177292813,437.512635077415,404.904199783517,1976.14512573211,2008.75356102601,528900000
