node1,node2,length,startLat,startLon,endLat,endLon,endNodeL,startNodeL,startYear,endYear,treeID
814,816,120.248002440497,7.68857668990439,4.62643931066095,7.68701911770201,4.62644949843948,316.95877941088,196.710776970383,1760.64672549026,1880.89472793076,592600000
814,815,188.608687187548,7.68857668990439,4.62643931066095,7.84725887257053,5.17765961799919,385.319464157931,196.710776970383,1760.64672549026,1949.25541267781,592600000
815,405,66.7800242560938,7.84725887257053,5.17765961799919,7.845422,5.182916,452.099488414024,385.319464157931,1949.25541267781,2016.0354369339,592600000
815,404,69.7883407468491,7.84725887257053,5.17765961799919,7.525829,5.762072,455.10780490478,385.319464157931,1949.25541267781,2019.04375342466,592600000
816,817,116.511682453049,7.68701911770201,4.62644949843948,7.68554301081913,4.62028348895211,433.470461863929,316.95877941088,1880.89472793076,1997.40641038381,592600000
816,818,61.9466061036712,7.68701911770201,4.62644949843948,7.68775156251223,4.61849331070688,378.905385514551,316.95877941088,1880.89472793076,1942.84133403443,592600000
817,406,11.7826817147264,7.68554301081913,4.62028348895211,7.68520459385122,4.61928731676832,445.253143578655,433.470461863929,1997.40641038381,2009.18909209853,592600000
817,407,11.3543806235916,7.68554301081913,4.62028348895211,7.68561960816702,4.61829173303735,444.82484248752,433.470461863929,1997.40641038381,2008.7607910074,592600000
818,819,32.6085667486095,7.68775156251223,4.61849331070688,7.68724105865813,4.61785467630289,411.51395226316,378.905385514551,1942.84133403443,1975.44990078304,592600000
818,408,66.3450327972083,7.68775156251223,4.61849331070688,7.68395818548289,4.61435449649749,445.250418311759,378.905385514551,1942.84133403443,2009.18636683164,592600000
819,410,36.7522028175307,7.68724105865813,4.61785467630289,7.67961408805638,4.61694031615839,448.266155080691,411.51395226316,1975.44990078304,2012.20210360057,592600000
819,409,33.3759456851915,7.68724105865813,4.61785467630289,7.68568904681139,4.61680177292813,444.889897948352,411.51395226316,1975.44990078304,2008.82584646823,592600000
