node1,node2,length,startLat,startLon,endLat,endLon,endNodeL,startNodeL,startYear,endYear,treeID
814,816,179.666226312756,7.90376116020433,5.26415957022585,7.68487239731917,4.61386535440941,356.668624744125,177.002398431369,1730.06526177347,1909.73148808623,865600000
814,815,222.405551975998,7.90376116020433,5.26415957022585,7.87260448335858,5.22564001818217,399.407950407367,177.002398431369,1730.06526177347,1952.47081374947,865600000
815,404,66.572939675189,7.87260448335858,5.22564001818217,7.525829,5.762072,465.980890082556,399.407950407367,1952.47081374947,2019.04375342466,865600000
815,405,63.5646231844337,7.87260448335858,5.22564001818217,7.845422,5.182916,462.972573591801,399.407950407367,1952.47081374947,2016.0354369339,865600000
816,817,92.2766692164568,7.68487239731917,4.61386535440941,7.68553505370806,4.61876611215296,448.945293960582,356.668624744125,1909.73148808623,2002.00815730268,865600000
816,818,50.8869044491908,7.68487239731917,4.61386535440941,7.68423727193058,4.6150617705307,407.555529193316,356.668624744125,1909.73148808623,1960.61839253542,865600000
817,406,7.16641166229409,7.68553505370806,4.61876611215296,7.68520459385122,4.61928731676832,456.111705622876,448.945293960582,2002.00815730268,2009.17456896498,865600000
817,407,6.78535445594415,7.68553505370806,4.61876611215296,7.68561960816702,4.61829173303735,455.730648416526,448.945293960582,2002.00815730268,2008.79351175863,865600000
818,408,48.5918271354969,7.68423727193058,4.6150617705307,7.68395818548289,4.61435449649749,456.147356328813,407.555529193316,1960.61839253542,2009.21021967091,865600000
818,819,23.0859001588501,7.68423727193058,4.6150617705307,7.68585358713514,4.62105712021667,430.641429352166,407.555529193316,1960.61839253542,1983.70429269427,865600000
819,409,28.4978109063014,7.68585358713514,4.62105712021667,7.67961408805638,4.61694031615839,459.139240258468,430.641429352166,1983.70429269427,2012.20210360057,865600000
819,410,25.0953163229982,7.68585358713514,4.62105712021667,7.68568904681139,4.61680177292813,455.736745675164,430.641429352166,1983.70429269427,2008.79960901727,865600000
