node1,node2,length,startLat,startLon,endLat,endLon,endNodeL,startNodeL,startYear,endYear,treeID
814,816,127.135898704326,7.65975979168433,4.81146890781223,7.67814536363057,4.61049345881285,397.19041486987,270.054516165545,1758.88729458651,1886.02319329083,969200000
814,815,188.837666197937,7.65975979168433,4.81146890781223,7.56394437566906,5.78936817680022,458.892182363482,270.054516165545,1758.88729458651,1947.72496078444,969200000
815,405,68.310476149458,7.56394437566906,5.78936817680022,7.845422,5.182916,527.20265851294,458.892182363482,1947.72496078444,2016.0354369339,969200000
815,404,71.3187926402133,7.56394437566906,5.78936817680022,7.525829,5.762072,530.210975003695,458.892182363482,1947.72496078444,2019.04375342466,969200000
816,817,112.235954676539,7.67814536363057,4.61049345881285,7.68292240370988,4.61769002249182,509.42636954641,397.19041486987,1886.02319329083,1998.25914796737,969200000
816,818,70.1337878366901,7.67814536363057,4.61049345881285,7.68611964497253,4.61429392457387,467.324202706561,397.19041486987,1886.02319329083,1956.15698112752,969200000
817,406,10.9521125468471,7.68292240370988,4.61769002249182,7.68520459385122,4.61928731676832,520.378482093257,509.42636954641,1998.25914796737,2009.21126051422,969200000
817,407,10.4958255441265,7.68292240370988,4.61769002249182,7.68561960816702,4.61829173303735,519.922195090536,509.42636954641,1998.25914796737,2008.7549735115,969200000
818,819,18.9171460561006,7.68611964497253,4.61429392457387,7.68596267527134,4.61334627698395,486.241348762661,467.324202706561,1956.15698112752,1975.07412718362,969200000
818,408,53.0874372954116,7.68611964497253,4.61429392457387,7.68395818548289,4.61435449649749,520.411640001972,467.324202706561,1956.15698112752,2009.24441842293,969200000
819,410,33.734450734998,7.68596267527134,4.61334627698395,7.68568904681139,4.61680177292813,519.975799497659,486.241348762661,1975.07412718362,2008.80857791862,969200000
819,409,37.1279764169454,7.68596267527134,4.61334627698395,7.67961408805638,4.61694031615839,523.369325179607,486.241348762661,1975.07412718362,2012.20210360057,969200000
