node1,node2,length,startLat,startLon,endLat,endLon,endNodeL,startNodeL,startYear,endYear,treeID
814,816,82.6135231458026,7.84176354203135,5.18607145157201,7.68836733513407,4.61337322693484,281.285475557385,198.671952411583,1805.53647908749,1888.15000223329,418300000
814,815,161.23628550901,7.84176354203135,5.18607145157201,7.84217640063606,5.18006533068473,359.908237920593,198.671952411583,1805.53647908749,1966.7727645965,418300000
815,405,49.2626723374006,7.84217640063606,5.18006533068473,7.845422,5.182916,409.170910257993,359.908237920593,1966.7727645965,2016.0354369339,418300000
815,404,52.2709888281559,7.84217640063606,5.18006533068473,7.525829,5.762072,412.179226748749,359.908237920593,1966.7727645965,2019.04375342466,418300000
816,817,114.293442815991,7.68836733513407,4.61337322693484,7.68250966606691,4.61822307183867,395.578918373377,281.285475557385,1888.15000223329,2002.44344504929,418300000
816,818,73.4391491069419,7.68836733513407,4.61337322693484,7.68304315564082,4.61099837879272,354.724624664327,281.285475557385,1888.15000223329,1961.58915134024,418300000
817,407,6.3721991322607,7.68250966606691,4.61822307183867,7.68561960816702,4.61829173303735,401.951117505637,395.578918373377,2002.44344504929,2008.81564418155,418300000
817,406,6.71947891381232,7.68250966606691,4.61822307183867,7.68520459385122,4.61928731676832,402.298397287189,395.578918373377,2002.44344504929,2009.1629239631,418300000
818,408,47.5945748675067,7.68304315564082,4.61099837879272,7.68395818548289,4.61435449649749,402.319199531834,354.724624664327,1961.58915134024,2009.18372620774,418300000
818,819,24.3977356043867,7.68304315564082,4.61099837879272,7.68382001507711,4.61659888038952,379.122360268714,354.724624664327,1961.58915134024,1985.98688694462,418300000
819,410,26.2152166559461,7.68382001507711,4.61659888038952,7.67961408805638,4.61694031615839,405.33757692466,379.122360268714,1985.98688694462,2012.20210360057,418300000
819,409,22.8210396074029,7.68382001507711,4.61659888038952,7.68568904681139,4.61680177292813,401.943399876117,379.122360268714,1985.98688694462,2008.80792655203,418300000
