node1,node2,length,startLat,startLon,endLat,endLon,endNodeL,startNodeL,startYear,endYear,treeID
412,413,251.848229046398,7.97935706721778,5.22489519078217,7.85560023389014,5.20149525792909,471.771926514292,219.923697467894,1717.26583945199,1969.11406849839,468700000
412,414,155.178487047495,7.97935706721778,5.22489519078217,7.67928070371515,4.6046059683699,375.102184515389,219.923697467894,1717.26583945199,1872.44432649948,468700000
413,1,49.9296849262708,7.85560023389014,5.20149525792909,7.525829,5.762072,521.701611440562,471.771926514292,1969.11406849839,2019.04375342466,468700000
413,2,46.9213684355155,7.85560023389014,5.20149525792909,7.845422,5.182916,518.693294949807,471.771926514292,1969.11406849839,2016.0354369339,468700000
414,415,130.657206135044,7.67928070371515,4.6046059683699,7.6858850779381,4.61956802906682,505.759390650433,375.102184515389,1872.44432649948,2003.10153263453,468700000
414,416,71.8810012705738,7.67928070371515,4.6046059683699,7.68098172148826,4.61424880130876,446.983185785963,375.102184515389,1872.44432649948,1944.32532777006,468700000
415,3,6.06106680206607,7.6858850779381,4.61956802906682,7.68520459385122,4.61928731676832,511.820457452499,505.759390650433,2003.10153263453,2009.16259943659,468700000
415,4,5.69403717526615,7.6858850779381,4.61956802906682,7.68561960816702,4.61829173303735,511.453427825699,505.759390650433,2003.10153263453,2008.79556980979,468700000
416,5,64.9022488303755,7.68098172148826,4.61424880130876,7.68395818548289,4.61435449649749,511.885434616338,446.983185785963,1944.32532777006,2009.22757660043,468700000
416,417,27.7977086811258,7.68098172148826,4.61424880130876,7.68369022315227,4.61595694998689,474.780894467089,446.983185785963,1944.32532777006,1972.12303645118,468700000
417,6,36.7001218922413,7.68369022315227,4.61595694998689,7.68568904681139,4.61680177292813,511.48101635933,474.780894467089,1972.12303645118,2008.82315834343,468700000
417,7,40.0790671493854,7.68369022315227,4.61595694998689,7.67961408805638,4.61694031615839,514.859961616474,474.780894467089,1972.12303645118,2012.20210360057,468700000
