node1,node2,length,startLat,startLon,endLat,endLon,endNodeL,startNodeL,startYear,endYear,treeID
413,415,130.256947453847,7.64488847788206,4.59174790828194,7.67649481874475,4.60412437748818,310.005244258541,179.748296804694,1749.35275283681,1879.60970029066,452600000
413,414,205.868499250002,7.64488847788206,4.59174790828194,7.63807933732686,4.60017733988633,385.616796054696,179.748296804694,1749.35275283681,1955.22125208681,452600000
414,1,63.8225013378477,7.63807933732686,4.60017733988633,7.525829,5.762072,449.439297392543,385.616796054696,1955.22125208681,2019.04375342466,452600000
414,2,60.8141848470924,7.63807933732686,4.60017733988633,7.845422,5.182916,446.430980901788,385.616796054696,1955.22125208681,2016.0354369339,452600000
415,416,117.504139187812,7.67649481874475,4.60412437748818,7.68423346468106,4.61652623128997,427.509383446353,310.005244258541,1879.60970029066,1997.11383947847,452600000
415,417,66.9272366682635,7.67649481874475,4.60412437748818,7.68237807248432,4.6156433726531,376.932480926805,310.005244258541,1879.60970029066,1946.53693695892,452600000
416,3,12.0680797357297,7.68423346468106,4.61652623128997,7.68520459385122,4.61928731676832,439.577463182083,427.509383446353,1997.11383947847,2009.1819192142,452600000
416,4,11.6417374356503,7.68423346468106,4.61652623128997,7.68561960816702,4.61829173303735,439.151120882004,427.509383446353,1997.11383947847,2008.75557691412,452600000
417,5,62.6638706111745,7.68237807248432,4.6156433726531,7.68395818548289,4.61435449649749,439.596351537979,376.932480926805,1946.53693695892,2009.20080757009,452600000
417,418,21.1619554839613,7.68237807248432,4.6156433726531,7.68210414322003,4.6138062832994,398.094436410766,376.932480926805,1946.53693695892,1967.69889244288,452600000
418,7,44.503211157689,7.68210414322003,4.6138062832994,7.67961408805638,4.61694031615839,442.597647568455,398.094436410766,1967.69889244288,2012.20210360057,452600000
418,6,41.0707989911018,7.68210414322003,4.6138062832994,7.68568904681139,4.61680177292813,439.165235401868,398.094436410766,1967.69889244288,2008.76969143398,452600000
