node1,node2,length,startLat,startLon,endLat,endLon,endNodeL,startNodeL,startYear,endYear,treeID
613,615,119.514346789612,7.86344919574701,5.16885757442533,7.69324498729666,4.62022510736611,326.646886056473,207.132539266862,1793.01413316322,1912.52847995283,777400000
613,614,165.096693778222,7.86344919574701,5.16885757442533,7.82820722266832,5.19419486584367,372.229233045084,207.132539266862,1793.01413316322,1958.11082694144,777400000
614,202,60.9329264832187,7.82820722266832,5.19419486584367,7.525829,5.762072,433.162159528302,372.229233045084,1958.11082694144,2019.04375342466,777400000
614,203,57.9246099924634,7.82820722266832,5.19419486584367,7.845422,5.182916,430.153843037547,372.229233045084,1958.11082694144,2016.0354369339,777400000
615,617,55.5232833706707,7.69324498729666,4.62022510736611,7.68200076633599,4.61345490670116,382.170169427144,326.646886056473,1912.52847995283,1968.0517633235,777400000
615,616,90.5962100011678,7.69324498729666,4.62022510736611,7.68498886327402,4.61724223468037,417.243096057641,326.646886056473,1912.52847995283,2003.124689954,777400000
616,204,6.10502714957685,7.68498886327402,4.61724223468037,7.68520459385122,4.61928731676832,423.348123207218,417.243096057641,2003.124689954,2009.22971710357,777400000
616,205,5.67843409585692,7.68498886327402,4.61724223468037,7.68561960816702,4.61829173303735,422.921530153498,417.243096057641,2003.124689954,2008.80312404985,777400000
617,206,41.1196529275472,7.68200076633599,4.61345490670116,7.68395818548289,4.61435449649749,423.289822354691,382.170169427144,1968.0517633235,2009.17141625105,777400000
617,618,20.5723526864996,7.68200076633599,4.61345490670116,7.6837158331557,4.61444656859143,402.742522113644,382.170169427144,1968.0517633235,1988.62411601,777400000
618,207,20.1977077066154,7.6837158331557,4.61444656859143,7.68568904681139,4.61680177292813,422.940229820259,402.742522113644,1988.62411601,2008.82182371661,777400000
618,208,23.5779875905699,7.6837158331557,4.61444656859143,7.67961408805638,4.61694031615839,426.320509704214,402.742522113644,1988.62411601,2012.20210360057,777400000
