node1,node2,length,startLat,startLon,endLat,endLon,endNodeL,startNodeL,startYear,endYear,treeID
614,615,182.054649548285,7.86427788069108,5.20383732287128,7.8557057927624,5.17195889449513,374.19821046965,192.143560921365,1776.08822490897,1958.14287445726,863500000
614,616,111.537235214124,7.86427788069108,5.20383732287128,7.68266586378806,4.60922252854041,303.680796135489,192.143560921365,1776.08822490897,1887.6254601231,863500000
615,203,60.9008789674014,7.8557057927624,5.17195889449513,7.525829,5.762072,435.099089437051,374.19821046965,1958.14287445726,2019.04375342466,863500000
615,204,57.892562476646,7.8557057927624,5.17195889449513,7.845422,5.182916,432.090772946296,374.19821046965,1958.14287445726,2016.0354369339,863500000
616,617,110.877718346095,7.68266586378806,4.60922252854041,7.68356004541672,4.61930724220174,414.558514481584,303.680796135489,1887.6254601231,1998.50317846919,863500000
616,618,54.6461234583725,7.68266586378806,4.60922252854041,7.68454665902871,4.61082333739606,358.326919593861,303.680796135489,1887.6254601231,1942.27158358147,863500000
617,206,10.269327087181,7.68356004541672,4.61930724220174,7.68561960816702,4.61829173303735,424.827841568765,414.558514481584,1998.50317846919,2008.77250555637,863500000
617,205,10.6873402311105,7.68356004541672,4.61930724220174,7.68520459385122,4.61928731676832,425.245854712695,414.558514481584,1998.50317846919,2009.1905187003,863500000
618,619,24.2366756418032,7.68454665902871,4.61082333739606,7.67966304149997,4.61559996526693,382.563595235665,358.326919593861,1942.27158358147,1966.50825922327,863500000
618,207,66.9407917022205,7.68454665902871,4.61082333739606,7.68395818548289,4.61435449649749,425.267711296082,358.326919593861,1942.27158358147,2009.21237528369,863500000
619,208,45.6938443772983,7.67966304149997,4.61559996526693,7.67961408805638,4.61694031615839,428.257439612963,382.563595235665,1966.50825922327,2012.20210360057,863500000
619,209,42.2563810412819,7.67966304149997,4.61559996526693,7.68568904681139,4.61680177292813,424.819976276946,382.563595235665,1966.50825922327,2008.76464026455,863500000
