node1,node2,length,startLat,startLon,endLat,endLon,endNodeL,startNodeL,startYear,endYear,treeID
413,414,206.013023580228,7.89711091249483,5.16011943620229,7.84365386762599,5.2043630777734,382.291779985659,176.278756405431,1730.55761440058,1936.5706379808,925800000
413,415,162.084772339627,7.89711091249483,5.16011943620229,7.67921094899719,4.60612093844189,338.363528745058,176.278756405431,1730.55761440058,1892.6423867402,925800000
414,1,82.4731154438534,7.84365386762599,5.2043630777734,7.525829,5.762072,464.764895429512,382.291779985659,1936.5706379808,2019.04375342466,925800000
414,2,79.4647989530981,7.84365386762599,5.2043630777734,7.845422,5.182916,461.756578938757,382.291779985659,1936.5706379808,2016.0354369339,925800000
415,417,67.0828303159346,7.67921094899719,4.60612093844189,7.68004628032415,4.6086410246768,405.446359060993,338.363528745058,1892.6423867402,1959.72521705614,925800000
415,416,110.767486249372,7.67921094899719,4.60612093844189,7.68307179953648,4.61723075213613,449.13101499443,338.363528745058,1892.6423867402,2003.40987298958,925800000
416,3,5.79593759761459,7.68307179953648,4.61723075213613,7.68520459385122,4.61928731676832,454.926952592044,449.13101499443,2003.40987298958,2009.20581058719,925800000
416,4,5.40381329959144,7.68307179953648,4.61723075213613,7.68561960816702,4.61829173303735,454.534828294021,449.13101499443,2003.40987298958,2008.81368628917,925800000
417,5,49.4400355983826,7.68004628032415,4.6086410246768,7.68395818548289,4.61435449649749,454.886394659375,405.446359060993,1959.72521705614,2009.16525265452,925800000
417,418,16.6062311152069,7.68004628032415,4.6086410246768,7.68085786286584,4.60838301613712,422.052590176199,405.446359060993,1959.72521705614,1976.33144817134,925800000
418,7,32.4679487231012,7.68085786286584,4.60838301613712,7.68568904681139,4.61680177292813,454.520538899301,422.052590176199,1976.33144817134,2008.79939689445,925800000
418,6,35.8706554292243,7.68085786286584,4.60838301613712,7.67961408805638,4.61694031615839,457.923245605424,422.052590176199,1976.33144817134,2012.20210360057,925800000
