node1,node2,length,startLat,startLon,endLat,endLon,endNodeL,startNodeL,startYear,endYear,treeID
613,614,207.33306702042,7.67952416633983,4.60417642137159,7.67594541065809,5.18541427423864,390.37072197585,183.03765495543,1748.27838303814,1955.61145005856,723500000
613,615,134.913244541004,7.67952416633983,4.60417642137159,7.68744079889305,4.61619733731596,317.950899496434,183.03765495543,1748.27838303814,1883.19162757914,723500000
614,203,60.4239868753466,7.67594541065809,5.18541427423864,7.845422,5.182916,450.794708851196,390.37072197585,1955.61145005856,2016.0354369339,723500000
614,202,63.4323033661019,7.67594541065809,5.18541427423864,7.525829,5.762072,453.803025341952,390.37072197585,1955.61145005856,2019.04375342466,723500000
615,617,58.0278920835946,7.68744079889305,4.61619733731596,7.68638625187398,4.61600989006764,375.978791580028,317.950899496434,1883.19162757914,1941.21951966273,723500000
615,616,118.951564783851,7.68744079889305,4.61619733731596,7.68431738518783,4.61793595770922,436.902464280285,317.950899496434,1883.19162757914,2002.14319236299,723500000
616,205,6.66247494262544,7.68431738518783,4.61793595770922,7.68561960816702,4.61829173303735,443.56493922291,436.902464280285,2002.14319236299,2008.80566730562,723500000
616,204,7.05077307401446,7.68431738518783,4.61793595770922,7.68520459385122,4.61928731676832,443.953237354299,436.902464280285,2002.14319236299,2009.19396543701,723500000
617,206,67.9979249552046,7.68638625187398,4.61600989006764,7.68395818548289,4.61435449649749,443.976716535233,375.978791580028,1941.21951966273,2009.21744461794,723500000
617,618,30.6662051667046,7.68638625187398,4.61600989006764,7.67692339208505,4.61617567373831,406.644996746733,375.978791580028,1941.21951966273,1971.88572482944,723500000
618,207,36.9277920164483,7.67692339208505,4.61617567373831,7.68568904681139,4.61680177292813,443.572788763181,406.644996746733,1971.88572482944,2008.81351684589,723500000
618,208,40.3163787711303,7.67692339208505,4.61617567373831,7.67961408805638,4.61694031615839,446.961375517863,406.644996746733,1971.88572482944,2012.20210360057,723500000
