node1,node2,length,startLat,startLon,endLat,endLon,endNodeL,startNodeL,startYear,endYear,treeID
412,413,169.302315644968,7.69370558245601,4.65457964135379,7.76608770003008,4.84696780149451,408.436876248087,239.134560603119,1790.7663544774,1960.06867012236,397300000
412,414,96.5488761877263,7.69370558245601,4.65457964135379,7.68826352423827,4.62030403002342,335.683436790845,239.134560603119,1790.7663544774,1887.31523066512,397300000
413,1,58.9750833022929,7.76608770003008,4.84696780149451,7.525829,5.762072,467.41195955038,408.436876248087,1960.06867012236,2019.04375342466,397300000
413,2,55.9667668115376,7.76608770003008,4.84696780149451,7.845422,5.182916,464.403643059625,408.436876248087,1960.06867012236,2016.0354369339,397300000
414,415,111.063187483732,7.68826352423827,4.62030403002342,7.68505137015847,4.62053961130124,446.746624274577,335.683436790845,1887.31523066512,1998.37841814885,397300000
414,416,58.4704240637016,7.68826352423827,4.62030403002342,7.68722509383273,4.61173747558939,394.153860854547,335.683436790845,1887.31523066512,1945.78565472882,397300000
415,3,10.7995110954634,7.68505137015847,4.62053961130124,7.68520459385122,4.61928731676832,457.546135370041,446.746624274577,1998.37841814885,2009.17792924432,397300000
415,4,10.4096881870871,7.68505137015847,4.62053961130124,7.68561960816702,4.61829173303735,457.156312461664,446.746624274577,1998.37841814885,2008.78810633594,397300000
416,5,63.4063979259087,7.68722509383273,4.61173747558939,7.68395818548289,4.61435449649749,457.560258780456,394.153860854547,1945.78565472882,2009.19205265473,397300000
416,417,16.5674737923518,7.68722509383273,4.61173747558939,7.68272894439294,4.61577541541642,410.721334646899,394.153860854547,1945.78565472882,1962.35312852118,397300000
417,6,46.419677057325,7.68272894439294,4.61577541541642,7.68568904681139,4.61680177292813,457.141011704224,410.721334646899,1962.35312852118,2008.7728055785,397300000
417,7,49.8489750793929,7.68272894439294,4.61577541541642,7.67961408805638,4.61694031615839,460.570309726292,410.721334646899,1962.35312852118,2012.20210360057,397300000
