node1,node2,length,startLat,startLon,endLat,endLon,endNodeL,startNodeL,startYear,endYear,treeID
412,414,128.988946839992,7.5179952960241,4.50522346547757,7.68372014354872,4.61010301060769,329.658067906288,200.669121066296,1752.45298992766,1881.44193676765,491800000
412,413,204.491871843742,7.5179952960241,4.50522346547757,7.61614327811695,4.9771874174816,405.160992910039,200.669121066296,1752.45298992766,1956.9448617714,491800000
413,1,62.0988916532532,7.61614327811695,4.9771874174816,7.525829,5.762072,467.259884563292,405.160992910039,1956.9448617714,2019.04375342466,491800000
413,2,59.0905751624979,7.61614327811695,4.9771874174816,7.845422,5.182916,464.251568072537,405.160992910039,1956.9448617714,2016.0354369339,491800000
414,416,52.8492899296749,7.68372014354872,4.61010301060769,7.69688515751815,4.6234394658704,382.507357835963,329.658067906288,1881.44193676765,1934.29122669733,491800000
414,415,116.437937361818,7.68372014354872,4.61010301060769,7.68452226898532,4.61517319539919,446.096005268106,329.658067906288,1881.44193676765,1997.87987412947,491800000
415,3,11.3172667638746,7.68452226898532,4.61517319539919,7.68520459385122,4.61928731676832,457.413272031981,446.096005268106,1997.87987412947,2009.19714089335,491800000
415,4,10.8686906445308,7.68452226898532,4.61517319539919,7.68561960816702,4.61829173303735,456.964695912637,446.096005268106,1997.87987412947,2008.748564774,491800000
416,5,74.8790519125426,7.69688515751815,4.6234394658704,7.68395818548289,4.61435449649749,457.386409748506,382.507357835963,1934.29122669733,2009.17027860987,491800000
416,417,46.4821825715217,7.69688515751815,4.6234394658704,7.68686537442691,4.61294492773091,428.989540407485,382.507357835963,1934.29122669733,1980.77340926885,491800000
417,6,28.0148759808889,7.68686537442691,4.61294492773091,7.68568904681139,4.61680177292813,457.004416388374,428.989540407485,1980.77340926885,2008.78828524974,491800000
417,7,31.4286943317187,7.68686537442691,4.61294492773091,7.67961408805638,4.61694031615839,460.418234739203,428.989540407485,1980.77340926885,2012.20210360057,491800000
