node1,node2,length,startLat,startLon,endLat,endLon,endNodeL,startNodeL,startYear,endYear,treeID
613,615,105.965469565756,7.69215870025067,4.63829145727719,7.68279253963798,4.6190740589289,383.039785843265,277.074316277509,1766.63154450272,1872.59701406848,453300000
613,614,180.700478346198,7.69215870025067,4.63829145727719,7.69208060119737,4.6296090503049,457.774794623707,277.074316277509,1766.63154450272,1947.33202284892,453300000
614,202,71.7117305757389,7.69208060119737,4.6296090503049,7.525829,5.762072,529.486525199446,457.774794623707,1947.33202284892,2019.04375342466,453300000
614,203,68.7034140849836,7.69208060119737,4.6296090503049,7.845422,5.182916,526.47820870869,457.774794623707,1947.33202284892,2016.0354369339,453300000
615,616,125.492419705625,7.68279253963798,4.6190740589289,7.68553370177807,4.61753995432034,508.53220554889,383.039785843265,1872.59701406848,1998.0894337741,453300000
615,617,70.8222961566457,7.68279253963798,4.6190740589289,7.67982433548595,4.61797882382618,453.862081999911,383.039785843265,1872.59701406848,1943.41931022512,453300000
616,205,10.6747354789703,7.68553370177807,4.61753995432034,7.68561960816702,4.61829173303735,519.206941027861,508.53220554889,1998.0894337741,2008.76416925307,453300000
616,204,11.1347743933995,7.68553370177807,4.61753995432034,7.68520459385122,4.61928731676832,519.66697994229,508.53220554889,1998.0894337741,2009.2242081675,453300000
617,206,65.7843034798618,7.67982433548595,4.61797882382618,7.68395818548289,4.61435449649749,519.646385479773,453.862081999911,1943.41931022512,2009.20361370498,453300000
617,618,31.2160621452939,7.67982433548595,4.61797882382618,7.68272642788605,4.61892043024719,485.078144145205,453.862081999911,1943.41931022512,1974.63537237042,453300000
618,208,37.5667312301524,7.68272642788605,4.61892043024719,7.67961408805638,4.61694031615839,522.644875375357,485.078144145205,1974.63537237042,2012.20210360057,453300000
618,207,34.1473430632103,7.68272642788605,4.61892043024719,7.68568904681139,4.61680177292813,519.225487208415,485.078144145205,1974.63537237042,2008.78271543363,453300000
