node1,node2,length,startLat,startLon,endLat,endLon,endNodeL,startNodeL,startYear,endYear,treeID
613,614,198.85141926295,7.85113006467995,5.19465991372671,7.85152519981112,5.19244654316948,459.305594045624,260.454174782674,1762.2629623068,1961.11438156975,423900000
613,615,106.555058129808,7.85113006467995,5.19465991372671,7.68376060418698,4.61588842465363,367.009232912482,260.454174782674,1762.2629623068,1868.81802043661,423900000
614,203,54.9210553641501,7.85152519981112,5.19244654316948,7.845422,5.182916,514.226649409774,459.305594045624,1961.11438156975,2016.0354369339,423900000
614,202,57.9293718549054,7.85152519981112,5.19244654316948,7.525829,5.762072,517.234965900529,459.305594045624,1961.11438156975,2019.04375342466,423900000
615,617,75.443562681307,7.68376060418698,4.61588842465363,7.68217041316777,4.61329738513671,442.452795593789,367.009232912482,1868.81802043661,1944.26158311792,423900000
615,616,126.187888912057,7.68376060418698,4.61588842465363,7.6873491596847,4.62026932028959,493.197121824538,367.009232912482,1868.81802043661,1995.00590934867,423900000
616,205,13.748863527908,7.6873491596847,4.62026932028959,7.68561960816702,4.61829173303735,506.945985352446,493.197121824538,1995.00590934867,2008.75477287658,423900000
616,204,14.2123097275028,7.6873491596847,4.62026932028959,7.68520459385122,4.61928731676832,507.409431552041,493.197121824538,1995.00590934867,2009.21821907617,423900000
617,206,64.9617407773308,7.68217041316777,4.61329738513671,7.68395818548289,4.61435449649749,507.41453637112,442.452795593789,1944.26158311792,2009.22332389525,423900000
617,618,28.0386275555793,7.68217041316777,4.61329738513671,7.6819345237749,4.61397864773141,470.491423149368,442.452795593789,1944.26158311792,1972.3002106735,423900000
618,207,36.4886642771487,7.6819345237749,4.61397864773141,7.68568904681139,4.61680177292813,506.980087426517,470.491423149368,1972.3002106735,2008.78887495065,423900000
618,208,39.9018929270724,7.6819345237749,4.61397864773141,7.67961408805638,4.61694031615839,510.393316076441,470.491423149368,1972.3002106735,2012.20210360057,423900000
