node1,node2,length,startLat,startLon,endLat,endLon,endNodeL,startNodeL,startYear,endYear,treeID
814,816,147.223095239208,7.68529040482849,4.63004024705275,7.68869412673198,4.61687090300686,373.399064384056,226.175969144848,1745.36444290842,1892.58753814763,629700000
814,815,219.737033879212,7.68529040482849,4.63004024705275,7.84101953421274,5.14244702322942,445.91300302406,226.175969144848,1745.36444290842,1965.10147678763,629700000
815,404,53.9422766370267,7.84101953421274,5.14244702322942,7.525829,5.762072,499.855279661086,445.91300302406,1965.10147678763,2019.04375342466,629700000
815,405,50.9339601462714,7.84101953421274,5.14244702322942,7.845422,5.182916,496.846963170331,445.91300302406,1965.10147678763,2016.0354369339,629700000
816,817,106.85926919426,7.68869412673198,4.61687090300686,7.68445626276215,4.62004534635518,480.258333578316,373.399064384056,1892.58753814763,1999.44680734189,629700000
816,818,42.4652668195804,7.68869412673198,4.61687090300686,7.68750637909454,4.62052371247049,415.864331203636,373.399064384056,1892.58753814763,1935.05280496721,629700000
817,406,9.75847388087917,7.68445626276215,4.62004534635518,7.68520459385122,4.61928731676832,490.016807459195,480.258333578316,1999.44680734189,2009.20528122277,629700000
817,407,9.37246472296211,7.68445626276215,4.62004534635518,7.68561960816702,4.61829173303735,489.630798301278,480.258333578316,1999.44680734189,2008.81927206485,629700000
818,408,74.14216833896,7.68750637909454,4.62052371247049,7.68395818548289,4.61435449649749,490.006499542596,415.864331203636,1935.05280496721,2009.19497330617,629700000
818,819,30.9880511038963,7.68750637909454,4.62052371247049,7.68123942380763,4.61944166669128,446.852382307532,415.864331203636,1935.05280496721,1966.0408560711,629700000
819,409,42.789384368707,7.68123942380763,4.61944166669128,7.68568904681139,4.61680177292813,489.641766676239,446.852382307532,1966.0408560711,2008.83024043981,629700000
819,410,46.1612475294653,7.68123942380763,4.61944166669128,7.67961408805638,4.61694031615839,493.013629836998,446.852382307532,1966.0408560711,2012.20210360057,629700000
