node1,node2,length,startLat,startLon,endLat,endLon,endNodeL,startNodeL,startYear,endYear,treeID
613,615,116.836968273998,7.84400748855397,5.17149288840741,7.68775148992445,4.61624039291586,336.545729821166,219.708761547168,1766.68738066991,1883.52434894391,923700000
613,614,180.342864957781,7.84400748855397,5.17149288840741,7.84659386643706,5.1843038270944,400.051626504949,219.708761547168,1766.68738066991,1947.0302456277,923700000
614,202,72.0135077969625,7.84659386643706,5.1843038270944,7.525829,5.762072,472.065134301911,400.051626504949,1947.0302456277,2019.04375342466,923700000
614,203,69.0051913062072,7.84659386643706,5.1843038270944,7.845422,5.182916,469.056817811156,400.051626504949,1947.0302456277,2016.0354369339,923700000
615,616,118.292645059291,7.68775148992445,4.61624039291586,7.68462274028919,4.61736900129401,454.838374880456,336.545729821166,1883.52434894391,2001.8169940032,923700000
615,617,57.9197307382859,7.68775148992445,4.61624039291586,7.6739587003957,4.61284050589228,394.465460559452,336.545729821166,1883.52434894391,1941.4440796822,923700000
616,204,7.40241926702663,7.68462274028919,4.61736900129401,7.68520459385122,4.61928731676832,462.240794147483,454.838374880456,2001.8169940032,2009.21941327023,923700000
616,205,6.99957362861347,7.68462274028919,4.61736900129401,7.68561960816702,4.61829173303735,461.83794850907,454.838374880456,2001.8169940032,2008.81656763182,923700000
617,206,67.7299828859953,7.6739587003957,4.61284050589228,7.68395818548289,4.61435449649749,462.195443445447,394.465460559452,1941.4440796822,2009.17406256819,923700000
617,618,27.6875624662823,7.6739587003957,4.61284050589228,7.67767294652403,4.61599460912386,422.153023025734,394.465460559452,1941.4440796822,1969.13164214848,923700000
618,208,39.6680840681246,7.67767294652403,4.61599460912386,7.68568904681139,4.61680177292813,461.821107093859,422.153023025734,1969.13164214848,2008.7997262166,923700000
618,207,43.0704614520887,7.67767294652403,4.61599460912386,7.67961408805638,4.61694031615839,465.223484477823,422.153023025734,1969.13164214848,2012.20210360057,923700000
