node1,node2,length,startLat,startLon,endLat,endLon,endNodeL,startNodeL,startYear,endYear,treeID
614,615,218.609182035341,7.70124135774572,4.61423802763163,7.55410950880658,4.92757475646219,433.598910020945,214.989727985604,1747.92820921163,1966.53739124697,927900000
614,616,124.78883447855,7.70124135774572,4.61423802763163,7.68013992003893,4.61601328491816,339.778562464154,214.989727985604,1747.92820921163,1872.71704369018,927900000
615,203,52.5063621776879,7.55410950880658,4.92757475646219,7.525829,5.762072,486.105272198633,433.598910020945,1966.53739124697,2019.04375342466,927900000
615,204,49.4980456869326,7.55410950880658,4.92757475646219,7.845422,5.182916,483.096955707878,433.598910020945,1966.53739124697,2016.0354369339,927900000
616,617,127.605329398716,7.68013992003893,4.61601328491816,7.68410330578406,4.61847189299389,467.38389186287,339.778562464154,1872.71704369018,2000.32237308889,927900000
616,618,60.3014359244793,7.68013992003893,4.61601328491816,7.68324158225418,4.61897749847411,400.079998388633,339.778562464154,1872.71704369018,1933.01847961466,927900000
617,205,8.847259212244,7.68410330578406,4.61847189299389,7.68520459385122,4.61928731676832,476.231151075114,467.38389186287,2000.32237308889,2009.16963230114,927900000
617,206,8.45420073971587,7.68410330578406,4.61847189299389,7.68561960816702,4.61829173303735,475.838092602586,467.38389186287,2000.32237308889,2008.77657382861,927900000
618,207,76.220105679998,7.68324158225418,4.61897749847411,7.68395818548289,4.61435449649749,476.300104068631,400.079998388633,1933.01847961466,2009.23858529466,927900000
618,619,33.0888217091292,7.68324158225418,4.61897749847411,7.68005799464512,4.61463634403569,433.168820097762,400.079998388633,1933.01847961466,1966.10730132379,927900000
619,209,42.6902351399326,7.68005799464512,4.61463634403569,7.68568904681139,4.61680177292813,475.859055237695,433.168820097762,1966.10730132379,2008.79753646372,927900000
619,208,46.0948022767824,7.68005799464512,4.61463634403569,7.67961408805638,4.61694031615839,479.263622374545,433.168820097762,1966.10730132379,2012.20210360057,927900000
