node1,node2,length,startLat,startLon,endLat,endLon,endNodeL,startNodeL,startYear,endYear,treeID
413,415,89.5358754937502,7.86268668016885,5.17034349149824,7.68659140324156,4.61263221056676,321.589987502853,232.054112009103,1784.267391798,1873.80326729175,362300000
413,414,169.895831513552,7.86268668016885,5.17034349149824,7.87753701695927,5.19803320444216,401.949943522655,232.054112009103,1784.267391798,1954.16322331155,362300000
414,1,64.8805301131097,7.87753701695927,5.19803320444216,7.525829,5.762072,466.830473635765,401.949943522655,1954.16322331155,2019.04375342466,362300000
414,2,61.8722136223544,7.87753701695927,5.19803320444216,7.845422,5.182916,463.822157145009,401.949943522655,1954.16322331155,2016.0354369339,362300000
415,417,68.9596853635995,7.68659140324156,4.61263221056676,7.6836002040451,4.61428843582461,390.549672866452,321.589987502853,1873.80326729175,1942.76295265535,362300000
415,416,125.462790172032,7.68659140324156,4.61263221056676,7.68576311940007,4.62154710869525,447.052777674885,321.589987502853,1873.80326729175,1999.26605746378,362300000
416,3,9.93209965542799,7.68576311940007,4.62154710869525,7.68520459385122,4.61928731676832,456.984877330313,447.052777674885,1999.26605746378,2009.19815711921,362300000
416,4,9.5074186382093,7.68576311940007,4.62154710869525,7.68561960816702,4.61829173303735,456.560196313094,447.052777674885,1999.26605746378,2008.77347610199,362300000
417,5,66.4711131691955,7.6836002040451,4.61428843582461,7.68395818548289,4.61435449649749,457.020786035648,390.549672866452,1942.76295265535,2009.23406582454,362300000
417,418,37.2995019697113,7.6836002040451,4.61428843582461,7.67984351737694,4.61616301184667,427.849174836164,390.549672866452,1942.76295265535,1980.06245462506,362300000
418,7,32.1396489755124,7.67984351737694,4.61616301184667,7.67961408805638,4.61694031615839,459.988823811676,427.849174836164,1980.06245462506,2012.20210360057,362300000
418,6,28.7427376372703,7.67984351737694,4.61616301184667,7.68568904681139,4.61680177292813,456.591912473434,427.849174836164,1980.06245462506,2008.80519226233,362300000
