node1,node2,length,startLat,startLon,endLat,endLon,endNodeL,startNodeL,startYear,endYear,treeID
613,614,171.20106652209,7.8088024892421,5.20912472342027,7.81989753265863,5.1726873822188,459.706775182099,288.505708660009,1789.5968844126,1960.79795093469,762000000
613,615,79.6314208819483,7.8088024892421,5.20912472342027,7.68558829817484,4.61944017685791,368.137129541957,288.505708660009,1789.5968844126,1869.22830529455,762000000
614,203,55.2374859992149,7.81989753265863,5.1726873822188,7.845422,5.182916,514.944261181313,459.706775182099,1960.79795093469,2016.0354369339,762000000
614,202,58.2458024899702,7.81989753265863,5.1726873822188,7.525829,5.762072,517.952577672069,459.706775182099,1960.79795093469,2019.04375342466,762000000
615,617,80.1553123475252,7.68558829817484,4.61944017685791,7.68274356217827,4.61668698398806,448.292441889482,368.137129541957,1869.22830529455,1949.38361764207,762000000
615,616,134.003692584601,7.68558829817484,4.61944017685791,7.68574841341371,4.61816213562555,502.140822126558,368.137129541957,1869.22830529455,2003.23199787915,762000000
616,204,5.99643361457447,7.68574841341371,4.61816213562555,7.68520459385122,4.61928731676832,508.137255741132,502.140822126558,2003.23199787915,2009.22843149372,762000000
616,205,5.5338442293918,7.68574841341371,4.61816213562555,7.68561960816702,4.61829173303735,507.67466635595,502.140822126558,2003.23199787915,2008.76584210854,762000000
617,618,19.7480601398711,7.68274356217827,4.61668698398806,7.6820990102014,4.61424940143543,468.040502029353,448.292441889482,1949.38361764207,1969.13167778194,762000000
617,206,59.8186494586084,7.68274356217827,4.61668698398806,7.68395818548289,4.61435449649749,508.111091348091,448.292441889482,1949.38361764207,2009.20226710068,762000000
618,207,39.6707934488209,7.6820990102014,4.61424940143543,7.68568904681139,4.61680177292813,507.711295478174,468.040502029353,1969.13167778194,2008.80247123076,762000000
618,208,43.0704258186267,7.6820990102014,4.61424940143543,7.67961408805638,4.61694031615839,511.11092784798,468.040502029353,1969.13167778194,2012.20210360057,762000000
