node1,node2,length,startLat,startLon,endLat,endLon,endNodeL,startNodeL,startYear,endYear,treeID
814,816,200.287498944573,7.8349335596382,5.19046730412826,7.68397921451598,4.61879243302283,383.340250644887,183.052751700314,1679.29677675256,1879.58427569713,875400000
814,815,267.373501078818,7.8349335596382,5.19046730412826,7.85203359383073,5.1789647742493,450.426252779132,183.052751700314,1679.29677675256,1946.67027783138,875400000
815,404,72.3734755932811,7.85203359383073,5.1789647742493,7.525829,5.762072,522.799728372413,450.426252779132,1946.67027783138,2019.04375342466,875400000
815,405,69.3651591025258,7.85203359383073,5.1789647742493,7.845422,5.182916,519.791411881658,450.426252779132,1946.67027783138,2016.0354369339,875400000
816,817,123.334936436978,7.68397921451598,4.61879243302283,7.68306407560962,4.61673915058143,506.675187081865,383.340250644887,1879.58427569713,2002.91921213411,875400000
816,818,51.438218719401,7.68397921451598,4.61879243302283,7.68323748544266,4.61424952727826,434.778469364288,383.340250644887,1879.58427569713,1931.02249441653,875400000
817,406,6.28327934434907,7.68306407560962,4.61673915058143,7.68520459385122,4.61928731676832,512.958466426214,506.675187081865,2002.91921213411,2009.20249147846,875400000
817,407,5.87011711603109,7.68306407560962,4.61673915058143,7.68561960816702,4.61829173303735,512.545304197896,506.675187081865,2002.91921213411,2008.78932925014,875400000
818,408,78.1986871560894,7.68323748544266,4.61424952727826,7.68395818548289,4.61435449649749,512.977156520377,434.778469364288,1931.02249441653,2009.22118157262,875400000
818,819,42.2727136004192,7.68323748544266,4.61424952727826,7.68708800166509,4.61833898388722,477.051182964707,434.778469364288,1931.02249441653,1973.29520801695,875400000
819,410,35.4851863854171,7.68708800166509,4.61833898388722,7.68568904681139,4.61680177292813,512.536369350124,477.051182964707,1973.29520801695,2008.78039440237,875400000
819,409,38.9068955836177,7.68708800166509,4.61833898388722,7.67961408805638,4.61694031615839,515.958078548325,477.051182964707,1973.29520801695,2012.20210360057,875400000
