node1,node2,length,startLat,startLon,endLat,endLon,endNodeL,startNodeL,startYear,endYear,treeID
814,816,138.12661805881,7.68149605146105,4.65415407634698,7.67652981901192,4.62390848530342,338.013415397311,199.886797338501,1738.31700256585,1876.44362062466,586300000
814,815,218.956348627855,7.68149605146105,4.65415407634698,7.84600246748469,5.18184514079925,418.843145966355,199.886797338501,1738.31700256585,1957.27335119371,586300000
815,405,58.762085740196,7.84600246748469,5.18184514079925,7.845422,5.182916,477.605231706551,418.843145966355,1957.27335119371,2016.0354369339,586300000
815,404,61.7704022309513,7.84600246748469,5.18184514079925,7.525829,5.762072,480.613548197307,418.843145966355,1957.27335119371,2019.04375342466,586300000
816,817,126.577765026309,7.67652981901192,4.62390848530342,7.68422919699395,4.61760051228545,464.59118042362,338.013415397311,1876.44362062466,2003.02138565097,586300000
816,818,48.3362498204436,7.67652981901192,4.62390848530342,7.68272749728071,4.61928884965026,386.349665217755,338.013415397311,1876.44362062466,1924.77987044511,586300000
817,407,5.73828675533949,7.68422919699395,4.61760051228545,7.68561960816702,4.61829173303735,470.32946717896,464.59118042362,2003.02138565097,2008.75967240631,586300000
817,406,6.16314515890113,7.68422919699395,4.61760051228545,7.68520459385122,4.61928731676832,470.754325582522,464.59118042362,2003.02138565097,2009.18453080987,586300000
818,408,84.3835170943377,7.68272749728071,4.61928884965026,7.68395818548289,4.61435449649749,470.733182312092,386.349665217755,1924.77987044511,2009.16338753944,586300000
818,819,42.1402597072384,7.68272749728071,4.61928884965026,7.68274507031927,4.61646631537055,428.489924924993,386.349665217755,1924.77987044511,1966.92013015234,586300000
819,410,45.2819734482251,7.68274507031927,4.61646631537055,7.67961408805638,4.61694031615839,473.771898373218,428.489924924993,1966.92013015234,2012.20210360057,586300000
819,409,41.857045089027,7.68274507031927,4.61646631537055,7.68568904681139,4.61680177292813,470.34697001402,428.489924924993,1966.92013015234,2008.77717524137,586300000
