node1,node2,length,startLat,startLon,endLat,endLon,endNodeL,startNodeL,startYear,endYear,treeID
614,616,145.200080246872,7.678103043256,4.63679625682877,7.69129251858164,4.62519113840172,394.198141051144,248.998060804272,1731.81124095513,1877.011321202,992300000
614,615,232.460426814897,7.678103043256,4.63679625682877,7.84161440465195,5.17688088213615,481.458487619169,248.998060804272,1731.81124095513,1964.27166777002,992300000
615,203,54.7720856546355,7.84161440465195,5.17688088213615,7.525829,5.762072,536.230573273804,481.458487619169,1964.27166777002,2019.04375342466,992300000
615,204,51.7637691638802,7.84161440465195,5.17688088213615,7.845422,5.182916,533.222256783049,481.458487619169,1964.27166777002,2016.0354369339,992300000
616,617,126.234978310449,7.69129251858164,4.62519113840172,7.68523498663662,4.61918236653319,520.433119361593,394.198141051144,1877.011321202,2003.24629951245,992300000
616,618,58.2322850881674,7.69129251858164,4.62519113840172,7.68779937630546,4.61520303143436,452.430426139311,394.198141051144,1877.011321202,1935.24360629016,992300000
617,206,5.51398550897341,7.68523498663662,4.61918236653319,7.68561960816702,4.61829173303735,525.947104870567,520.433119361593,2003.24629951245,2008.76028502142,992300000
617,205,5.98187123840584,7.68523498663662,4.61918236653319,7.68520459385122,4.61928731676832,526.414990599999,520.433119361593,2003.24629951245,2009.22817075085,992300000
618,619,39.8269433209581,7.68779937630546,4.61520303143436,7.68459817250092,4.61657257171234,492.257369460269,452.430426139311,1935.24360629016,1975.07054961112,992300000
618,207,73.9795691516707,7.68779937630546,4.61520303143436,7.68395818548289,4.61435449649749,526.409995290982,452.430426139311,1935.24360629016,2009.22317544184,992300000
619,209,33.7533170428923,7.68459817250092,4.61657257171234,7.68568904681139,4.61680177292813,526.010686503162,492.257369460269,1975.07054961112,2008.82386665402,992300000
619,208,37.1315539894462,7.68459817250092,4.61657257171234,7.67961408805638,4.61694031615839,529.388923449715,492.257369460269,1975.07054961112,2012.20210360057,992300000
