node1,node2,length,startLat,startLon,endLat,endLon,endNodeL,startNodeL,startYear,endYear,treeID
814,816,166.765454491024,7.85377674299665,5.18910489740255,7.68781816760706,4.62241505943018,362.487615556057,195.722161065033,1718.59749449596,1885.36294898698,420400000
814,815,248.095420654019,7.85377674299665,5.18910489740255,7.85016322811608,5.20517462803588,443.817581719052,195.722161065033,1718.59749449596,1966.69291514998,420400000
815,405,49.342521783927,7.85016322811608,5.20517462803588,7.845422,5.182916,493.160103502979,443.817581719052,1966.69291514998,2016.0354369339,420400000
815,404,52.3508382746823,7.85016322811608,5.20517462803588,7.525829,5.762072,496.168419993734,443.817581719052,1966.69291514998,2019.04375342466,420400000
816,817,118.565021206727,7.68781816760706,4.62241505943018,7.68528586802168,4.61913603223915,481.052636762783,362.487615556057,1885.36294898698,2003.92797019371,420400000
816,818,71.4182377887729,7.68781816760706,4.62241505943018,7.68511533145548,4.61377245818969,433.90585334483,362.487615556057,1885.36294898698,1956.78118677575,420400000
817,407,4.88049393237612,7.68528586802168,4.61913603223915,7.68561960816702,4.61829173303735,485.93313069516,481.052636762783,2003.92797019371,2008.80846412608,420400000
817,406,5.23964811403929,7.68528586802168,4.61913603223915,7.68520459385122,4.61928731676832,486.292284876823,481.052636762783,2003.92797019371,2009.16761830775,420400000
818,819,23.8053888425238,7.68511533145548,4.61377245818969,7.68488664287256,4.61598810706046,457.711242187354,433.90585334483,1956.78118677575,1980.58657561828,420400000
818,408,52.4129532512814,7.68511533145548,4.61377245818969,7.68395818548289,4.61435449649749,486.318806596111,433.90585334483,1956.78118677575,2009.19414002704,420400000
819,409,28.2122556233951,7.68488664287256,4.61598810706046,7.68568904681139,4.61680177292813,485.923497810749,457.711242187354,1980.58657561828,2008.79883124167,420400000
819,410,31.6155279822919,7.68488664287256,4.61598810706046,7.67961408805638,4.61694031615839,489.326770169645,457.711242187354,1980.58657561828,2012.20210360057,420400000
