node1,node2,length,startLat,startLon,endLat,endLon,endNodeL,startNodeL,startYear,endYear,treeID
614,615,244.413393518231,7.64513364227425,4.64564260551533,7.84593832566053,5.18645114270321,403.449971351352,159.036577833121,1714.95920071836,1959.37259423659,686400000
614,616,171.842530197397,7.64513364227425,4.64564260551533,7.67600401451851,4.61405208900375,330.879108030517,159.036577833121,1714.95920071836,1886.80173091575,686400000
615,204,56.6628426973132,7.84593832566053,5.18645114270321,7.845422,5.182916,460.112814048665,403.449971351352,1959.37259423659,2016.0354369339,686400000
615,203,59.6711591880685,7.84593832566053,5.18645114270321,7.525829,5.762072,463.12113053942,403.449971351352,1959.37259423659,2019.04375342466,686400000
616,618,59.6037240785581,7.67600401451851,4.61405208900375,7.677254653123,4.61162606392635,390.482832109075,330.879108030517,1886.80173091575,1946.40545499431,686400000
616,617,117.132320674872,7.67600401451851,4.61405208900375,7.68502949909565,4.61933680869525,448.011428705389,330.879108030517,1886.80173091575,2003.93405159063,686400000
617,206,4.83406306056627,7.68502949909565,4.61933680869525,7.68561960816702,4.61829173303735,452.845491765955,448.011428705389,2003.93405159063,2008.76811465119,686400000
617,205,5.24477240653256,7.68502949909565,4.61933680869525,7.68520459385122,4.61928731676832,453.256201111922,448.011428705389,2003.93405159063,2009.17882399716,686400000
618,207,62.8355198052992,7.677254653123,4.61162606392635,7.68395818548289,4.61435449649749,453.318351914374,390.482832109075,1946.40545499431,2009.24097479961,686400000
618,619,31.5394025298327,7.677254653123,4.61162606392635,7.6783564718763,4.61990613049265,422.022234638908,390.482832109075,1946.40545499431,1977.94485752415,686400000
619,208,30.8100269509683,7.6783564718763,4.61990613049265,7.68568904681139,4.61680177292813,452.832261589876,422.022234638908,1977.94485752415,2008.75488447511,686400000
619,209,34.2572460764238,7.6783564718763,4.61990613049265,7.67961408805638,4.61694031615839,456.279480715332,422.022234638908,1977.94485752415,2012.20210360057,686400000
