node1,node2,length,startLat,startLon,endLat,endLon,endNodeL,startNodeL,startYear,endYear,treeID
613,615,109.97075639925,7.69497980857621,4.60955299597161,7.6869350176585,4.62628077873872,333.642083611016,223.671327211766,1763.73032900066,1873.70108539991,534500000
613,614,193.631867764784,7.69497980857621,4.60955299597161,7.84603345261226,5.18576174947109,417.30319497655,223.671327211766,1763.73032900066,1957.36219676545,534500000
614,202,61.6815566592091,7.84603345261226,5.18576174947109,7.525829,5.762072,478.984751635759,417.30319497655,1957.36219676545,2019.04375342466,534500000
614,203,58.6732401684538,7.84603345261226,5.18576174947109,7.845422,5.182916,475.976435145004,417.30319497655,1957.36219676545,2016.0354369339,534500000
615,616,126.752062798551,7.6869350176585,4.62628077873872,7.68716897666768,4.62115153859541,460.394146409567,333.642083611016,1873.70108539991,2000.45314819847,534500000
615,617,71.0231235065601,7.6869350176585,4.62628077873872,7.68729484025009,4.62353142767611,404.665207117576,333.642083611016,1873.70108539991,1944.72420890647,534500000
616,204,8.74090781806472,7.68716897666768,4.62115153859541,7.68520459385122,4.61928731676832,469.135054227632,460.394146409567,2000.45314819847,2009.19405601653,534500000
616,205,8.35335021798098,7.68716897666768,4.62115153859541,7.68561960816702,4.61829173303735,468.747496627548,460.394146409567,2000.45314819847,2008.80649841645,534500000
617,618,39.6266011905803,7.68729484025009,4.62353142767611,7.67820930285138,4.62147482578366,444.291808308157,404.665207117576,1944.72420890647,1984.35081009706,534500000
617,206,64.5088336836701,7.68729484025009,4.62353142767611,7.68395818548289,4.61435449649749,469.174040801247,404.665207117576,1944.72420890647,2009.23304259015,534500000
618,208,27.851293503514,7.67820930285138,4.62147482578366,7.67961408805638,4.61694031615839,472.143101811671,444.291808308157,1984.35081009706,2012.20210360057,534500000
618,207,24.477407809511,7.67820930285138,4.62147482578366,7.68568904681139,4.61680177292813,468.769216117668,444.291808308157,1984.35081009706,2008.82821790657,534500000
