node1,node2,length,startLat,startLon,endLat,endLon,endNodeL,startNodeL,startYear,endYear,treeID
814,816,166.098902885495,7.85588331643939,5.25255751173332,7.68816538738208,4.64428349744824,320.356886601713,154.257983716218,1729.31186333863,1895.41076622412,317500000
814,815,234.153464810167,7.85588331643939,5.25255751173332,7.8218146264973,5.1596882724445,388.411448526385,154.257983716218,1729.31186333863,1963.4653281488,317500000
815,405,52.5701087851071,7.8218146264973,5.1596882724445,7.845422,5.182916,440.981557311492,388.411448526385,1963.4653281488,2016.0354369339,317500000
815,404,55.5784252758624,7.8218146264973,5.1596882724445,7.525829,5.762072,443.989873802247,388.411448526385,1963.4653281488,2019.04375342466,317500000
816,817,105.055908053743,7.68816538738208,4.64428349744824,7.6763393764336,4.62382740607931,425.412794655456,320.356886601713,1895.41076622412,2000.46667427787,317500000
816,818,60.6452897841924,7.68816538738208,4.64428349744824,7.68272948016827,4.61458998203862,381.002176385905,320.356886601713,1895.41076622412,1956.05605600832,317500000
817,406,8.70754527286811,7.6763393764336,4.62382740607931,7.68520459385122,4.61928731676832,434.120339928324,425.412794655456,2000.46667427787,2009.17421955073,317500000
817,407,8.30471955700416,7.6763393764336,4.62382740607931,7.68561960816702,4.61829173303735,433.71751421246,425.412794655456,2000.46667427787,2008.77139383487,317500000
818,408,53.185624175447,7.68272948016827,4.61458998203862,7.68395818548289,4.61435449649749,434.187800561352,381.002176385905,1956.05605600832,2009.24168018376,317500000
818,819,26.0509716333183,7.68272948016827,4.61458998203862,7.68215688374943,4.61697007600503,407.053148019223,381.002176385905,1956.05605600832,1982.10702764163,317500000
819,409,26.6552849179012,7.68215688374943,4.61697007600503,7.68568904681139,4.61680177292813,433.708432937124,407.053148019223,1982.10702764163,2008.76231255954,317500000
819,410,30.0950759589354,7.68215688374943,4.61697007600503,7.67961408805638,4.61694031615839,437.148223978159,407.053148019223,1982.10702764163,2012.20210360057,317500000
