node1,node2,length,startLat,startLon,endLat,endLon,endNodeL,startNodeL,startYear,endYear,treeID
412,414,144.112485128393,7.7005680299443,4.66101983048628,7.68153499629211,4.61629188146672,365.370278422054,221.257793293661,1744.17262681034,1888.28511193873,680100000
412,413,225.443358877966,7.7005680299443,4.66101983048628,7.84115791858923,5.18424896669917,446.701152171627,221.257793293661,1744.17262681034,1969.6159856883,680100000
413,1,49.4277677363566,7.84115791858923,5.18424896669917,7.525829,5.762072,496.128919907984,446.701152171627,1969.6159856883,2019.04375342466,680100000
413,2,46.4194512456013,7.84115791858923,5.18424896669917,7.845422,5.182916,493.120603417228,446.701152171627,1969.6159856883,2016.0354369339,680100000
414,415,113.849642515547,7.68153499629211,4.61629188146672,7.68484256092994,4.61919120276384,479.219920937601,365.370278422054,1888.28511193873,2002.13475445428,680100000
414,416,66.7721698333242,7.68153499629211,4.61629188146672,7.67930357339547,4.61607999425783,432.142448255378,365.370278422054,1888.28511193873,1955.05728177205,680100000
415,3,7.02898300437505,7.68484256092994,4.61919120276384,7.68520459385122,4.61928731676832,486.248903941976,479.219920937601,2002.13475445428,2009.16373745865,680100000
415,4,6.65633570848696,7.68484256092994,4.61919120276384,7.68561960816702,4.61829173303735,485.876256646088,479.219920937601,2002.13475445428,2008.79109016276,680100000
416,5,54.1439966934216,7.67930357339547,4.61607999425783,7.68395818548289,4.61435449649749,486.2864449488,432.142448255378,1955.05728177205,2009.20127846547,680100000
416,417,23.0558054231661,7.67930357339547,4.61607999425783,7.67625750908344,4.61826783604131,455.198253678545,432.142448255378,1955.05728177205,1978.11308719522,680100000
417,6,30.6764334929569,7.67625750908344,4.61826783604131,7.68568904681139,4.61680177292813,485.874687171501,455.198253678545,1978.11308719522,2008.78952068818,680100000
417,7,34.0890164053506,7.67625750908344,4.61826783604131,7.67961408805638,4.61694031615839,489.287270083895,455.198253678545,1978.11308719522,2012.20210360057,680100000
