node1,node2,length,startLat,startLon,endLat,endLon,endNodeL,startNodeL,startYear,endYear,treeID
412,413,166.986908483495,7.6501038461672,4.59581685105255,7.85570436236411,5.18302791464729,439.867443354117,272.880534870622,1781.8522503984,1948.8391588819,987400000
412,414,116.785212229994,7.6501038461672,4.59581685105255,7.68450054414722,4.61451482868816,389.665747100616,272.880534870622,1781.8522503984,1898.6374626284,987400000
413,1,70.2045945427604,7.85570436236411,5.18302791464729,7.525829,5.762072,510.072037896877,439.867443354117,1948.8391588819,2019.04375342466,987400000
413,2,67.1962780520051,7.85570436236411,5.18302791464729,7.845422,5.182916,507.063721406122,439.867443354117,1948.8391588819,2016.0354369339,987400000
414,415,95.8580296181798,7.68450054414722,4.61451482868816,7.68705177511373,4.61753891604043,485.523776718796,389.665747100616,1898.6374626284,1994.49549224658,987400000
414,416,51.8889141241071,7.68450054414722,4.61451482868816,7.68642797746747,4.61760797409569,441.554661224724,389.665747100616,1898.6374626284,1950.5263767525,987400000
415,3,14.6784734824871,7.68705177511373,4.61753891604043,7.68520459385122,4.61928731676832,500.202250201283,485.523776718796,1994.49549224658,2009.17396572906,987400000
415,4,14.3150946311517,7.68705177511373,4.61753891604043,7.68561960816702,4.61829173303735,499.838871349948,485.523776718796,1994.49549224658,2008.81058687773,987400000
416,5,58.6368663818153,7.68642797746747,4.61760797409569,7.68395818548289,4.61435449649749,500.191527606539,441.554661224724,1950.5263767525,2009.16324313432,987400000
416,417,29.6995835183037,7.68642797746747,4.61760797409569,7.68164885994055,4.61760883674353,471.254244743027,441.554661224724,1950.5263767525,1980.22596027081,987400000
417,6,31.9761433297615,7.68164885994055,4.61760883674353,7.67961408805638,4.61694031615839,503.230388072789,471.254244743027,1980.22596027081,2012.20210360057,987400000
417,7,28.5373822216651,7.68164885994055,4.61760883674353,7.68568904681139,4.61680177292813,499.791626964692,471.254244743027,1980.22596027081,2008.76334249247,987400000
