node1,node2,length,startLat,startLon,endLat,endLon,endNodeL,startNodeL,startYear,endYear,treeID
814,816,121.0701421256,7.6686213579347,4.57993326290917,7.68296124973681,4.61547096118248,350.710695994915,229.640553869315,1750.55522770034,1871.62536982594,844600000
814,815,208.751095845405,7.6686213579347,4.57993326290917,7.90612570167659,5.18695512706554,438.391649714719,229.640553869315,1750.55522770034,1959.30632354575,844600000
815,404,59.7374298789117,7.90612570167659,5.18695512706554,7.525829,5.762072,498.129079593631,438.391649714719,1959.30632354575,2019.04375342466,844600000
815,405,56.7291133881564,7.90612570167659,5.18695512706554,7.845422,5.182916,495.120763102876,438.391649714719,1959.30632354575,2016.0354369339,844600000
816,817,133.811864027056,7.68296124973681,4.61547096118248,7.68595501871435,4.61831612437308,484.522560021971,350.710695994915,1871.62536982594,2005.437233853,844600000
816,818,99.9040704740291,7.68296124973681,4.61547096118248,7.68040225000329,4.61205194547019,450.614766468944,350.710695994915,1871.62536982594,1971.52944029997,844600000
817,407,3.38842400338383,7.68595501871435,4.61831612437308,7.68561960816702,4.61829173303735,487.910984025355,484.522560021971,2005.437233853,2008.82565785638,844600000
817,406,3.74431524285801,7.68595501871435,4.61831612437308,7.68520459385122,4.61928731676832,488.266875264829,484.522560021971,2005.437233853,2009.18154909586,844600000
818,819,14.4904030000138,7.68040225000329,4.61205194547019,7.67959520367238,4.61703869137677,465.105169468958,450.614766468944,1971.52944029997,1986.01984329998,844600000
818,408,37.6827286236092,7.68040225000329,4.61205194547019,7.68395818548289,4.61435449649749,488.297495092553,450.614766468944,1971.52944029997,2009.21216892358,844600000
819,409,26.1822603005847,7.67959520367238,4.61703869137677,7.67961408805638,4.61694031615839,491.287429769543,465.105169468958,1986.01984329998,2012.20210360057,844600000
819,410,22.7592234824044,7.67959520367238,4.61703869137677,7.68568904681139,4.61680177292813,487.864392951362,465.105169468958,1986.01984329998,2008.77906678239,844600000
