node1,node2,length,startLat,startLon,endLat,endLon,endNodeL,startNodeL,startYear,endYear,treeID
814,816,122.122870838959,7.82362837107638,5.20623537279081,7.67557891534411,4.61857894771206,379.11026342264,256.987392583681,1744.90969387556,1867.03256471452,940500000
814,815,203.758044028685,7.82362837107638,5.20623537279081,7.83589237353852,5.19669301748172,460.745436612366,256.987392583681,1744.90969387556,1948.66773790424,940500000
815,404,70.3760155204159,7.83589237353852,5.19669301748172,7.525829,5.762072,531.121452132782,460.745436612366,1948.66773790424,2019.04375342466,940500000
815,405,67.3676990296606,7.83589237353852,5.19669301748172,7.845422,5.182916,528.113135642026,460.745436612366,1948.66773790424,2016.0354369339,940500000
816,817,132.474852275291,7.67557891534411,4.61857894771206,7.68540576019156,4.61907843747077,511.585115697931,379.11026342264,1867.03256471452,1999.50741698981,940500000
816,818,74.3828195487363,7.67557891534411,4.61857894771206,7.68409609898101,4.6208457531994,453.493082971376,379.11026342264,1867.03256471452,1941.41538426325,940500000
817,407,9.31546940659553,7.68540576019156,4.61907843747077,7.68561960816702,4.61829173303735,520.900585104527,511.585115697931,1999.50741698981,2008.8228863964,940500000
817,406,9.6746503269517,7.68540576019156,4.61907843747077,7.68520459385122,4.61928731676832,521.259766024883,511.585115697931,1999.50741698981,2009.18206731676,940500000
818,408,67.7573091638583,7.68409609898101,4.6208457531994,7.68395818548289,4.61435449649749,521.250392135235,453.493082971376,1941.41538426325,2009.17269342711,940500000
818,819,40.3499392020549,7.68409609898101,4.6208457531994,7.68433195466782,4.61995894375819,493.843022173431,453.493082971376,1941.41538426325,1981.76532346531,940500000
819,409,30.436780135262,7.68433195466782,4.61995894375819,7.67961408805638,4.61694031615839,524.279802308693,493.843022173431,1981.76532346531,2012.20210360057,940500000
819,410,27.0511348393374,7.68433195466782,4.61995894375819,7.68568904681139,4.61680177292813,520.894157012769,493.843022173431,1981.76532346531,2008.81645830464,940500000
