node1,node2,length,startLat,startLon,endLat,endLon,endNodeL,startNodeL,startYear,endYear,treeID
814,816,108.99613027799,7.83492954875481,5.21070276168581,7.75081928131309,4.59360797936433,286.441842553717,177.445712275727,1757.7857483437,1866.78187862169,360900000
814,815,208.962144970028,7.83492954875481,5.21070276168581,7.85788390307479,5.1892749697393,386.407857245754,177.445712275727,1757.7857483437,1966.74789331373,360900000
815,404,52.2958601109289,7.85788390307479,5.1892749697393,7.525829,5.762072,438.703717356683,386.407857245754,1966.74789331373,2019.04375342466,360900000
815,405,49.2875436201736,7.85788390307479,5.1892749697393,7.845422,5.182916,435.695400865928,386.407857245754,1966.74789331373,2016.0354369339,360900000
816,817,132.923104049743,7.75081928131309,4.59360797936433,7.68467757869559,4.61839645790889,419.36494660346,286.441842553717,1866.78187862169,1999.70498267143,360900000
816,818,80.3581225071468,7.75081928131309,4.59360797936433,7.69291106252527,4.62019850557084,366.799965060864,286.441842553717,1866.78187862169,1947.14000112884,360900000
817,407,9.068109599804,7.68467757869559,4.61839645790889,7.68561960816702,4.61829173303735,428.433056203264,419.36494660346,1999.70498267143,2008.77309227124,360900000
817,406,9.50659499114974,7.68467757869559,4.61839645790889,7.68520459385122,4.61928731676832,428.87154159461,419.36494660346,1999.70498267143,2009.21157766258,360900000
818,819,33.4432940500173,7.69291106252527,4.62019850557084,7.68370496279218,4.61743206706654,400.243259110881,366.799965060864,1947.14000112884,1980.58329517886,360900000
818,408,62.0508024653532,7.69291106252527,4.62019850557084,7.68395818548289,4.61435449649749,428.850767526217,366.799965060864,1947.14000112884,2009.19080359419,360900000
819,410,31.6188084217136,7.68370496279218,4.61743206706654,7.67961408805638,4.61694031615839,431.862067532595,400.243259110881,1980.58329517886,2012.20210360057,360900000
819,409,28.2253388664083,7.68370496279218,4.61743206706654,7.68568904681139,4.61680177292813,428.46859797729,400.243259110881,1980.58329517886,2008.80863404526,360900000
