node1,node2,length,startLat,startLon,endLat,endLon,endNodeL,startNodeL,startYear,endYear,treeID
614,616,161.286930575836,7.91353087390315,5.19424206954674,7.68015692871176,4.61651994530892,364.718636032928,203.431705457092,1683.24997469185,1844.53690526769,730500000
614,615,279.61321386247,7.91353087390315,5.19424206954674,7.85011408870174,5.19604354122088,483.044919319561,203.431705457092,1683.24997469185,1962.86318855432,730500000
615,203,56.1805648703339,7.85011408870174,5.19604354122088,7.525829,5.762072,539.225484189895,483.044919319561,1962.86318855432,2019.04375342466,730500000
615,204,53.1722483795786,7.85011408870174,5.19604354122088,7.845422,5.182916,536.21716769914,483.044919319561,1962.86318855432,2016.0354369339,730500000
616,618,97.3767188960957,7.68015692871176,4.61651994530892,7.67926077784311,4.61874045351364,462.095354929023,364.718636032928,1844.53690526769,1941.91362416379,730500000
616,617,159.355245809902,7.68015692871176,4.61651994530892,7.68589079913229,4.61987273620445,524.073881842829,364.718636032928,1844.53690526769,2003.89215107759,730500000
617,205,5.34367638931663,7.68589079913229,4.61987273620445,7.68520459385122,4.61928731676832,529.417558232146,524.073881842829,2003.89215107759,2009.23582746691,730500000
617,206,4.91831282799555,7.68589079913229,4.61987273620445,7.68561960816702,4.61829173303735,528.992194670825,524.073881842829,2003.89215107759,2008.81046390559,730500000
618,207,67.2923350176007,7.67926077784311,4.61874045351364,7.68395818548289,4.61435449649749,529.387689946624,462.095354929023,1941.91362416379,2009.20595918139,730500000
618,619,26.3596226676719,7.67926077784311,4.61874045351364,7.68053933605505,4.61768206651966,488.454977596695,462.095354929023,1941.91362416379,1968.27324683146,730500000
619,209,43.9288567691116,7.68053933605505,4.61768206651966,7.67961408805638,4.61694031615839,532.383834365807,488.454977596695,1968.27324683146,2012.20210360057,730500000
619,208,40.5423630271703,7.68053933605505,4.61768206651966,7.68568904681139,4.61680177292813,528.997340623866,488.454977596695,1968.27324683146,2008.81560985863,730500000
