node1,node2,length,startLat,startLon,endLat,endLon,endNodeL,startNodeL,startYear,endYear,treeID
814,816,170.747879923276,7.77253484198695,5.23683209668089,7.68554282822864,4.62188370036472,430.234869129015,259.486989205738,1677.10718952369,1847.85506944697,380500000
814,815,296.840059727061,7.77253484198695,5.23683209668089,7.78705268890112,5.25088075058476,556.327048932799,259.486989205738,1677.10718952369,1973.94724925075,380500000
815,405,42.0881876831512,7.78705268890112,5.25088075058476,7.845422,5.182916,598.41523661595,556.327048932799,1973.94724925075,2016.0354369339,380500000
815,404,45.0965041739065,7.78705268890112,5.25088075058476,7.525829,5.762072,601.423553106705,556.327048932799,1973.94724925075,2019.04375342466,380500000
816,817,154.523833234937,7.68554282822864,4.62188370036472,7.68673939934212,4.62021068482481,584.758702363952,430.234869129015,1847.85506944697,2002.3789026819,380500000
816,818,72.9200915725846,7.68554282822864,4.62188370036472,7.6744626406414,4.61955919735185,503.154960701599,430.234869129015,1847.85506944697,1920.77516101955,380500000
817,406,6.80094177653738,7.68673939934212,4.62021068482481,7.68520459385122,4.61928731676832,591.559644140489,584.758702363952,2002.3789026819,2009.17984445844,380500000
817,407,6.44741107025893,7.68673939934212,4.62021068482481,7.68561960816702,4.61829173303735,591.206113434211,584.758702363952,2002.3789026819,2008.82631375216,380500000
818,819,36.3293628641271,7.6744626406414,4.61955919735185,7.68039625504995,4.61912629086743,539.484323565726,503.154960701599,1920.77516101955,1957.10452388368,380500000
818,408,88.4471085947146,7.6744626406414,4.61955919735185,7.68395818548289,4.61435449649749,591.602069296314,503.154960701599,1920.77516101955,2009.22226961427,380500000
819,410,55.0975797168906,7.68039625504995,4.61912629086743,7.67961408805638,4.61694031615839,594.581903282617,539.484323565726,1957.10452388368,2012.20210360057,380500000
819,409,51.6966195533141,7.68039625504995,4.61912629086743,7.68568904681139,4.61680177292813,591.18094311904,539.484323565726,1957.10452388368,2008.80114343699,380500000
