node1,node2,length,startLat,startLon,endLat,endLon,endNodeL,startNodeL,startYear,endYear,treeID
413,415,130.506750763912,7.83388602721496,4.51241901507334,7.68604634094098,4.61166111142431,292.609336810109,162.102586046197,1768.80587444652,1899.31262521043,927200000
413,414,189.049428637213,7.83388602721496,4.51241901507334,7.8333557329658,5.2147569692444,351.15201468341,162.102586046197,1768.80587444652,1957.85530308373,927200000
414,1,61.1884503409264,7.8333557329658,5.2147569692444,7.525829,5.762072,412.340465024336,351.15201468341,1957.85530308373,2019.04375342466,927200000
414,2,58.1801338501711,7.8333557329658,5.2147569692444,7.845422,5.182916,409.332148533581,351.15201468341,1957.85530308373,2016.0354369339,927200000
415,417,68.9610273082957,7.68604634094098,4.61166111142431,7.68716526776399,4.61752179670533,361.570364118405,292.609336810109,1899.31262521043,1968.27365251873,927200000
415,416,102.465480821295,7.68604634094098,4.61166111142431,7.68826008485031,4.61692123826491,395.074817631405,292.609336810109,1899.31262521043,2001.77810603173,927200000
416,3,7.4183617629816,7.68826008485031,4.61692123826491,7.68520459385122,4.61928731676832,402.493179394386,395.074817631405,2001.77810603173,2009.19646779471,927200000
416,4,6.98457344367567,7.68826008485031,4.61692123826491,7.68561960816702,4.61829173303735,402.05939107508,395.074817631405,2001.77810603173,2008.7626794754,927200000
417,5,40.9555480962848,7.68716526776399,4.61752179670533,7.68395818548289,4.61435449649749,402.52591221469,361.570364118405,1968.27365251873,2009.22920061501,927200000
417,418,17.3604353794952,7.68716526776399,4.61752179670533,7.68144641865644,4.61631956433818,378.9307994979,361.570364118405,1968.27365251873,1985.63408789822,927200000
418,7,23.1403373837612,7.68144641865644,4.61631956433818,7.68568904681139,4.61680177292813,402.071136881661,378.9307994979,1985.63408789822,2008.77442528198,927200000
418,6,26.5680157023473,7.68144641865644,4.61631956433818,7.67961408805638,4.61694031615839,405.498815200247,378.9307994979,1985.63408789822,2012.20210360057,927200000
