node1,node2,length,startLat,startLon,endLat,endLon,endNodeL,startNodeL,startYear,endYear,treeID
614,615,183.280828326817,7.53068125734354,5.78987455475802,7.54104680394673,5.78759564834925,415.035848114676,231.75501978786,1785.77863728906,1969.05946561588,660500000
614,616,96.5934245247992,7.53068125734354,5.78987455475802,7.68411345995827,4.61839506325391,328.348444312659,231.75501978786,1785.77863728906,1882.37206181386,660500000
615,203,49.9842878087798,7.54104680394673,5.78759564834925,7.525829,5.762072,465.020135923456,415.035848114676,1969.05946561588,2019.04375342466,660500000
615,204,46.9759713180245,7.54104680394673,5.78759564834925,7.845422,5.182916,462.011819432701,415.035848114676,1969.05946561588,2016.0354369339,660500000
616,618,81.1641181306068,7.68411345995827,4.61839506325391,7.6890789060776,4.61838296731125,409.512562443266,328.348444312659,1882.37206181386,1963.53617994447,660500000
616,617,113.139197505161,7.68411345995827,4.61839506325391,7.68434214280017,4.61605240629703,441.48764181782,328.348444312659,1882.37206181386,1995.51125931902,660500000
617,205,13.6554810373486,7.68434214280017,4.61605240629703,7.68520459385122,4.61928731676832,455.143122855168,441.48764181782,1995.51125931902,2009.16674035637,660500000
617,206,13.2471045233959,7.68434214280017,4.61605240629703,7.68561960816702,4.61829173303735,454.734746341216,441.48764181782,1995.51125931902,2008.75836384242,660500000
618,619,24.1329532054897,7.6890789060776,4.61838296731125,7.6821895021712,4.6168800378534,433.645515648756,409.512562443266,1963.53617994447,1987.66913314996,660500000
618,207,45.7018492795589,7.6890789060776,4.61838296731125,7.68395818548289,4.61435449649749,455.214411722825,409.512562443266,1963.53617994447,2009.23802922403,660500000
619,209,24.532970450612,7.6821895021712,4.6168800378534,7.67961408805638,4.61694031615839,458.178486099368,433.645515648756,1987.66913314996,2012.20210360057,660500000
619,208,21.1504188210674,7.6821895021712,4.6168800378534,7.68568904681139,4.61680177292813,454.795934469823,433.645515648756,1987.66913314996,2008.81955197102,660500000
