node1,node2,length,startLat,startLon,endLat,endLon,endNodeL,startNodeL,startYear,endYear,treeID
614,616,83.7136692872045,7.6907234096519,4.64247635515868,7.69470237040005,4.62620227003366,320.717909291808,237.004240004603,1801.51167389945,1885.22534318666,930000000
614,615,153.514446339796,7.6907234096519,4.64247635515868,7.84072562569753,5.18074248341371,390.518686344399,237.004240004603,1801.51167389945,1955.02612023925,930000000
615,203,64.0176331854079,7.84072562569753,5.18074248341371,7.525829,5.762072,454.536319529807,390.518686344399,1955.02612023925,2019.04375342466,930000000
615,204,61.0093166946526,7.84072562569753,5.18074248341371,7.845422,5.182916,451.528003039052,390.518686344399,1955.02612023925,2016.0354369339,930000000
616,617,116.247904363784,7.69470237040005,4.62620227003366,7.69049181578451,4.62413740800915,436.965813655592,320.717909291808,1885.22534318666,2001.47324755044,930000000
616,618,65.7065233232903,7.69470237040005,4.62620227003366,7.68289194795148,4.61929031220956,386.424432615098,320.717909291808,1885.22534318666,1950.93186650995,930000000
617,206,7.27762725498051,7.69049181578451,4.62413740800915,7.68561960816702,4.61829173303735,444.243440910572,436.965813655592,2001.47324755044,2008.75087480542,930000000
617,205,7.73474575211354,7.69049181578451,4.62413740800915,7.68520459385122,4.61928731676832,444.700559407705,436.965813655592,2001.47324755044,2009.20799330256,930000000
618,619,20.8426366476616,7.68289194795148,4.61929031220956,7.69163251992725,4.61953915915005,407.26706926276,386.424432615098,1950.93186650995,1971.77450315761,930000000
618,207,58.2371261351302,7.68289194795148,4.61929031220956,7.68395818548289,4.61435449649749,444.661558750228,386.424432615098,1950.93186650995,2009.16899264508,930000000
619,208,40.4276004429591,7.69163251992725,4.61953915915005,7.67961408805638,4.61694031615839,447.694669705719,407.26706926276,1971.77450315761,2012.20210360057,930000000
619,209,36.9938026425372,7.69163251992725,4.61953915915005,7.68568904681139,4.61680177292813,444.260871905297,407.26706926276,1971.77450315761,2008.76830580015,930000000
