node1,node2,length,startLat,startLon,endLat,endLon,endNodeL,startNodeL,startYear,endYear,treeID
413,414,188.608857114525,5.52835042239185,7.38187135419113,7.5403436194289,5.78375088722632,448.619188439956,260.010331325431,1768.63765383681,1957.24651095134,656300000
413,415,92.260806002042,5.52835042239185,7.38187135419113,7.68692625687555,4.61066472146579,352.271137327473,260.010331325431,1768.63765383681,1860.89845983885,656300000
414,1,61.7972424733208,7.5403436194289,5.78375088722632,7.525829,5.762072,510.416430913277,448.619188439956,1957.24651095134,2019.04375342466,656300000
414,2,58.7889259825655,7.5403436194289,5.78375088722632,7.845422,5.182916,507.408114422522,448.619188439956,1957.24651095134,2016.0354369339,656300000
415,416,139.784536466878,7.68692625687555,4.61066472146579,7.6873801943079,4.61960143401003,492.055673794351,352.271137327473,1860.89845983885,2000.68299630573,656300000
415,417,84.8421937546662,7.68692625687555,4.61066472146579,7.68356711208087,4.61369360808415,437.113331082139,352.271137327473,1860.89845983885,1945.74065359352,656300000
416,3,8.52145351637827,7.6873801943079,4.61960143401003,7.68520459385122,4.61928731676832,500.577127310729,492.055673794351,2000.68299630573,2009.20444982211,656300000
416,4,8.14262007505584,7.6873801943079,4.61960143401003,7.68561960816702,4.61829173303735,500.198293869407,492.055673794351,2000.68299630573,2008.82561638079,656300000
417,5,63.4820323645837,7.68356711208087,4.61369360808415,7.68395818548289,4.61435449649749,500.595363446723,437.113331082139,1945.74065359352,2009.2226859581,656300000
417,418,17.00286853144,7.68356711208087,4.61369360808415,7.68087570378765,4.61774897459984,454.116199613579,437.113331082139,1945.74065359352,1962.74352212496,656300000
418,7,49.4585814756093,7.68087570378765,4.61774897459984,7.67961408805638,4.61694031615839,503.574781089189,454.116199613579,1962.74352212496,2012.20210360057,656300000
418,6,46.0327804635944,7.68087570378765,4.61774897459984,7.68568904681139,4.61680177292813,500.148980077174,454.116199613579,1962.74352212496,2008.77630258855,656300000
