node1,node2,length,startLat,startLon,endLat,endLon,endNodeL,startNodeL,startYear,endYear,treeID
814,816,128.081508910381,7.85504948840329,4.9933843224097,7.68199169923138,4.612818206531,340.704075315235,212.622566404854,1757.24952122357,1885.33103013395,531700000
814,815,209.002164395571,7.85504948840329,4.9933843224097,7.84098385716799,5.17606019728143,421.624730800425,212.622566404854,1757.24952122357,1966.25168561914,531700000
815,404,52.7920678055166,7.84098385716799,5.17606019728143,7.525829,5.762072,474.416798605942,421.624730800425,1966.25168561914,2019.04375342466,531700000
815,405,49.7837513147613,7.84098385716799,5.17606019728143,7.845422,5.182916,471.408482115186,421.624730800425,1966.25168561914,2016.0354369339,531700000
816,817,116.216630849968,7.68199169923138,4.612818206531,7.68551032194868,4.61867082035951,456.920706165203,340.704075315235,1885.33103013395,2001.54766098392,531700000
816,818,66.8151966527365,7.68199169923138,4.612818206531,7.68369751864875,4.61503492442365,407.519271967971,340.704075315235,1885.33103013395,1952.14622678669,531700000
817,406,7.67083515095496,7.68551032194868,4.61867082035951,7.68520459385122,4.61928731676832,464.591541316158,456.920706165203,2001.54766098392,2009.21849613487,531700000
817,407,7.23327566812661,7.68551032194868,4.61867082035951,7.68561960816702,4.61829173303735,464.15398183333,456.920706165203,2001.54766098392,2008.78093665205,531700000
818,819,18.4694970207706,7.68369751864875,4.61503492442365,7.68287056151452,4.6154123215737,425.988768988742,407.519271967971,1952.14622678669,1970.61572380746,531700000
818,408,57.0555001078096,7.68369751864875,4.61503492442365,7.68395818548289,4.61435449649749,464.574772075781,407.519271967971,1952.14622678669,2009.2017268945,531700000
819,410,41.586379793111,7.68287056151452,4.6154123215737,7.67961408805638,4.61694031615839,467.575148781853,425.988768988742,1970.61572380746,2012.20210360057,531700000
819,409,38.138595500564,7.68287056151452,4.6154123215737,7.68568904681139,4.61680177292813,464.127364489306,425.988768988742,1970.61572380746,2008.75431930802,531700000
