node1,node2,length,startLat,startLon,endLat,endLon,endNodeL,startNodeL,startYear,endYear,treeID
614,615,233.229136379068,7.67706756985615,4.63520577381376,7.53494613634606,5.75597939314479,464.107098182726,230.877961803658,1720.35805298925,1953.58718936832,979000000
614,616,137.908827747407,7.67706756985615,4.63520577381376,7.68858958494579,4.62450372084517,368.786789551064,230.877961803658,1720.35805298925,1858.26688073666,979000000
615,204,62.4482475655819,7.53494613634606,5.75597939314479,7.845422,5.182916,526.555345748308,464.107098182726,1953.58718936832,2016.0354369339,979000000
615,203,65.4565640563372,7.53494613634606,5.75597939314479,7.525829,5.762072,529.563662239063,464.107098182726,1953.58718936832,2019.04375342466,979000000
616,618,78.6576703995636,7.68858958494579,4.62450372084517,7.68616641246028,4.61722503816598,447.444459950628,368.786789551064,1858.26688073666,1936.92455113622,979000000
616,617,143.494702097562,7.68858958494579,4.62450372084517,7.68410244563486,4.61764960723799,512.281491648627,368.786789551064,1858.26688073666,2001.76158283422,979000000
617,206,7.03837691797236,7.68410244563486,4.61764960723799,7.68561960816702,4.61829173303735,519.319868566599,512.281491648627,2001.76158283422,2008.79995975219,979000000
617,205,7.47495766300712,7.68410244563486,4.61764960723799,7.68520459385122,4.61928731676832,519.756449311634,512.281491648627,2001.76158283422,2009.23654049723,979000000
618,619,23.904602376268,7.68616641246028,4.61722503816598,7.68705767234203,4.6201518302177,471.349062326896,447.444459950628,1936.92455113622,1960.82915351249,979000000
618,207,72.2875369937841,7.68616641246028,4.61722503816598,7.68395818548289,4.61435449649749,519.731996944412,447.444459950628,1936.92455113622,2009.21208813001,979000000
619,208,51.3729500880784,7.68705767234203,4.6201518302177,7.67961408805638,4.61694031615839,522.722012414974,471.349062326896,1960.82915351249,2012.20210360057,979000000
619,209,47.9539900537658,7.68705767234203,4.6201518302177,7.68568904681139,4.61680177292813,519.303052380662,471.349062326896,1960.82915351249,2008.78314356626,979000000
