node1,node2,length,startLat,startLon,endLat,endLon,endNodeL,startNodeL,startYear,endYear,treeID
614,616,129.405841240111,7.80375220937393,5.09735310937229,7.68215849912148,4.62715456078488,338.814515152499,209.408673912389,1748.63228770203,1878.03812894214,608000000
614,615,209.146904109478,7.80375220937393,5.09735310937229,7.86283343400563,5.15447931928383,418.555578021867,209.408673912389,1748.63228770203,1957.77919181151,608000000
615,203,61.2645616131473,7.86283343400563,5.15447931928383,7.525829,5.762072,479.820139635014,418.555578021867,1957.77919181151,2019.04375342466,608000000
615,204,58.256245122392,7.86283343400563,5.15447931928383,7.845422,5.182916,476.811823144259,418.555578021867,1957.77919181151,2016.0354369339,608000000
616,617,123.187277282779,7.68215849912148,4.62715456078488,7.68528778186517,4.62048279077608,462.001792435278,338.814515152499,1878.03812894214,2001.22540622492,608000000
616,618,70.2424146586618,7.68215849912148,4.62715456078488,7.68313299956622,4.61528205449174,409.056929811161,338.814515152499,1878.03812894214,1948.2805436008,608000000
617,206,7.56458525596331,7.68528778186517,4.62048279077608,7.68561960816702,4.61829173303735,469.566377691242,462.001792435278,2001.22540622492,2008.78999148089,608000000
617,205,7.96973772465461,7.68528778186517,4.62048279077608,7.68520459385122,4.61928731676832,469.971530159933,462.001792435278,2001.22540622492,2009.19514394958,608000000
618,207,60.891387624857,7.68313299956622,4.61528205449174,7.68395818548289,4.61435449649749,469.948317436018,409.056929811161,1948.2805436008,2009.17193122566,608000000
618,619,28.8293341722717,7.68313299956622,4.61528205449174,7.6836484598762,4.61596900260554,437.886263983433,409.056929811161,1948.2805436008,1977.10987777308,608000000
619,209,35.0922258274927,7.6836484598762,4.61596900260554,7.67961408805638,4.61694031615839,472.978489810925,437.886263983433,1977.10987777308,2012.20210360057,608000000
619,208,31.6595775469454,7.6836484598762,4.61596900260554,7.68568904681139,4.61680177292813,469.545841530378,437.886263983433,1977.10987777308,2008.76945532002,608000000
