node1,node2,length,startLat,startLon,endLat,endLon,endNodeL,startNodeL,startYear,endYear,treeID
814,816,152.619006201897,7.97529831851625,5.05931603023298,7.67916532807652,4.61545029837193,345.059329920644,192.440323718748,1729.08281602368,1881.70182222558,406400000
814,815,222.227755702039,7.97529831851625,5.05931603023298,7.91627012870252,5.17937699442851,414.668079420787,192.440323718748,1729.08281602368,1951.31057172572,406400000
815,405,64.7248652081817,7.91627012870252,5.17937699442851,7.845422,5.182916,479.392944628968,414.668079420787,1951.31057172572,2016.0354369339,406400000
815,404,67.733181698937,7.91627012870252,5.17937699442851,7.525829,5.762072,482.401261119724,414.668079420787,1951.31057172572,2019.04375342466,406400000
816,817,118.523291385202,7.67916532807652,4.61545029837193,7.68556047793155,4.61695713275986,463.582621305846,345.059329920644,1881.70182222558,2000.22511361078,406400000
816,818,68.9444342409315,7.67916532807652,4.61545029837193,7.6833780799575,4.61381728204352,414.003764161576,345.059329920644,1881.70182222558,1950.64625646651,406400000
817,406,8.96166702898891,7.68556047793155,4.61695713275986,7.68520459385122,4.61928731676832,472.544288334835,463.582621305846,2000.22511361078,2009.18678063977,406400000
817,407,8.58145892240429,7.68556047793155,4.61695713275986,7.68561960816702,4.61829173303735,472.16408022825,463.582621305846,2000.22511361078,2008.80657253318,406400000
818,408,58.5607946752148,7.6833780799575,4.61381728204352,7.68395818548289,4.61435449649749,472.564558836791,414.003764161576,1950.64625646651,2009.20705114173,406400000
818,819,24.8209366153645,7.6833780799575,4.61381728204352,7.68540654205093,4.61869120608821,438.824700776941,414.003764161576,1950.64625646651,1975.46719308187,406400000
819,409,33.2839812707898,7.68540654205093,4.61869120608821,7.68568904681139,4.61680177292813,472.10868204773,438.824700776941,1975.46719308187,2008.75117435266,406400000
819,410,36.7349105186945,7.68540654205093,4.61869120608821,7.67961408805638,4.61694031615839,475.559611295635,438.824700776941,1975.46719308187,2012.20210360057,406400000
