node1,node2,length,startLat,startLon,endLat,endLon,endNodeL,startNodeL,startYear,endYear,treeID
413,414,250.49489782433,7.838183686844,5.16440888306954,7.86351133194328,5.18190732883997,442.435043344607,191.940145520277,1716.35386125521,1966.84875907954,834100000
413,415,146.468433684561,7.838183686844,5.16440888306954,7.68515070046129,4.61211098242561,338.408579204837,191.940145520277,1716.35386125521,1862.82229493977,834100000
414,1,52.1949943451198,7.86351133194328,5.18190732883997,7.525829,5.762072,494.630037689727,442.435043344607,1966.84875907954,2019.04375342466,834100000
414,2,49.1866778543645,7.86351133194328,5.18190732883997,7.845422,5.182916,491.621721198971,442.435043344607,1966.84875907954,2016.0354369339,834100000
415,416,134.870834051351,7.68515070046129,4.61211098242561,7.68349912885342,4.61613647259504,473.279413256189,338.408579204837,1862.82229493977,1997.69312899112,834100000
415,417,82.4218604681641,7.68515070046129,4.61211098242561,7.68264295498057,4.6086143195014,420.830439673001,338.408579204837,1862.82229493977,1945.24415540793,834100000
416,3,11.4716581255354,7.68349912885342,4.61613647259504,7.68520459385122,4.61928731676832,484.751071381724,473.279413256189,1997.69312899112,2009.16478711666,834100000
416,4,11.1062329241663,7.68349912885342,4.61613647259504,7.68561960816702,4.61829173303735,484.385646180355,473.279413256189,1997.69312899112,2008.79936191529,834100000
417,5,63.9347154655382,7.68264295498057,4.6086143195014,7.68395818548289,4.61435449649749,484.76515513854,420.830439673001,1945.24415540793,2009.17887087347,834100000
417,418,41.1845637527954,7.68264295498057,4.6086143195014,7.68654825418909,4.6177554348862,462.015003425797,420.830439673001,1945.24415540793,1986.42871916073,834100000
418,7,25.7733844398413,7.68654825418909,4.6177554348862,7.67961408805638,4.61694031615839,487.788387865638,462.015003425797,1986.42871916073,2012.20210360057,834100000
418,6,22.3627000948529,7.68654825418909,4.6177554348862,7.68568904681139,4.61680177292813,484.37770352065,462.015003425797,1986.42871916073,2008.79141925558,834100000
