node1,node2,length,startLat,startLon,endLat,endLon,endNodeL,startNodeL,startYear,endYear,treeID
613,614,206.741128482539,7.69979010707975,4.62707660376276,7.80668551740374,5.19050258315467,460.558776186252,253.817647703713,1740.83251083755,1947.57363932009,465900000
613,615,134.915607283912,7.69979010707975,4.62707660376276,7.68929714388032,4.6262053891373,388.733254987625,253.817647703713,1740.83251083755,1875.74811812146,465900000
614,203,68.4617976138167,7.80668551740374,5.19050258315467,7.845422,5.182916,529.020573800069,460.558776186252,1947.57363932009,2016.0354369339,465900000
614,202,71.470114104572,7.80668551740374,5.19050258315467,7.525829,5.762072,532.028890290824,460.558776186252,1947.57363932009,2019.04375342466,465900000
615,617,65.8831204924556,7.68929714388032,4.6262053891373,7.68467144288624,4.62155789545915,454.616375480081,388.733254987625,1875.74811812146,1941.63123861391,465900000
615,616,121.542508353439,7.68929714388032,4.6262053891373,7.68743600986699,4.62036106998208,510.275763341064,388.733254987625,1875.74811812146,1997.2906264749,465900000
616,205,11.4686553865288,7.68743600986699,4.62036106998208,7.68561960816702,4.61829173303735,521.744418727593,510.275763341064,1997.2906264749,2008.75928186143,465900000
616,204,11.937115810383,7.68743600986699,4.62036106998208,7.68520459385122,4.61928731676832,522.212879151447,510.275763341064,1997.2906264749,2009.22774228528,465900000
617,618,22.700603939323,7.68467144288624,4.62155789545915,7.68181260212339,4.61566124323217,477.316979419404,454.616375480081,1941.63123861391,1964.33184255324,465900000
617,206,67.5584309206084,7.68467144288624,4.62155789545915,7.68395818548289,4.61435449649749,522.174806400689,454.616375480081,1941.63123861391,2009.18966953452,465900000
618,207,44.4417712026096,7.68181260212339,4.61566124323217,7.68568904681139,4.61680177292813,521.758750622013,477.316979419404,1964.33184255324,2008.77361375585,465900000
618,208,47.8702610473319,7.68181260212339,4.61566124323217,7.67961408805638,4.61694031615839,525.187240466736,477.316979419404,1964.33184255324,2012.20210360057,465900000
