node1,node2,length,startLat,startLon,endLat,endLon,endNodeL,startNodeL,startYear,endYear,treeID
413,415,125.577869848369,7.6842609516603,4.61118191298592,7.6838026728369,4.61702467735858,327.093739477169,201.515869628799,1752.1756274613,1877.75349730967,590500000
413,414,198.949870379828,7.6842609516603,4.61118191298592,7.58821290928943,5.108236962898,400.465740008627,201.515869628799,1752.1756274613,1951.12549784113,590500000
414,1,67.918255583527,7.58821290928943,5.108236962898,7.525829,5.762072,468.383995592154,400.465740008627,1951.12549784113,2019.04375342466,590500000
414,2,64.9099390927717,7.58821290928943,5.108236962898,7.845422,5.182916,465.375679101399,400.465740008627,1951.12549784113,2016.0354369339,590500000
415,416,120.367278509863,7.6838026728369,4.61702467735858,7.68281659011796,4.6163823833083,447.461017987031,327.093739477169,1877.75349730967,1998.12077581954,590500000
415,417,61.8327074002013,7.6838026728369,4.61702467735858,7.68296337003262,4.61609695173596,388.92644687737,327.093739477169,1877.75349730967,1939.58620470987,590500000
416,3,11.0672038562412,7.68281659011796,4.6163823833083,7.68520459385122,4.61928731676832,458.528221843273,447.461017987031,1998.12077581954,2009.18797967578,590500000
416,4,10.6286396424969,7.68281659011796,4.6163823833083,7.68561960816702,4.61829173303735,458.089657629528,447.461017987031,1998.12077581954,2008.74941546203,590500000
417,5,69.629022811685,7.68296337003262,4.61609695173596,7.68395818548289,4.61435449649749,458.555469689055,388.92644687737,1939.58620470987,2009.21522752156,590500000
417,418,34.2682496718448,7.68296337003262,4.61609695173596,7.68217488328696,4.61738768632909,423.194696549215,388.92644687737,1939.58620470987,1973.85445438172,590500000
418,7,38.3476492188505,7.68217488328696,4.61738768632909,7.67961408805638,4.61694031615839,461.542345768065,423.194696549215,1973.85445438172,2012.20210360057,590500000
418,6,34.9601463456644,7.68217488328696,4.61738768632909,7.68568904681139,4.61680177292813,458.154842894879,423.194696549215,1973.85445438172,2008.81460072738,590500000
