node1,node2,length,startLat,startLon,endLat,endLon,endNodeL,startNodeL,startYear,endYear,treeID
814,816,183.201550334752,7.6920421506003,4.61730602203131,7.68900885091849,4.62579240190559,402.045914745134,218.844364410382,1696.32388847317,1879.52543880792,386800000
814,815,240.977187025693,7.6920421506003,4.61730602203131,7.67869522387453,6.00256474760442,459.821551436075,218.844364410382,1696.32388847317,1937.30107549886,386800000
815,405,78.7343614350429,7.67869522387453,6.00256474760442,7.845422,5.182916,538.555912871117,459.821551436075,1937.30107549886,2016.0354369339,386800000
815,404,81.7426779257982,7.67869522387453,6.00256474760442,7.525829,5.762072,541.564229361873,459.821551436075,1937.30107549886,2019.04375342466,386800000
816,817,123.873613365494,7.68900885091849,4.62579240190559,7.68377167937396,4.61997927407738,525.919528110628,402.045914745134,1879.52543880792,2003.39905217341,386800000
816,818,68.2665314778293,7.68900885091849,4.62579240190559,7.67820399854892,4.61429958374908,470.312446222964,402.045914745134,1879.52543880792,1947.79197028575,386800000
817,406,5.80097061450998,7.68377167937396,4.61997927407738,7.68520459385122,4.61928731676832,531.720498725138,525.919528110628,2003.39905217341,2009.20002278792,386800000
817,407,5.36932144051871,7.68377167937396,4.61997927407738,7.68561960816702,4.61829173303735,531.288849551147,525.919528110628,2003.39905217341,2008.76837361393,386800000
818,819,28.8537680662636,7.67820399854892,4.61429958374908,7.6793455657545,4.6161119617448,499.166214289227,470.312446222964,1947.79197028575,1976.64573835201,386800000
818,408,61.4362101653459,7.67820399854892,4.61429958374908,7.68395818548289,4.61435449649749,531.748656388309,470.312446222964,1947.79197028575,2009.22818045109,386800000
819,410,35.556365248557,7.6793455657545,4.6161119617448,7.67961408805638,4.61694031615839,534.722579537784,499.166214289227,1976.64573835201,2012.20210360057,386800000
819,409,32.1419045948552,7.6793455657545,4.6161119617448,7.68568904681139,4.61680177292813,531.308118884082,499.166214289227,1976.64573835201,2008.78764294687,386800000
