node1,node2,length,startLat,startLon,endLat,endLon,endNodeL,startNodeL,startYear,endYear,treeID
613,614,159.305100655946,7.83044073418765,5.14734027007463,7.84472217123358,5.18097404682879,370.738531154733,211.433430498787,1796.35281672714,1955.65791738309,874700000
613,615,96.1392612583174,7.83044073418765,5.14734027007463,7.69257718386459,4.61748775485827,307.572691757105,211.433430498787,1796.35281672714,1892.49207798546,874700000
614,202,63.3858360415693,7.84472217123358,5.18097404682879,7.525829,5.762072,434.124367196302,370.738531154733,1955.65791738309,2019.04375342466,874700000
614,203,60.377519550814,7.84472217123358,5.18097404682879,7.845422,5.182916,431.116050705547,370.738531154733,1955.65791738309,2016.0354369339,874700000
615,616,107.946515468752,7.69257718386459,4.61748775485827,7.68694105046971,4.62054809031713,415.519207225856,307.572691757105,1892.49207798546,2000.43859345421,874700000
615,617,54.2464931073514,7.69257718386459,4.61748775485827,7.69012410165761,4.61979966232339,361.819184864456,307.572691757105,1892.49207798546,1946.73857109281,874700000
616,205,8.36562447013631,7.68694105046971,4.62054809031713,7.68561960816702,4.61829173303735,423.884831695993,415.519207225856,2000.43859345421,2008.80421792435,874700000
616,204,8.72438288754662,7.68694105046971,4.62054809031713,7.68520459385122,4.61928731676832,424.243590113403,415.519207225856,2000.43859345421,2009.16297634176,874700000
617,206,62.5021916201082,7.69012410165761,4.61979966232339,7.68395818548289,4.61435449649749,424.321376484564,361.819184864456,1946.73857109281,2009.24076271292,874700000
617,618,36.3953742080613,7.69012410165761,4.61979966232339,7.6849229842363,4.61678246378398,398.214559072517,361.819184864456,1946.73857109281,1983.13394530087,874700000
618,208,25.6770548341935,7.6849229842363,4.61678246378398,7.68568904681139,4.61680177292813,423.891613906711,398.214559072517,1983.13394530087,2008.81100013507,874700000
618,207,29.0681582996963,7.6849229842363,4.61678246378398,7.67961408805638,4.61694031615839,427.282717372213,398.214559072517,1983.13394530087,2012.20210360057,874700000
