node1,node2,length,startLat,startLon,endLat,endLon,endNodeL,startNodeL,startYear,endYear,treeID
613,615,98.8735837194526,7.78198765040245,5.17631031965777,7.67408726348775,4.61144347423567,331.72836199308,232.854778273627,1752.77937166273,1851.65295538219,713700000
613,614,210.439292511199,7.78198765040245,5.17631031965777,7.77395121244837,5.18581791712174,443.294070784826,232.854778273627,1752.77937166273,1963.21866417393,713700000
614,202,55.8250892507246,7.77395121244837,5.18581791712174,7.525829,5.762072,499.119160035551,443.294070784826,1963.21866417393,2019.04375342466,713700000
614,203,52.8167727599693,7.77395121244837,5.18581791712174,7.845422,5.182916,496.110843544796,443.294070784826,1963.21866417393,2016.0354369339,713700000
615,617,94.2889088793602,7.67408726348775,4.61144347423567,7.67995068910071,4.61176769086634,426.01727087244,331.72836199308,1851.65295538219,1945.94186426155,713700000
615,616,149.806775843709,7.67408726348775,4.61144347423567,7.68394442015781,4.6147985822589,481.535137836789,331.72836199308,1851.65295538219,2001.4597312259,713700000
616,204,7.75262706583387,7.68394442015781,4.6147985822589,7.68520459385122,4.61928731676832,489.287764902623,481.535137836789,2001.4597312259,2009.21235829173,713700000
616,205,7.33828680928852,7.68394442015781,4.6147985822589,7.68561960816702,4.61829173303735,488.873424646077,481.535137836789,2001.4597312259,2008.79801803518,713700000
617,618,35.9844503685686,7.67995068910071,4.61176769086634,7.68287973447963,4.61705631739374,462.001721241009,426.01727087244,1945.94186426155,1981.92631463012,713700000
617,206,63.2468243097388,7.67995068910071,4.61176769086634,7.68395818548289,4.61435449649749,489.264095182179,426.01727087244,1945.94186426155,2009.18868857129,713700000
618,208,30.2757889704534,7.68287973447963,4.61705631739374,7.67961408805638,4.61694031615839,492.277510211462,462.001721241009,1981.92631463012,2012.20210360057,713700000
618,207,26.8928810154099,7.68287973447963,4.61705631739374,7.68568904681139,4.61680177292813,488.894602256419,462.001721241009,1981.92631463012,2008.81919564553,713700000
