node1,node2,length,startLat,startLon,endLat,endLon,endNodeL,startNodeL,startYear,endYear,treeID
613,614,261.365558597313,7.71394903146732,4.74027935383452,7.83522351720808,5.14747408892797,464.213724906685,202.848166309372,1703.5590220655,1964.92458066282,631800000
613,615,175.509826390459,7.71394903146732,4.74027935383452,7.68188452447073,4.62126470263761,378.357992699831,202.848166309372,1703.5590220655,1879.06884845596,631800000
614,202,54.1191727618422,7.83522351720808,5.14747408892797,7.525829,5.762072,518.332897668527,464.213724906685,1964.92458066282,2019.04375342466,631800000
614,203,51.1108562710868,7.83522351720808,5.14747408892797,7.845422,5.182916,515.324581177772,464.213724906685,1964.92458066282,2016.0354369339,631800000
615,616,127.029230672124,7.68188452447073,4.62126470263761,7.68554086491395,4.618791996358,505.387223371955,378.357992699831,1879.06884845596,2006.09807912809,631800000
615,617,71.4431393946641,7.68188452447073,4.62126470263761,7.68133812049239,4.61365751635046,449.801132094495,378.357992699831,1879.06884845596,1950.51198785063,631800000
616,204,3.0828301917124,7.68554086491395,4.618791996358,7.68520459385122,4.61928731676832,508.470053563668,505.387223371955,2006.09807912809,2009.1809093198,631800000
616,205,2.69429134562983,7.68554086491395,4.618791996358,7.68561960816702,4.61829173303735,508.081514717585,505.387223371955,2006.09807912809,2008.79237047372,631800000
617,206,58.6576725809375,7.68133812049239,4.61365751635046,7.68395818548289,4.61435449649749,508.458804675433,449.801132094495,1950.51198785063,2009.16966043156,631800000
617,618,23.9465924121792,7.68133812049239,4.61365751635046,7.687047186329,4.61882483919292,473.747724506674,449.801132094495,1950.51198785063,1974.45858026281,631800000
618,208,37.7435233377639,7.687047186329,4.61882483919292,7.67961408805638,4.61694031615839,511.491247844438,473.747724506674,1974.45858026281,2012.20210360057,631800000
618,207,34.3309224437538,7.687047186329,4.61882483919292,7.68568904681139,4.61680177292813,508.078646950428,473.747724506674,1974.45858026281,2008.78950270656,631800000
