node1,node2,length,startLat,startLon,endLat,endLon,endNodeL,startNodeL,startYear,endYear,treeID
814,816,119.768648135405,7.81193160479356,5.0573794537838,7.68655536954644,4.6200403659517,347.86106493464,228.092416799235,1747.92001506538,1867.68866320079,783000000
814,815,197.769650145782,7.81193160479356,5.0573794537838,7.85991805816586,5.16928532135228,425.862066945017,228.092416799235,1747.92001506538,1945.68966521116,783000000
815,405,70.3457717227392,7.85991805816586,5.16928532135228,7.845422,5.182916,496.207838667756,425.862066945017,1945.68966521116,2016.0354369339,783000000
815,404,73.3540882134945,7.85991805816586,5.16928532135228,7.525829,5.762072,499.216155158512,425.862066945017,1945.68966521116,2019.04375342466,783000000
816,817,134.210657774951,7.68655536954644,4.6200403659517,7.68484686955305,4.61840198238146,482.071722709591,347.86106493464,1867.68866320079,2001.89932097574,783000000
816,818,79.4779635103762,7.68655536954644,4.6200403659517,7.68929710161823,4.62100691783721,427.339028445016,347.86106493464,1867.68866320079,1947.16662671116,783000000
817,406,7.31537487148526,7.68484686955305,4.61840198238146,7.68520459385122,4.61928731676832,489.387097581076,482.071722709591,2001.89932097574,2009.21469584722,783000000
817,407,6.88513922459346,7.68484686955305,4.61840198238146,7.68561960816702,4.61829173303735,488.956861934184,482.071722709591,2001.89932097574,2008.78446020033,783000000
818,408,62.0434867951465,7.68929710161823,4.62100691783721,7.68395818548289,4.61435449649749,489.382515240162,427.339028445016,1947.16662671116,2009.21011350631,783000000
818,819,28.4060798657481,7.68929710161823,4.62100691783721,7.68294273524637,4.61978008916805,455.745108310764,427.339028445016,1947.16662671116,1975.57270657691,783000000
819,409,33.2352777333687,7.68294273524637,4.61978008916805,7.68568904681139,4.61680177292813,488.980386044133,455.745108310764,1975.57270657691,2008.80798431028,783000000
819,410,36.629397023659,7.68294273524637,4.61978008916805,7.67961408805638,4.61694031615839,492.374505334423,455.745108310764,1975.57270657691,2012.20210360057,783000000
