node1,node2,length,startLat,startLon,endLat,endLon,endNodeL,startNodeL,startYear,endYear,treeID
614,615,230.361908077213,7.83245171590875,5.1940528569735,7.81634757077747,5.19787516518729,465.479772603605,235.117864526392,1702.76015544753,1933.12206352474,678700000
614,616,130.255685679148,7.83245171590875,5.1940528569735,7.68724964139375,4.61029702054482,365.37355020554,235.117864526392,1702.76015544753,1833.01584112667,678700000
615,204,82.9133734091635,7.81634757077747,5.19787516518729,7.845422,5.182916,548.393146012768,465.479772603605,1933.12206352474,2016.0354369339,678700000
615,203,85.9216898999188,7.81634757077747,5.19787516518729,7.525829,5.762072,551.401462503524,465.479772603605,1933.12206352474,2019.04375342466,678700000
616,618,107.585302324217,7.68724964139375,4.61029702054482,7.68751851112981,4.61569378519771,472.958852529757,365.37355020554,1833.01584112667,1940.60114345089,678700000
616,617,166.524162250264,7.68724964139375,4.61029702054482,7.68572472053441,4.61843877056431,531.897712455803,365.37355020554,1833.01584112667,1999.54000337694,678700000
617,205,9.64138880504941,7.68572472053441,4.61843877056431,7.68520459385122,4.61928731676832,541.539101260853,531.897712455803,1999.54000337694,2009.18139218199,678700000
617,206,9.26412108020645,7.68572472053441,4.61843877056431,7.68561960816702,4.61829173303735,541.16183353601,531.897712455803,1999.54000337694,2008.80412445714,678700000
618,207,68.6421767899754,7.68751851112981,4.61569378519771,7.68395818548289,4.61435449649749,541.601029319732,472.958852529757,1940.60114345089,2009.24332024087,678700000
618,619,25.2399161888468,7.68751851112981,4.61569378519771,7.68170476008887,4.61770546005277,498.198768718604,472.958852529757,1940.60114345089,1965.84105963974,678700000
619,209,46.3610439608314,7.68170476008887,4.61770546005277,7.67961408805638,4.61694031615839,544.559812679435,498.198768718604,1965.84105963974,2012.20210360057,678700000
619,208,42.9522404063189,7.68170476008887,4.61770546005277,7.68568904681139,4.61680177292813,541.151009124923,498.198768718604,1965.84105963974,2008.79330004606,678700000
