node1,node2,length,startLat,startLon,endLat,endLon,endNodeL,startNodeL,startYear,endYear,treeID
814,816,170.433478721453,7.70105792608687,4.63386804756591,7.67711567919075,4.57545663219623,409.259698062274,238.826219340822,1711.29392124375,1881.7273999652,350400000
814,815,237.727304289798,7.70105792608687,4.63386804756591,7.84298999679201,5.17484024025379,476.553523630619,238.826219340822,1711.29392124375,1949.02122553355,350400000
815,405,67.014211400357,7.84298999679201,5.17484024025379,7.845422,5.182916,543.567735030976,476.553523630619,1949.02122553355,2016.0354369339,350400000
815,404,70.0225278911123,7.84298999679201,5.17484024025379,7.525829,5.762072,546.576051521732,476.553523630619,1949.02122553355,2019.04375342466,350400000
816,817,119.14334122431,7.67711567919075,4.57545663219623,7.68704162832033,4.62483374194801,528.403039286584,409.259698062274,1881.7273999652,2000.87074118951,350400000
816,818,62.8308715540738,7.67711567919075,4.57545663219623,7.68765438623626,4.61141913184649,472.090569616348,409.259698062274,1881.7273999652,1944.55827151927,350400000
817,406,8.31316415634748,7.68704162832033,4.62483374194801,7.68520459385122,4.61928731676832,536.716203442931,528.403039286584,2000.87074118951,2009.18390534586,350400000
817,407,7.9138101775224,7.68704162832033,4.62483374194801,7.68561960816702,4.61829173303735,536.316849464106,528.403039286584,2000.87074118951,2008.78455136703,350400000
818,819,32.0145352675219,7.68765438623626,4.61141913184649,7.68570763694888,4.61519389375168,504.10510488387,472.090569616348,1944.55827151927,1976.5728067868,350400000
818,408,64.6038554644261,7.68765438623626,4.61141913184649,7.68395818548289,4.61435449649749,536.694425080774,472.090569616348,1944.55827151927,2009.1621269837,350400000
819,410,35.6292968137732,7.68570763694888,4.61519389375168,7.67961408805638,4.61694031615839,539.734401697643,504.10510488387,1976.5728067868,2012.20210360057,350400000
819,409,32.2345087070178,7.68570763694888,4.61519389375168,7.68568904681139,4.61680177292813,536.339613590888,504.10510488387,1976.5728067868,2008.80731549381,350400000
