node1,node2,length,startLat,startLon,endLat,endLon,endNodeL,startNodeL,startYear,endYear,treeID
814,816,125.100388391122,7.37452486685436,5.79128565797546,7.67591972641226,4.6132579525415,323.12099818146,198.020609790338,1737.74963198422,1862.85002037534,898500000
814,815,230.574685210775,7.37452486685436,5.79128565797546,7.50859138781359,5.75771620975155,428.595295001113,198.020609790338,1737.74963198422,1968.32431719499,898500000
815,405,47.7111197389108,7.50859138781359,5.75771620975155,7.845422,5.182916,476.306414740023,428.595295001113,1968.32431719499,2016.0354369339,898500000
815,404,50.7194362296661,7.50859138781359,5.75771620975155,7.525829,5.762072,479.314731230779,428.595295001113,1968.32431719499,2019.04375342466,898500000
816,817,135.707508543028,7.67591972641226,4.6132579525415,7.68518819253741,4.61495894605304,458.828506724488,323.12099818146,1862.85002037534,1998.55752891837,898500000
816,818,84.7059105828625,7.67591972641226,4.6132579525415,7.68479631145723,4.61190291482617,407.826908764322,323.12099818146,1862.85002037534,1947.5559309582,898500000
817,406,10.6257802742469,7.68518819253741,4.61495894605304,7.68520459385122,4.61928731676832,469.454286998735,458.828506724488,1998.55752891837,2009.18330919261,898500000
817,407,10.2295532319886,7.68518819253741,4.61495894605304,7.68561960816702,4.61829173303735,469.058059956476,458.828506724488,1998.55752891837,2008.78708215036,898500000
818,819,34.0075332158361,7.68479631145723,4.61190291482617,7.68586041485378,4.61730473120532,441.834441980159,407.826908764322,1947.5559309582,1981.56346417404,898500000
818,408,61.668992376476,7.68479631145723,4.61190291482617,7.68395818548289,4.61435449649749,469.495901140798,407.826908764322,1947.5559309582,2009.22492333468,898500000
819,409,30.6386394265316,7.68586041485378,4.61730473120532,7.67961408805638,4.61694031615839,472.47308140669,441.834441980159,1981.56346417404,2012.20210360057,898500000
819,410,27.2243557332077,7.68586041485378,4.61730473120532,7.68568904681139,4.61680177292813,469.058797713366,441.834441980159,1981.56346417404,2008.78781990725,898500000
