node1,node2,length,startLat,startLon,endLat,endLon,endNodeL,startNodeL,startYear,endYear,treeID
413,415,141.005678070024,7.84229558135706,5.11696318856113,7.68081216436595,4.60818576580798,322.030456708055,181.024778638031,1752.18111760529,1893.18679567531,407100000
413,414,199.22427555811,7.84229558135706,5.11696318856113,7.819694536951,5.12583368873656,380.249054196141,181.024778638031,1752.18111760529,1951.4053931634,407100000
414,1,67.638360261261,7.819694536951,5.12583368873656,7.525829,5.762072,447.887414457402,380.249054196141,1951.4053931634,2019.04375342466,407100000
414,2,64.6300437705057,7.819694536951,5.12583368873656,7.845422,5.182916,444.879097966647,380.249054196141,1951.4053931634,2016.0354369339,407100000
415,417,59.1584442019639,7.68081216436595,4.60818576580798,7.68153873923713,4.61003623666711,381.188900910019,322.030456708055,1893.18679567531,1952.34523987727,407100000
415,416,106.258479330935,7.68081216436595,4.60818576580798,7.68510747505755,4.61878618382911,428.28893603899,322.030456708055,1893.18679567531,1999.44527500625,407100000
416,3,9.79082915146147,7.68510747505755,4.61878618382911,7.68520459385122,4.61928731676832,438.079765190452,428.28893603899,1999.44527500625,2009.23610415771,407100000
416,4,9.3236940280054,7.68510747505755,4.61878618382911,7.68561960816702,4.61829173303735,437.612630066996,428.28893603899,1999.44527500625,2008.76896903425,407100000
417,5,56.8715033226628,7.68153873923713,4.61003623666711,7.68395818548289,4.61435449649749,438.060404232682,381.188900910019,1952.34523987727,2009.21674319994,407100000
417,418,34.4574432895942,7.68153873923713,4.61003623666711,7.67767681647201,4.61519418674623,415.646344199613,381.188900910019,1952.34523987727,1986.80268316687,407100000
418,7,25.3994204337003,7.67767681647201,4.61519418674623,7.67961408805638,4.61694031615839,441.045764633313,415.646344199613,1986.80268316687,2012.20210360057,407100000
418,6,21.9542473693302,7.67767681647201,4.61519418674623,7.68568904681139,4.61680177292813,437.600591568943,415.646344199613,1986.80268316687,2008.7569305362,407100000
