node1,node2,length,startLat,startLon,endLat,endLon,endNodeL,startNodeL,startYear,endYear,treeID
814,816,135.688413630138,8.07586445830501,5.27020819163604,7.68957461681373,4.61533958220995,386.195120778172,250.506707148034,1711.3179240051,1847.00633763524,895000000
814,815,238.626615525164,8.07586445830501,5.27020819163604,7.85738794234191,5.4217354538222,489.133322673198,250.506707148034,1711.3179240051,1949.94453953026,895000000
815,405,66.0908974036385,7.85738794234191,5.4217354538222,7.845422,5.182916,555.224220076837,489.133322673198,1949.94453953026,2016.0354369339,895000000
815,404,69.0992138943938,7.85738794234191,5.4217354538222,7.525829,5.762072,558.232536567592,489.133322673198,1949.94453953026,2019.04375342466,895000000
816,817,155.449897003549,7.68957461681373,4.61533958220995,7.68206983870549,4.61774040763303,541.645017781721,386.195120778172,1847.00633763524,2002.45623463879,895000000
816,818,90.6636352939287,7.68957461681373,4.61533958220995,7.68146107203678,4.6201379549359,476.858756072101,386.195120778172,1847.00633763524,1937.66997292917,895000000
817,406,6.72707525323127,7.68206983870549,4.61774040763303,7.68520459385122,4.61928731676832,548.372093034952,541.645017781721,2002.45623463879,2009.18330989202,895000000
817,407,6.31072428345093,7.68206983870549,4.61774040763303,7.68561960816702,4.61829173303735,547.955742065172,541.645017781721,2002.45623463879,2008.76695892224,895000000
818,819,40.2021804016048,7.68146107203678,4.6201379549359,7.68232443145609,4.6190584610717,517.060936473705,476.858756072101,1937.66997292917,1977.87215333077,895000000
818,408,71.5167866738181,7.68146107203678,4.6201379549359,7.68395818548289,4.61435449649749,548.375542745919,476.858756072101,1937.66997292917,2009.18675960298,895000000
819,409,34.329950269798,7.68232443145609,4.6190584610717,7.67961408805638,4.61694031615839,551.390886743503,517.060936473705,1977.87215333077,2012.20210360057,895000000
819,410,30.9273651013035,7.68232443145609,4.6190584610717,7.68568904681139,4.61680177292813,547.988301575009,517.060936473705,1977.87215333077,2008.79951843207,895000000
