node1,node2,length,startLat,startLon,endLat,endLon,endNodeL,startNodeL,startYear,endYear,treeID
614,615,216.238220476257,7.60646786589507,5.79290172562154,7.53015235465492,5.78483890655878,457.119901822307,240.88168134605,1727.40462307374,1943.64284354999,666100000
614,616,144.220475120814,7.60646786589507,5.79290172562154,7.67546446980367,4.6105738511892,385.102156466864,240.88168134605,1727.40462307374,1871.62509819455,666100000
615,203,75.4009098746649,7.53015235465492,5.78483890655878,7.525829,5.762072,532.520811696972,457.119901822307,1943.64284354999,2019.04375342466,666100000
615,204,72.3925933839096,7.53015235465492,5.78483890655878,7.845422,5.182916,529.512495206216,457.119901822307,1943.64284354999,2016.0354369339,666100000
616,618,71.2947874454401,7.67546446980367,4.6105738511892,7.68356217421036,4.61337832670275,456.396943912304,385.102156466864,1871.62509819455,1942.91988563999,666100000
616,617,129.517926229087,7.67546446980367,4.6105738511892,7.68408081570288,4.61844781074427,514.620082695951,385.102156466864,1871.62509819455,2001.14302442364,666100000
617,206,7.66178151027042,7.68408081570288,4.61844781074427,7.68561960816702,4.61829173303735,522.281864206222,514.620082695951,2001.14302442364,2008.80480593391,666100000
617,205,8.08068681911109,7.68408081570288,4.61844781074427,7.68520459385122,4.61928731676832,522.700769515062,514.620082695951,2001.14302442364,2009.22371124275,666100000
618,207,66.2738380351135,7.68356217421036,4.61337832670275,7.68395818548289,4.61435449649749,522.670781947417,456.396943912304,1942.91988563999,2009.1937236751,666100000
618,619,22.9338850987845,7.68356217421036,4.61337832670275,7.6825436749284,4.61074485187373,479.330829011088,456.396943912304,1942.91988563999,1965.85377073877,666100000
619,209,46.3483328617948,7.6825436749284,4.61074485187373,7.67961408805638,4.61694031615839,525.679161872883,479.330829011088,1965.85377073877,2012.20210360057,666100000
619,208,42.9335566286187,7.6825436749284,4.61074485187373,7.68568904681139,4.61680177292813,522.264385639707,479.330829011088,1965.85377073877,2008.78732736739,666100000
