node1,node2,length,startLat,startLon,endLat,endLon,endNodeL,startNodeL,startYear,endYear,treeID
614,616,123.184433589499,7.9991142417107,5.15009090113355,7.68915685778296,4.61622867208799,373.623911741063,250.439478151564,1761.77942725079,1884.96386084029,941200000
614,615,197.752871380295,7.9991142417107,5.15009090113355,7.85404242508811,5.16965267953887,448.192349531859,250.439478151564,1761.77942725079,1959.53229863109,941200000
615,203,59.5114547935702,7.85404242508811,5.16965267953887,7.525829,5.762072,507.703804325429,448.192349531859,1959.53229863109,2019.04375342466,941200000
615,204,56.5031383028149,7.85404242508811,5.16965267953887,7.845422,5.182916,504.695487834674,448.192349531859,1959.53229863109,2016.0354369339,941200000
616,617,119.048227517663,7.68915685778296,4.61622867208799,7.68535819906694,4.61840296967983,492.672139258726,373.623911741063,1884.96386084029,2004.01208835795,941200000
616,618,67.0340394043041,7.68915685778296,4.61622867208799,7.6802498147608,4.61803290847062,440.657951145367,373.623911741063,1884.96386084029,1951.9979002446,941200000
617,205,5.21695153827083,7.68535819906694,4.61840296967983,7.68520459385122,4.61928731676832,497.889090796997,492.672139258726,2004.01208835795,2009.22903989623,941200000
617,206,4.78461089155977,7.68535819906694,4.61840296967983,7.68561960816702,4.61829173303735,497.456750150286,492.672139258726,2004.01208835795,2008.79669924951,941200000
618,619,30.4789138151214,7.6802498147608,4.61803290847062,7.67770570303458,4.616503139397,471.136864960488,440.657951145367,1951.9979002446,1982.47681405972,941200000
618,207,57.2030951366257,7.6802498147608,4.61803290847062,7.68395818548289,4.61435449649749,497.861046281992,440.657951145367,1951.9979002446,2009.20099538122,941200000
619,209,26.2946304494412,7.67770570303458,4.616503139397,7.68568904681139,4.61680177292813,497.431495409929,471.136864960488,1982.47681405972,2008.77144450916,941200000
619,208,29.7252895408528,7.67770570303458,4.616503139397,7.67961408805638,4.61694031615839,500.862154501341,471.136864960488,1982.47681405972,2012.20210360057,941200000
