node1,node2,length,startLat,startLon,endLat,endLon,endNodeL,startNodeL,startYear,endYear,treeID
614,616,126.891213134789,7.8361054820001,5.17705454711353,7.68135651471913,4.6105724265244,368.381882553627,241.490669418838,1765.03292985567,1891.92414299045,321000000
614,615,188.749101903217,7.8361054820001,5.17705454711353,7.841252023233,5.18036322433591,430.239771322055,241.490669418838,1765.03292985567,1953.78203175888,321000000
615,204,62.2534051750196,7.841252023233,5.18036322433591,7.845422,5.182916,492.493176497075,430.239771322055,1953.78203175888,2016.0354369339,321000000
615,203,65.2617216657749,7.841252023233,5.18036322433591,7.525829,5.762072,495.50149298783,430.239771322055,1953.78203175888,2019.04375342466,321000000
616,618,57.5597289856592,7.68135651471913,4.6105724265244,7.68242047551507,4.61209532944924,425.941611539286,368.381882553627,1891.92414299045,1949.48387197611,321000000
616,617,108.371814864922,7.68135651471913,4.6105724265244,7.68493859489371,4.61985465357755,476.753697418548,368.381882553627,1891.92414299045,2000.29595785538,321000000
617,205,8.90833677441474,7.68493859489371,4.61985465357755,7.68520459385122,4.61928731676832,485.662034192963,476.753697418548,2000.29595785538,2009.20429462979,321000000
617,206,8.47911192070741,7.68493859489371,4.61985465357755,7.68561960816702,4.61829173303735,485.232809339256,476.753697418548,2000.29595785538,2008.77506977608,321000000
618,619,20.3110718721643,7.68242047551507,4.61209532944924,7.68709162587218,4.6154139311123,446.25268341145,425.941611539286,1949.48387197611,1969.79494384828,321000000
618,207,59.748423374954,7.68242047551507,4.61209532944924,7.68395818548289,4.61435449649749,485.69003491424,425.941611539286,1949.48387197611,2009.23229535107,321000000
619,208,38.9650538720787,7.68709162587218,4.6154139311123,7.68568904681139,4.61680177292813,485.217737283529,446.25268341145,1969.79494384828,2008.75999772036,321000000
619,209,42.4071597522913,7.68709162587218,4.6154139311123,7.67961408805638,4.61694031615839,488.659843163742,446.25268341145,1969.79494384828,2012.20210360057,321000000
