node1,node2,length,startLat,startLon,endLat,endLon,endNodeL,startNodeL,startYear,endYear,treeID
613,614,184.142230506622,7.81957247001032,5.26164130314415,7.82770692750455,5.25495904898725,469.421203299818,285.278972793197,1769.52524023375,1953.66747074038,688500000
613,615,101.11805149254,7.81957247001032,5.26164130314415,7.67671723625311,4.6187038911603,386.397024285737,285.278972793197,1769.52524023375,1870.64329172629,688500000
614,203,62.3679661935266,7.82770692750455,5.25495904898725,7.845422,5.182916,531.789169493345,469.421203299818,1953.66747074038,2016.0354369339,688500000
614,202,65.3762826842819,7.82770692750455,5.25495904898725,7.525829,5.762072,534.7974859841,469.421203299818,1953.66747074038,2019.04375342466,688500000
615,617,80.2763097784233,7.67671723625311,4.6187038911603,7.68003742010066,4.61361258192651,466.67333406416,386.397024285737,1870.64329172629,1950.91960150472,688500000
615,616,131.127447174632,7.67671723625311,4.6187038911603,7.68476941434097,4.61963336553457,517.524471460368,386.397024285737,1870.64329172629,2001.77073890093,688500000
616,204,7.43537478034822,7.68476941434097,4.61963336553457,7.68520459385122,4.61928731676832,524.959846240717,517.524471460368,2001.77073890093,2009.20611368127,688500000
616,205,7.04127675023873,7.68476941434097,4.61963336553457,7.68561960816702,4.61829173303735,524.565748210607,517.524471460368,2001.77073890093,2008.81201565116,688500000
617,206,58.2983866554744,7.68003742010066,4.61361258192651,7.68395818548289,4.61435449649749,524.971720719635,466.67333406416,1950.91960150472,2009.21798816019,688500000
617,618,21.6486935296454,7.68003742010066,4.61361258192651,7.68311044064962,4.61657023622742,488.322027593805,466.67333406416,1950.91960150472,1972.56829503436,688500000
618,208,39.633808566206,7.68311044064962,4.61657023622742,7.67961408805638,4.61694031615839,527.955836160011,488.322027593805,1972.56829503436,2012.20210360057,688500000
618,207,36.2106801452026,7.68311044064962,4.61657023622742,7.68568904681139,4.61680177292813,524.532707739008,488.322027593805,1972.56829503436,2008.77897517957,688500000
