node1,node2,length,startLat,startLon,endLat,endLon,endNodeL,startNodeL,startYear,endYear,treeID
814,816,161.942315606227,7.71712426003272,4.65081521912912,7.7050266128048,4.6272312899036,341.39081236638,179.448496760153,1725.49785740224,1887.44017300847,629000000
814,815,209.767841383445,7.71712426003272,4.65081521912912,8.10570260017027,5.50688252682084,389.216338143598,179.448496760153,1725.49785740224,1935.26569878569,629000000
815,405,80.769738148214,8.10570260017027,5.50688252682084,7.845422,5.182916,469.986076291812,389.216338143598,1935.26569878569,2016.0354369339,629000000
815,404,83.7780546389693,8.10570260017027,5.50688252682084,7.525829,5.762072,472.994392782567,389.216338143598,1935.26569878569,2019.04375342466,629000000
816,817,114.488416688691,7.7050266128048,4.6272312899036,7.68519128043863,4.61861434600722,455.879229055071,341.39081236638,1887.44017300847,2001.92858969716,629000000
816,818,58.979368336177,7.7050266128048,4.6272312899036,7.69348659580613,4.63774853049975,400.370180702557,341.39081236638,1887.44017300847,1946.41954134465,629000000
817,406,7.30495826239562,7.68519128043863,4.61861434600722,7.68520459385122,4.61928731676832,463.184187317467,455.879229055071,2001.92858969716,2009.23354795956,629000000
817,407,6.82435787088919,7.68519128043863,4.61861434600722,7.68561960816702,4.61829173303735,462.70358692596,455.879229055071,2001.92858969716,2008.75294756805,629000000
818,819,34.5360032938445,7.69348659580613,4.63774853049975,7.68195038265608,4.61562643222395,434.906183996401,400.370180702557,1946.41954134465,1980.95554463849,629000000
818,408,62.7763088833424,7.69348659580613,4.63774853049975,7.68395818548289,4.61435449649749,463.146489585899,400.370180702557,1946.41954134465,2009.19585022799,629000000
819,410,31.2465589620777,7.68195038265608,4.61562643222395,7.67961408805638,4.61694031615839,466.152742958479,434.906183996401,1980.95554463849,2012.20210360057,629000000
819,409,27.8633649535775,7.68195038265608,4.61562643222395,7.68568904681139,4.61680177292813,462.769548949979,434.906183996401,1980.95554463849,2008.81890959207,629000000
