node1,node2,length,startLat,startLon,endLat,endLon,endNodeL,startNodeL,startYear,endYear,treeID
412,414,124.186540146106,7.72899144280975,4.63164692798811,7.68168353126223,4.61657352627491,335.691450378019,211.504910231913,1746.53398101724,1870.72052116335,427400000
412,413,199.864497529382,7.72899144280975,4.63164692798811,7.81998036923032,5.23691074466779,411.369407761295,211.504910231913,1746.53398101724,1946.39847854662,427400000
413,1,72.6452748780361,7.81998036923032,5.23691074466779,7.525829,5.762072,484.014682639331,411.369407761295,1946.39847854662,2019.04375342466,427400000
413,2,69.6369583872808,7.81998036923032,5.23691074466779,7.845422,5.182916,481.006366148576,411.369407761295,1946.39847854662,2016.0354369339,427400000
414,415,127.968729418772,7.68168353126223,4.61657352627491,7.68208860824588,4.61118009774056,463.660179796791,335.691450378019,1870.72052116335,1998.68925058212,427400000
414,416,71.4695059374787,7.68168353126223,4.61657352627491,7.67828980422309,4.6192811923559,407.160956315498,335.691450378019,1870.72052116335,1942.19002710082,427400000
415,3,10.5009964957215,7.68208860824588,4.61118009774056,7.68520459385122,4.61928731676832,474.161176292513,463.660179796791,1998.68925058212,2009.19024707784,427400000
415,4,10.0835634139286,7.68208860824588,4.61118009774056,7.68561960816702,4.61829173303735,473.74374321072,463.660179796791,1998.68925058212,2008.77281399605,427400000
416,5,67.0142529748846,7.67828980422309,4.6192811923559,7.68395818548289,4.61435449649749,474.175209290383,407.160956315498,1942.19002710082,2009.20428007571,427400000
416,417,28.1632615366437,7.67828980422309,4.6192811923559,7.68156817078233,4.61523542655918,435.324217852142,407.160956315498,1942.19002710082,1970.35328863747,427400000
417,6,38.465971303047,7.68156817078233,4.61523542655918,7.68568904681139,4.61680177292813,473.790189155189,435.324217852142,1970.35328863747,2008.81925994052,427400000
417,7,41.8488149631008,7.68156817078233,4.61523542655918,7.67961408805638,4.61694031615839,477.173032815243,435.324217852142,1970.35328863747,2012.20210360057,427400000
