node1,node2,length,startLat,startLon,endLat,endLon,endNodeL,startNodeL,startYear,endYear,treeID
614,616,115.411162222945,7.68046348280605,4.62587355185494,7.68166383253275,4.61599871065865,355.020415402579,239.609253179635,1769.37451446499,1884.78567668793,850900000
614,615,189.471791736518,7.68046348280605,4.62587355185494,7.79952901984118,5.18666307266886,429.081044916153,239.609253179635,1769.37451446499,1958.84630620151,850900000
615,203,60.1974472231506,7.79952901984118,5.18666307266886,7.525829,5.762072,489.278492139303,429.081044916153,1958.84630620151,2019.04375342466,850900000
615,204,57.1891307323953,7.79952901984118,5.18666307266886,7.845422,5.182916,486.270175648548,429.081044916153,1958.84630620151,2016.0354369339,850900000
616,617,112.934452174608,7.68166383253275,4.61599871065865,7.68491412037482,4.61782319415106,467.954867577188,355.020415402579,1884.78567668793,1997.72012886254,850900000
616,618,76.0795661849238,7.68166383253275,4.61599871065865,7.68009413680352,4.61027931793864,431.099981587503,355.020415402579,1884.78567668793,1960.86524287286,850900000
617,206,11.0927322675723,7.68491412037482,4.61782319415106,7.68561960816702,4.61829173303735,479.04759984476,467.954867577188,1997.72012886254,2008.81286113011,850900000
617,205,11.4997031709711,7.68491412037482,4.61782319415106,7.68520459385122,4.61928731676832,479.454570748159,467.954867577188,1997.72012886254,2009.21983203351,850900000
618,619,21.7994603184883,7.68009413680352,4.61027931793864,7.67975883512318,4.61590665779643,452.899441905992,431.099981587503,1960.86524287286,1982.66470319135,850900000
618,207,48.3003984872973,7.68009413680352,4.61027931793864,7.68395818548289,4.61435449649749,479.400380074801,431.099981587503,1960.86524287286,2009.16564136015,850900000
619,209,26.1154410125728,7.67975883512318,4.61590665779643,7.68568904681139,4.61680177292813,479.014882918564,452.899441905992,1982.66470319135,2008.78014420392,850900000
619,208,29.5374004092233,7.67975883512318,4.61590665779643,7.67961408805638,4.61694031615839,482.436842315215,452.899441905992,1982.66470319135,2012.20210360057,850900000
