node1,node2,length,startLat,startLon,endLat,endLon,endNodeL,startNodeL,startYear,endYear,treeID
613,615,100.464656356835,7.80955611964297,5.19512540970388,7.68155834663914,4.6080482384852,324.47298030419,224.008323947355,1788.66313936289,1889.12779571973,874000000
613,614,170.600860244609,7.80955611964297,5.19512540970388,7.84772115805513,5.19330687727458,394.609184191963,224.008323947355,1788.66313936289,1959.2639996075,874000000
614,202,59.7797538171557,7.84772115805513,5.19330687727458,7.525829,5.762072,454.388938009119,394.609184191963,1959.2639996075,2019.04375342466,874000000
614,203,56.7714373264004,7.84772115805513,5.19330687727458,7.845422,5.182916,451.380621518364,394.609184191963,1959.2639996075,2016.0354369339,874000000
615,616,112.385306677057,7.68155834663914,4.6080482384852,7.68479419068981,4.61874911458111,436.858286981247,324.47298030419,1889.12779571973,2001.51310239679,874000000
615,617,60.2722055638483,7.68155834663914,4.6080482384852,7.71314516852096,4.6058857381805,384.745185868038,324.47298030419,1889.12779571973,1949.40000128358,874000000
616,205,7.27399490390295,7.68479419068981,4.61874911458111,7.68561960816702,4.61829173303735,444.13228188515,436.858286981247,2001.51310239679,2008.78709730069,874000000
616,204,7.68170559174105,7.68479419068981,4.61874911458111,7.68520459385122,4.61928731676832,444.539992572988,436.858286981247,2001.51310239679,2009.19480798853,874000000
617,206,59.77152305759,7.71314516852096,4.6058857381805,7.68395818548289,4.61435449649749,444.516708925628,384.745185868038,1949.40000128358,2009.17152434117,874000000
617,618,15.6089612904053,7.71314516852096,4.6058857381805,7.68961129732395,4.61163841449175,400.354147158443,384.745185868038,1949.40000128358,1965.00896257398,874000000
618,208,43.7434672989692,7.68961129732395,4.61163841449175,7.68568904681139,4.61680177292813,444.097614457412,400.354147158443,1965.00896257398,2008.75242987295,874000000
618,207,47.1931410265873,7.68961129732395,4.61163841449175,7.67961408805638,4.61694031615839,447.547288185031,400.354147158443,1965.00896257398,2012.20210360057,874000000
