node1,node2,length,startLat,startLon,endLat,endLon,endNodeL,startNodeL,startYear,endYear,treeID
614,616,109.275521945728,7.77312647666256,4.77252135228754,7.67543752831867,4.61526545250646,320.716192193867,211.440670248139,1788.69926972466,1897.97479167038,867700000
614,615,172.428812082937,7.77312647666256,4.77252135228754,7.84118955146066,5.17526531102279,383.869482331076,211.440670248139,1788.69926972466,1961.12808180759,867700000
615,204,54.9073551263088,7.84118955146066,5.17526531102279,7.845422,5.182916,438.776837457385,383.869482331076,1961.12808180759,2016.0354369339,867700000
615,203,57.9156716170641,7.84118955146066,5.17526531102279,7.525829,5.762072,441.78515394814,383.869482331076,1961.12808180759,2019.04375342466,867700000
616,617,101.174867523611,7.67543752831867,4.61526545250646,7.68253116839779,4.61850635618404,421.891059717479,320.716192193867,1897.97479167038,1999.149659194,867700000
616,618,61.8685263698875,7.67543752831867,4.61526545250646,7.67992705280727,4.61318549085609,382.584718563755,320.716192193867,1897.97479167038,1959.84331804027,867700000
617,205,10.0196393569865,7.68253116839779,4.61850635618404,7.68520459385122,4.61928731676832,431.910699074465,421.891059717479,1999.149659194,2009.16929855098,867700000
617,206,9.66786387862964,7.68253116839779,4.61850635618404,7.68561960816702,4.61829173303735,431.558923596108,421.891059717479,1999.149659194,2008.81752307263,867700000
618,207,49.3681632571812,7.67992705280727,4.61318549085609,7.68395818548289,4.61435449649749,431.952881820936,382.584718563755,1959.84331804027,2009.21148129745,867700000
618,619,22.4018857376679,7.67992705280727,4.61318549085609,7.68003769071194,4.61603285269498,404.986604301423,382.584718563755,1959.84331804027,1982.24520377794,867700000
619,208,29.9568998226291,7.68003769071194,4.61603285269498,7.67961408805638,4.61694031615839,434.943504124052,404.986604301423,1982.24520377794,2012.20210360057,867700000
619,209,26.5273984556581,7.68003769071194,4.61603285269498,7.68568904681139,4.61680177292813,431.514002757081,404.986604301423,1982.24520377794,2008.7726022336,867700000
