node1,node2,length,startLat,startLon,endLat,endLon,endNodeL,startNodeL,startYear,endYear,treeID
613,614,217.089937357285,7.69716848641076,4.58722749486001,7.84705968226073,5.19596951613887,403.87845177715,186.788514419865,1741.56182557362,1958.65176293091,721400000
613,615,129.964704866013,7.69716848641076,4.58722749486001,7.68687959085324,4.61287901398334,316.753219285878,186.788514419865,1741.56182557362,1871.52653043964,721400000
614,203,57.3836740029931,7.84705968226073,5.19596951613887,7.845422,5.182916,461.262125780143,403.87845177715,1958.65176293091,2016.0354369339,721400000
614,202,60.3919904937484,7.84705968226073,5.19596951613887,7.525829,5.762072,464.270442270898,403.87845177715,1958.65176293091,2019.04375342466,721400000
615,616,133.130866569206,7.68687959085324,4.61287901398334,7.68494510469441,4.61641655578028,449.884085855084,316.753219285878,1871.52653043964,2004.65739700884,721400000
615,617,86.3350977734849,7.68687959085324,4.61287901398334,7.68470396502208,4.61300800250572,403.088317059363,316.753219285878,1871.52653043964,1957.86162821312,721400000
616,205,4.1219037367484,7.68494510469441,4.61641655578028,7.68561960816702,4.61829173303735,454.005989591833,449.884085855084,2004.65739700884,2008.77930074559,721400000
616,204,4.53872760988916,7.68494510469441,4.61641655578028,7.68520459385122,4.61928731676832,454.422813464974,449.884085855084,2004.65739700884,2009.19612461873,721400000
617,618,24.0695194953398,7.68470396502208,4.61300800250572,7.6854135855284,4.61719977437349,427.157836554703,403.088317059363,1957.86162821312,1981.93114770846,721400000
617,206,51.3119332528057,7.68470396502208,4.61300800250572,7.68395818548289,4.61435449649749,454.400250312169,403.088317059363,1957.86162821312,2009.17356146593,721400000
618,208,30.2709558921068,7.6854135855284,4.61719977437349,7.67961408805638,4.61694031615839,457.42879244681,427.157836554703,1981.93114770846,2012.20210360057,721400000
618,207,26.882503629196,7.6854135855284,4.61719977437349,7.68568904681139,4.61680177292813,454.040340183899,427.157836554703,1981.93114770846,2008.81365133766,721400000
