node1,node2,length,startLat,startLon,endLat,endLon,endNodeL,startNodeL,startYear,endYear,treeID
613,614,206.496832364417,7.54462509741743,5.1497493322463,7.84375147099006,5.18283104661042,426.181535222651,219.684702858234,1749.24759952358,1955.744431888,552700000
613,615,85.7767236077348,7.54462509741743,5.1497493322463,7.6804243993122,4.62201709297838,305.461426465969,219.684702858234,1749.24759952358,1835.02432313132,552700000
614,202,63.2993215366587,7.84375147099006,5.18283104661042,7.525829,5.762072,489.48085675931,426.181535222651,1955.744431888,2019.04375342466,552700000
614,203,60.2910050459034,7.84375147099006,5.18283104661042,7.845422,5.182916,486.472540268555,426.181535222651,1955.744431888,2016.0354369339,552700000
615,616,161.151965414784,7.6804243993122,4.62201709297838,7.68329733405812,4.61740267519107,466.613391880753,305.461426465969,1835.02432313132,1996.1762885461,552700000
615,617,95.1883170211721,7.6804243993122,4.62201709297838,7.68276661498587,4.61472463302556,400.649743487141,305.461426465969,1835.02432313132,1930.21264015249,552700000
616,205,12.6493260383629,7.68329733405812,4.61740267519107,7.68561960816702,4.61829173303735,479.262717919115,466.613391880753,1996.1762885461,2008.82561458446,552700000
616,204,13.0224233471974,7.68329733405812,4.61740267519107,7.68520459385122,4.61928731676832,479.63581522795,466.613391880753,1996.1762885461,2009.1987118933,552700000
617,206,78.9576126822826,7.68276661498587,4.61472463302556,7.68395818548289,4.61435449649749,479.607356169424,400.649743487141,1930.21264015249,2009.17025283477,552700000
617,618,40.8409278874877,7.68276661498587,4.61472463302556,7.67672876141736,4.62045963462733,441.490671374629,400.649743487141,1930.21264015249,1971.05356803998,552700000
618,207,37.7512256030215,7.67672876141736,4.62045963462733,7.68568904681139,4.61680177292813,479.24189697765,441.490671374629,1971.05356803998,2008.804793643,552700000
618,208,41.1485355605928,7.67672876141736,4.62045963462733,7.67961408805638,4.61694031615839,482.639206935222,441.490671374629,1971.05356803998,2012.20210360057,552700000
