node1,node2,length,startLat,startLon,endLat,endLon,endNodeL,startNodeL,startYear,endYear,treeID
413,414,193.7026266699,7.86705241440317,5.22140484439969,7.84178207115403,5.17952243584417,451.184058512397,257.481431842497,1758.25511252025,1951.95773919015,714400000
413,415,136.570220032478,7.86705241440317,5.22140484439969,7.67552646910119,4.6107929673648,394.051651874975,257.481431842497,1758.25511252025,1894.82533255273,714400000
414,1,67.0860142345104,7.84178207115403,5.17952243584417,7.525829,5.762072,518.270072746908,451.184058512397,1951.95773919015,2019.04375342466,714400000
414,2,64.0776977437551,7.84178207115403,5.17952243584417,7.845422,5.182916,515.261756256152,451.184058512397,1951.95773919015,2016.0354369339,714400000
415,416,103.280462701354,7.67552646910119,4.6107929673648,7.68472821203064,4.61829131053132,497.332114576329,394.051651874975,1894.82533255273,1998.10579525408,714400000
415,417,63.9825225770546,7.67552646910119,4.6107929673648,7.68271253848804,4.61410895795888,458.03417445203,394.051651874975,1894.82533255273,1958.80785512978,714400000
416,3,11.058821836982,7.68472821203064,4.61829131053132,7.68520459385122,4.61928731676832,508.390936413311,497.332114576329,1998.10579525408,2009.16461709106,714400000
416,4,10.6860726451217,7.68472821203064,4.61829131053132,7.68561960816702,4.61829173303735,508.018187221451,497.332114576329,1998.10579525408,2008.7918678992,714400000
417,5,50.4217135486816,7.68271253848804,4.61410895795888,7.68395818548289,4.61435449649749,508.455888000711,458.03417445203,1958.80785512978,2009.22956867846,714400000
417,418,20.7282207978433,7.68271253848804,4.61410895795888,7.68138485125628,4.61648092833938,478.762395249873,458.03417445203,1958.80785512978,1979.53607592762,714400000
418,7,32.6660276729458,7.68138485125628,4.61648092833938,7.67961408805638,4.61694031615839,511.428422922819,478.762395249873,1979.53607592762,2012.20210360057,714400000
418,6,29.2851179125343,7.68138485125628,4.61648092833938,7.68568904681139,4.61680177292813,508.047513162407,478.762395249873,1979.53607592762,2008.82119384016,714400000
