node1,node2,length,startLat,startLon,endLat,endLon,endNodeL,startNodeL,startYear,endYear,treeID
614,615,162.906260461733,7.81823912467578,5.15063219627981,7.84211994679877,5.1877844863443,399.06925063311,236.162990171376,1797.80736111008,1960.71362157181,923000000
614,616,87.7784022296659,7.81823912467578,5.15063219627981,7.68479097770472,4.61781706290988,323.941392401042,236.162990171376,1797.80736111008,1885.58576333974,923000000
615,203,58.3301318528478,7.84211994679877,5.1877844863443,7.525829,5.762072,457.399382485957,399.06925063311,1960.71362157181,2019.04375342466,923000000
615,204,55.3218153620925,7.84211994679877,5.1877844863443,7.845422,5.182916,454.391065995202,399.06925063311,1960.71362157181,2016.0354369339,923000000
616,618,61.8881712849985,7.68479097770472,4.61781706290988,7.68700618930275,4.61818726357995,385.829563686041,323.941392401042,1885.58576333974,1947.47393462474,923000000
616,617,111.176815806489,7.68479097770472,4.61781706290988,7.68450478713297,4.61740515673816,435.118208207531,323.941392401042,1885.58576333974,1996.76257914623,923000000
617,206,11.9878927847741,7.68450478713297,4.61740515673816,7.68561960816702,4.61829173303735,447.106100992305,435.118208207531,1996.76257914623,2008.75047193101,923000000
617,205,12.4542051177485,7.68450478713297,4.61740515673816,7.68520459385122,4.61928731676832,447.57241332528,435.118208207531,1996.76257914623,2009.21678426398,923000000
618,207,61.6904969342722,7.68700618930275,4.61818726357995,7.68395818548289,4.61435449649749,447.520060620313,385.829563686041,1947.47393462474,2009.16443155901,923000000
618,619,17.580546734198,7.68700618930275,4.61818726357995,7.68942475672643,4.61252307147279,403.410110420239,385.829563686041,1947.47393462474,1965.05448135894,923000000
619,208,47.14762224163,7.68942475672643,4.61252307147279,7.67961408805638,4.61694031615839,450.557732661869,403.410110420239,1965.05448135894,2012.20210360057,923000000
619,209,43.7245587398806,7.68942475672643,4.61252307147279,7.68568904681139,4.61680177292813,447.134669160119,403.410110420239,1965.05448135894,2008.77904009882,923000000
