node1,node2,length,startLat,startLon,endLat,endLon,endNodeL,startNodeL,startYear,endYear,treeID
814,816,115.676093371017,7.33793989470826,5.40901010706796,7.68645131322134,4.62193170332848,277.992212108695,162.316118737678,1732.30066173516,1847.97675510617,664700000
814,815,218.621992770699,7.33793989470826,5.40901010706796,7.56961149044472,5.80954919375527,380.938111508377,162.316118737678,1732.30066173516,1950.92265450585,664700000
815,404,68.121098918803,7.56961149044472,5.80954919375527,7.525829,5.762072,449.05921042718,380.938111508377,1950.92265450585,2019.04375342466,664700000
815,405,65.1127824280477,7.56961149044472,5.80954919375527,7.845422,5.182916,446.050893936424,380.938111508377,1950.92265450585,2016.0354369339,664700000
816,817,152.380022447224,7.68645131322134,4.62193170332848,7.68722413286008,4.61891664173253,430.372234555918,277.992212108695,1847.97675510617,2000.3567775534,664700000
816,818,97.0744420466494,7.68645131322134,4.62193170332848,7.68043224585115,4.61511655331674,375.066654155344,277.992212108695,1847.97675510617,1945.05119715282,664700000
817,407,8.45789599999044,7.68722413286008,4.61891664173253,7.68561960816702,4.61829173303735,438.830130555909,430.372234555918,2000.3567775534,2008.81467355339,664700000
817,406,8.86350767188354,7.68722413286008,4.61891664173253,7.68520459385122,4.61928731676832,439.235742227802,430.372234555918,2000.3567775534,2009.22028522528,664700000
818,408,64.1241714348834,7.68043224585115,4.61511655331674,7.68395818548289,4.61435449649749,439.190825590227,375.066654155344,1945.05119715282,2009.17536858771,664700000
818,819,20.6516554304389,7.68043224585115,4.61511655331674,7.68281639185604,4.6133171897603,395.718309585783,375.066654155344,1945.05119715282,1965.70285258326,664700000
819,410,46.4992510173082,7.68281639185604,4.6133171897603,7.67961408805638,4.61694031615839,442.217560603091,395.718309585783,1965.70285258326,2012.20210360057,664700000
819,409,43.0736145143595,7.68281639185604,4.6133171897603,7.68568904681139,4.61680177292813,438.791924100142,395.718309585783,1965.70285258326,2008.77646709762,664700000
