node1,node2,length,startLat,startLon,endLat,endLon,endNodeL,startNodeL,startYear,endYear,treeID
614,616,96.7365842422352,7.85127216334329,5.14364027225672,7.67828039621293,4.61668476051613,317.028588031054,220.292003788819,1760.07616754799,1856.81275179022,570900000
614,615,182.571925609263,7.85127216334329,5.14364027225672,7.83227167718673,5.17038399637478,402.863929398082,220.292003788819,1760.07616754799,1942.64809315725,570900000
615,204,73.3873437766544,7.83227167718673,5.17038399637478,7.845422,5.182916,476.251273174736,402.863929398082,1942.64809315725,2016.0354369339,570900000
615,203,76.3956602674097,7.83227167718673,5.17038399637478,7.525829,5.762072,479.259589665491,402.863929398082,1942.64809315725,2019.04375342466,570900000
616,617,141.205163319442,7.67828039621293,4.61668476051613,7.69071115549737,4.62316232867558,458.233751350496,317.028588031054,1856.81275179022,1998.01791510966,570900000
616,618,91.6289440256523,7.67828039621293,4.61668476051613,7.67625734439503,4.6185885620256,408.657532056706,317.028588031054,1856.81275179022,1948.44169581587,570900000
617,205,11.1449849018576,7.69071115549737,4.62316232867558,7.68520459385122,4.61928731676832,469.378736252353,458.233751350496,1998.01791510966,2009.16290001152,570900000
617,206,10.8072511423576,7.69071115549737,4.62316232867558,7.68561960816702,4.61829173303735,469.041002492853,458.233751350496,1998.01791510966,2008.82516625202,570900000
618,619,24.0998463160035,7.67625734439503,4.6185885620256,7.67700612897206,4.61913901155972,432.75737837271,408.657532056706,1948.44169581587,1972.54154213188,570900000
618,207,60.7914575762845,7.67625734439503,4.6185885620256,7.68395818548289,4.61435449649749,469.448989632991,408.657532056706,1948.44169581587,2009.23315339216,570900000
619,208,36.2279818287545,7.67700612897206,4.61913901155972,7.68568904681139,4.61680177292813,468.985360201464,432.75737837271,1972.54154213188,2008.76952396063,570900000
619,209,39.660561468693,7.67700612897206,4.61913901155972,7.67961408805638,4.61694031615839,472.417939841403,432.75737837271,1972.54154213188,2012.20210360057,570900000
