node1,node2,length,startLat,startLon,endLat,endLon,endNodeL,startNodeL,startYear,endYear,treeID
413,415,98.1170103536058,7.62135940171087,5.1936927256075,7.69750191751952,4.62325445574724,291.899285756924,193.782275403318,1772.9154761631,1871.0324865167,820100000
413,414,179.094235981712,7.62135940171087,5.1936927256075,7.62828259057323,5.19664488857508,372.87651138503,193.782275403318,1772.9154761631,1952.00971214481,820100000
414,1,67.0340412798476,7.62828259057323,5.19664488857508,7.525829,5.762072,439.910552664877,372.87651138503,1952.00971214481,2019.04375342466,820100000
414,2,64.0257247890923,7.62828259057323,5.19664488857508,7.845422,5.182916,436.902236174122,372.87651138503,1952.00971214481,2016.0354369339,820100000
415,417,67.0597583646438,7.69750191751952,4.62325445574724,7.68674419047882,4.61451003783354,358.959044121567,291.899285756924,1871.0324865167,1938.09224488135,820100000
415,416,131.471157153168,7.69750191751952,4.62325445574724,7.68525430022042,4.61871351571536,423.370442910091,291.899285756924,1871.0324865167,2002.50364366987,820100000
416,3,6.67764719234833,7.68525430022042,4.61871351571536,7.68520459385122,4.61928731676832,430.04809010244,423.370442910091,2002.50364366987,2009.18129086222,820100000
416,4,6.32797978673692,7.68525430022042,4.61871351571536,7.68561960816702,4.61829173303735,429.698422696828,423.370442910091,2002.50364366987,2008.83162345661,820100000
417,5,71.1449775932889,7.68674419047882,4.61451003783354,7.68395818548289,4.61435449649749,430.104021714856,358.959044121567,1938.09224488135,2009.23722247464,820100000
417,418,27.8352962938591,7.68674419047882,4.61451003783354,7.68505063366052,4.61338974970156,386.794340415426,358.959044121567,1938.09224488135,1965.92754117521,820100000
418,7,46.2745624253624,7.68505063366052,4.61338974970156,7.67961408805638,4.61694031615839,433.068902840789,386.794340415426,1965.92754117521,2012.20210360057,820100000
418,6,42.8364430761168,7.68505063366052,4.61338974970156,7.68568904681139,4.61680177292813,429.630783491543,386.794340415426,1965.92754117521,2008.76398425132,820100000
