node1,node2,length,startLat,startLon,endLat,endLon,endNodeL,startNodeL,startYear,endYear,treeID
413,414,216.568815622552,7.67953228758951,4.61096069926163,7.8354193954932,5.18620075123214,416.701747477941,200.132931855389,1738.97592213698,1955.54473775954,391000000
413,415,155.579896940788,7.67953228758951,4.61096069926163,7.68467220882987,4.61004414910306,355.712828796177,200.132931855389,1738.97592213698,1894.55581907777,391000000
414,1,63.4990156651208,7.8354193954932,5.18620075123214,7.525829,5.762072,480.200763143062,416.701747477941,1955.54473775954,2019.04375342466,391000000
414,2,60.4906991743654,7.8354193954932,5.18620075123214,7.845422,5.182916,477.192446652307,416.701747477941,1955.54473775954,2016.0354369339,391000000
415,417,57.2167333657652,7.68467220882987,4.61004414910306,7.68453696140318,4.61422736942048,412.929562161942,355.712828796177,1894.55581907777,1951.77255244354,391000000
415,416,105.617138617754,7.68467220882987,4.61004414910306,7.6858077307078,4.61985674591613,461.32996741393,355.712828796177,1894.55581907777,2000.17295769553,391000000
416,3,9.0685269532748,7.6858077307078,4.61985674591613,7.68520459385122,4.61928731676832,470.398494367205,461.32996741393,2000.17295769553,2009.2414846488,391000000
416,4,8.61760300912868,7.6858077307078,4.61985674591613,7.68561960816702,4.61829173303735,469.947570423059,461.32996741393,2000.17295769553,2008.79056070466,391000000
417,5,57.3906414589261,7.68453696140318,4.61422736942048,7.68395818548289,4.61435449649749,470.320203620868,412.929562161942,1951.77255244354,2009.16319390246,391000000
417,418,20.227766596198,7.68453696140318,4.61422736942048,7.68557288822587,4.61605693738952,433.15732875814,412.929562161942,1951.77255244354,1972.00031903974,391000000
418,7,40.2017845608332,7.68557288822587,4.61605693738952,7.67961408805638,4.61694031615839,473.359113318973,433.15732875814,1972.00031903974,2012.20210360057,391000000
418,6,36.8108516084653,7.68557288822587,4.61605693738952,7.68568904681139,4.61680177292813,469.968180366605,433.15732875814,1972.00031903974,2008.8111706482,391000000
