node1,node2,length,startLat,startLon,endLat,endLon,endNodeL,startNodeL,startYear,endYear,treeID
413,414,177.053108057583,7.67844517190731,5.18463869309378,7.66772481764902,5.18528134207623,451.91849355462,274.865385497037,1773.69219744197,1950.74530549955,409900000
413,415,114.504761567587,7.67844517190731,5.18463869309378,7.68816242601447,4.61643179734556,389.370147064624,274.865385497037,1773.69219744197,1888.19695900956,409900000
414,1,68.2984479251032,7.66772481764902,5.18528134207623,7.525829,5.762072,520.216941479723,451.91849355462,1950.74530549955,2019.04375342466,409900000
414,2,65.2901314343479,7.66772481764902,5.18528134207623,7.845422,5.182916,517.208624988968,451.91849355462,1950.74530549955,2016.0354369339,409900000
415,417,55.6078378510463,7.68816242601447,4.61643179734556,7.6880835765837,4.62348982948152,444.977984915671,389.370147064624,1888.19695900956,1943.80479686061,409900000
415,416,111.794849151526,7.68816242601447,4.61643179734556,7.68772687773056,4.62076476023342,501.16499621615,389.370147064624,1888.19695900956,1999.99180816108,409900000
416,3,9.18676331492484,7.68772687773056,4.62076476023342,7.68520459385122,4.61928731676832,510.351759531075,501.16499621615,1999.99180816108,2009.17857147601,409900000
416,4,8.78149855657193,7.68772687773056,4.62076476023342,7.68561960816702,4.61829173303735,509.946494772722,501.16499621615,1999.99180816108,2008.77330671766,409900000
417,5,65.3707875156383,7.6880835765837,4.62348982948152,7.68395818548289,4.61435449649749,510.348772431309,444.977984915671,1943.80479686061,2009.17558437624,409900000
417,418,27.3301740600566,7.6880835765837,4.62348982948152,7.67910595570561,4.62156704324959,472.308158975727,444.977984915671,1943.80479686061,1971.13497092066,409900000
418,7,41.0671326799074,7.67910595570561,4.62156704324959,7.67961408805638,4.61694031615839,513.375291655635,472.308158975727,1971.13497092066,2012.20210360057,409900000
418,6,37.6901501705636,7.67910595570561,4.62156704324959,7.68568904681139,4.61680177292813,509.998309146291,472.308158975727,1971.13497092066,2008.82512109123,409900000
