node1,node2,length,startLat,startLon,endLat,endLon,endNodeL,startNodeL,startYear,endYear,treeID
814,816,141.079602244061,7.88092718133257,5.13155058303359,7.67471138719584,4.62234014369932,325.41029154097,184.330689296909,1754.88503060248,1895.96463284655,763400000
814,815,197.858023073658,7.88092718133257,5.13155058303359,7.88389982067025,5.12816411684869,382.188712370567,184.330689296909,1754.88503060248,1952.74305367614,763400000
815,404,66.3006997485145,7.88389982067025,5.12816411684869,7.525829,5.762072,448.489412119081,382.188712370567,1952.74305367614,2019.04375342466,763400000
815,405,63.2923832577592,7.88389982067025,5.12816411684869,7.845422,5.182916,445.481095628326,382.188712370567,1952.74305367614,2016.0354369339,763400000
816,817,106.582284015706,7.67471138719584,4.62234014369932,7.68394056938434,4.61773527588595,431.992575556675,325.41029154097,1895.96463284655,2002.54691686225,763400000
816,818,60.0802487242611,7.67471138719584,4.62234014369932,7.68409013026792,4.61566215594597,385.490540265231,325.41029154097,1895.96463284655,1956.04488157081,763400000
817,407,6.25256169511779,7.68394056938434,4.61773527588595,7.68561960816702,4.61829173303735,438.245137251793,431.992575556675,2002.54691686225,2008.79947855737,763400000
817,406,6.69765714327281,7.68394056938434,4.61773527588595,7.68520459385122,4.61928731676832,438.690232699948,431.992575556675,2002.54691686225,2009.24457400552,763400000
818,819,30.8577490330379,7.68409013026792,4.61566215594597,7.67995806628813,4.61828477750886,416.348289298269,385.490540265231,1956.04488157081,1986.90263060384,763400000
818,408,53.1297189022435,7.68409013026792,4.61566215594597,7.68395818548289,4.61435449649749,438.620259167474,385.490540265231,1956.04488157081,2009.17460047305,763400000
819,409,21.9221284313683,7.67995806628813,4.61828477750886,7.68568904681139,4.61680177292813,438.270417729637,416.348289298269,1986.90263060384,2008.82475903521,763400000
819,410,25.2994729967243,7.67995806628813,4.61828477750886,7.67961408805638,4.61694031615839,441.647762294993,416.348289298269,1986.90263060384,2012.20210360057,763400000
