node1,node2,length,startLat,startLon,endLat,endLon,endNodeL,startNodeL,startYear,endYear,treeID
814,816,148.212220885188,8.01652054088693,5.26183148442332,7.68202704797358,4.61436178230055,338.446754369437,190.234533484249,1722.50155802243,1870.71377890762,568100000
814,815,225.161344742277,8.01652054088693,5.26183148442332,7.87838101782161,5.22950259367881,415.395878226526,190.234533484249,1722.50155802243,1947.66290276471,568100000
815,405,68.3725341691943,7.87838101782161,5.22950259367881,7.845422,5.182916,483.76841239572,415.395878226526,1947.66290276471,2016.0354369339,568100000
815,404,71.3808506599496,7.87838101782161,5.22950259367881,7.525829,5.762072,486.776728886475,415.395878226526,1947.66290276471,2019.04375342466,568100000
816,817,126.812557624595,7.68202704797358,4.61436178230055,7.68615751880103,4.61770141013728,465.259311994032,338.446754369437,1870.71377890762,1997.52633653221,568100000
816,818,75.0129229558775,7.68202704797358,4.61436178230055,7.67849779077233,4.61729751176823,413.459677325315,338.446754369437,1870.71377890762,1945.7267018635,568100000
817,406,11.6862843743077,7.68615751880103,4.61770141013728,7.68520459385122,4.61928731676832,476.94559636834,465.259311994032,1997.52633653221,2009.21262090652,568100000
817,407,11.2690342569136,7.68615751880103,4.61770141013728,7.68561960816702,4.61829173303735,476.528346250946,465.259311994032,1997.52633653221,2008.79537078913,568100000
818,819,25.1872302405744,7.67849779077233,4.61729751176823,7.6842249990788,4.61643549532627,438.646907565889,413.459677325315,1945.7267018635,1970.91393210407,568100000
818,408,63.4543329744829,7.67849779077233,4.61729751176823,7.68395818548289,4.61435449649749,476.914010299798,413.459677325315,1945.7267018635,2009.18103483798,568100000
819,410,41.2881714964976,7.6842249990788,4.61643549532627,7.67961408805638,4.61694031615839,479.935079062387,438.646907565889,1970.91393210407,2012.20210360057,568100000
819,409,37.8530971960408,7.6842249990788,4.61643549532627,7.68568904681139,4.61680177292813,476.50000476193,438.646907565889,1970.91393210407,2008.76702930011,568100000
