node1,node2,length,startLat,startLon,endLat,endLon,endNodeL,startNodeL,startYear,endYear,treeID
814,816,124.344162469246,7.69022839315975,4.62375260221961,7.69522741646867,4.61992936759501,373.52828933794,249.184126868695,1733.91763719919,1858.26179966844,626900000
814,815,212.497160239235,7.69022839315975,4.62375260221961,7.73236741377577,4.63998158100609,461.68128710793,249.184126868695,1733.91763719919,1946.41479743843,626900000
815,404,72.6289559862308,7.73236741377577,4.63998158100609,7.525829,5.762072,534.310243094161,461.68128710793,1946.41479743843,2019.04375342466,626900000
815,405,69.6206394954755,7.73236741377577,4.63998158100609,7.845422,5.182916,531.301926603406,461.68128710793,1946.41479743843,2016.0354369339,626900000
816,817,139.697903970279,7.69522741646867,4.61992936759501,7.68316433561372,4.61550992797411,513.226193308219,373.52828933794,1858.26179966844,1997.95970363872,626900000
816,818,84.498570330959,7.69522741646867,4.61992936759501,7.68164136567289,4.61180036571297,458.0268596689,373.52828933794,1858.26179966844,1942.7603699994,626900000
817,406,11.2177934276113,7.68316433561372,4.61550992797411,7.68520459385122,4.61928731676832,524.443986735831,513.226193308219,1997.95970363872,2009.17749706633,626900000
817,407,10.7928270659398,7.68316433561372,4.61550992797411,7.68561960816702,4.61829173303735,524.019020374159,513.226193308219,1997.95970363872,2008.75253070466,626900000
818,819,23.6388681765379,7.68164136567289,4.61180036571297,7.68113536140719,4.61262719601383,481.665727845437,458.0268596689,1942.7603699994,1966.39923817593,626900000
818,408,66.4101785650972,7.68164136567289,4.61180036571297,7.68395818548289,4.61435449649749,524.437038233997,458.0268596689,1942.7603699994,2009.17054856449,626900000
819,410,45.802865424635,7.68113536140719,4.61262719601383,7.67961408805638,4.61694031615839,527.468593270072,481.665727845437,1966.39923817593,2012.20210360057,626900000
819,409,42.4050491777483,7.68113536140719,4.61262719601383,7.68568904681139,4.61680177292813,524.070777023186,481.665727845437,1966.39923817593,2008.80428735368,626900000
