node1,node2,length,startLat,startLon,endLat,endLon,endNodeL,startNodeL,startYear,endYear,treeID
814,816,166.207903759901,7.89448336569381,5.12444062797844,7.68564266945612,4.61694120162039,401.990533431557,235.782629671657,1725.70734286247,1891.91524662237,417600000
814,815,235.103848879818,7.89448336569381,5.12444062797844,7.85000936559212,5.18186746677419,470.886478551474,235.782629671657,1725.70734286247,1960.81119174228,417600000
815,405,55.2242451916184,7.85000936559212,5.18186746677419,7.845422,5.182916,526.110723743093,470.886478551474,1960.81119174228,2016.0354369339,417600000
815,404,58.2325616823737,7.85000936559212,5.18186746677419,7.525829,5.762072,529.119040233848,470.886478551474,1960.81119174228,2019.04375342466,417600000
816,817,106.759293248616,7.68564266945612,4.61694120162039,7.68379538392788,4.62162280122942,508.749826680174,401.990533431557,1891.91524662237,1998.67453987098,417600000
816,818,70.6953029672142,7.68564266945612,4.61694120162039,7.68385010020034,4.62133808529877,472.685836398772,401.990533431557,1891.91524662237,1962.61054958958,417600000
817,407,10.1383881191,7.68379538392788,4.62162280122942,7.68561960816702,4.61829173303735,518.888214799274,508.749826680174,1998.67453987098,2008.81292799008,417600000
817,406,10.5132004571558,7.68379538392788,4.62162280122942,7.68520459385122,4.61928731676832,519.263027137329,508.749826680174,1998.67453987098,2009.18774032814,417600000
818,819,17.9025412021816,7.68385010020034,4.62133808529877,7.68615774618478,4.61836250218636,490.588377600953,472.685836398772,1962.61054958958,1980.51309079176,417600000
818,408,46.5753918058339,7.68385010020034,4.62133808529877,7.68395818548289,4.61435449649749,519.261228204605,472.685836398772,1962.61054958958,2009.18594139542,417600000
819,409,28.3145061581196,7.68615774618478,4.61836250218636,7.68568904681139,4.61680177292813,518.902883759073,490.588377600953,1980.51309079176,2008.82759694988,417600000
819,410,31.6890128088061,7.68615774618478,4.61836250218636,7.67961408805638,4.61694031615839,522.277390409759,490.588377600953,1980.51309079176,2012.20210360057,417600000
