node1,node2,length,startLat,startLon,endLat,endLon,endNodeL,startNodeL,startYear,endYear,treeID
814,816,110.295842845917,7.80873060868097,5.19424180888393,7.6888970317023,4.63176799310584,319.437096754607,209.141253908691,1755.76323249281,1866.05907533873,563900000
814,815,199.300325110965,7.80873060868097,5.19424180888393,7.83923556010408,5.16575501760446,408.441579019656,209.141253908691,1755.76323249281,1955.06355760378,563900000
815,405,60.9718793301274,7.83923556010408,5.16575501760446,7.845422,5.182916,469.413458349783,408.441579019656,1955.06355760378,2016.0354369339,563900000
815,404,63.9801958208827,7.83923556010408,5.16575501760446,7.525829,5.762072,472.421774840538,408.441579019656,1955.06355760378,2019.04375342466,563900000
816,817,137.830336430572,7.6888970317023,4.63176799310584,7.68653484962175,4.61706161906967,457.26743318518,319.437096754607,1866.05907533873,2003.8894117693,563900000
816,818,91.5996539988712,7.6888970317023,4.63176799310584,7.68591542704543,4.61771443008338,411.036750753479,319.437096754607,1866.05907533873,1957.6587293376,563900000
817,406,5.28771962851431,7.68653484962175,4.61706161906967,7.68520459385122,4.61928731676832,462.555152813694,457.26743318518,2003.8894117693,2009.17713139781,563900000
817,407,4.89702118923259,7.68653484962175,4.61706161906967,7.68561960816702,4.61829173303735,462.164454374412,457.26743318518,2003.8894117693,2008.78643295853,563900000
818,819,25.9803904982896,7.68591542704543,4.61771443008338,7.68118385587914,4.61739023916417,437.017141251768,411.036750753479,1957.6587293376,1983.63911983589,563900000
818,408,51.508858102505,7.68591542704543,4.61771443008338,7.68395818548289,4.61435449649749,462.545608855984,411.036750753479,1957.6587293376,2009.1675874401,563900000
819,409,25.1460175726301,7.68118385587914,4.61739023916417,7.68568904681139,4.61680177292813,462.163158824398,437.017141251768,1983.63911983589,2008.78513740852,563900000
819,410,28.5629837646815,7.68118385587914,4.61739023916417,7.67961408805638,4.61694031615839,465.58012501645,437.017141251768,1983.63911983589,2012.20210360057,563900000
