node1,node2,length,startLat,startLon,endLat,endLon,endNodeL,startNodeL,startYear,endYear,treeID
614,615,230.782045098746,7.68062632050214,4.62885081868324,7.66293527659263,4.62627890879853,421.915726427024,191.133681328278,1722.88732856067,1953.66937365942,330800000
614,616,128.96594349614,7.68062632050214,4.62885081868324,7.6780195269318,4.61625390067137,320.099624824418,191.133681328278,1722.88732856067,1851.85327205681,330800000
615,204,62.3660632744864,7.66293527659263,4.62627890879853,7.845422,5.182916,484.281789701511,421.915726427024,1953.66937365942,2016.0354369339,330800000
615,203,65.3743797652417,7.66293527659263,4.62627890879853,7.525829,5.762072,487.290106192266,421.915726427024,1953.66937365942,2019.04375342466,330800000
616,617,149.173236358157,7.6780195269318,4.61625390067137,7.68544096178416,4.6182222255759,469.272861182575,320.099624824418,1851.85327205681,2001.02650841497,330800000
616,618,99.3870638787255,7.6780195269318,4.61625390067137,7.68016142960613,4.62068646634591,419.486688703144,320.099624824418,1851.85327205681,1951.24033593554,330800000
617,205,8.21230232536021,7.68544096178416,4.6182222255759,7.68520459385122,4.61928731676832,477.485163507935,469.272861182575,2001.02650841497,2009.23881074033,330800000
617,206,7.79601645197928,7.68544096178416,4.6182222255759,7.68561960816702,4.61829173303735,477.068877634554,469.272861182575,2001.02650841497,2008.82252486695,330800000
618,207,58.0001891516984,7.68016142960613,4.62068646634591,7.68395818548289,4.61435449649749,477.486877854842,419.486688703144,1951.24033593554,2009.24052508723,330800000
618,619,17.3649328644259,7.68016142960613,4.62068646634591,7.68191400005756,4.61708112077084,436.85162156757,419.486688703144,1951.24033593554,1968.60526879996,330800000
619,209,43.5968348006077,7.68191400005756,4.61708112077084,7.67961408805638,4.61694031615839,480.448456368177,436.85162156757,1968.60526879996,2012.20210360057,330800000
619,208,40.2070623788083,7.68191400005756,4.61708112077084,7.68568904681139,4.61680177292813,477.058683946378,436.85162156757,1968.60526879996,2008.81233117877,330800000
