node1,node2,length,startLat,startLon,endLat,endLon,endNodeL,startNodeL,startYear,endYear,treeID
614,616,116.838842346313,7.67671730096499,4.62540814212174,7.6829155113297,4.62090440330933,277.338042963383,160.499200617071,1746.02819809262,1862.86704043893,401500000
614,615,198.033106714046,7.67671730096499,4.62540814212174,7.85456455072748,5.18259584352498,358.532307331117,160.499200617071,1746.02819809262,1944.06130480666,401500000
615,204,71.9741321272382,7.85456455072748,5.18259584352498,7.845422,5.182916,430.506439458355,358.532307331117,1944.06130480666,2016.0354369339,401500000
615,203,74.9824486179935,7.85456455072748,5.18259584352498,7.525829,5.762072,433.514755949111,358.532307331117,1944.06130480666,2019.04375342466,401500000
616,617,134.298329809288,7.6829155113297,4.62090440330933,7.68548522426743,4.61803465563593,411.636372772672,277.338042963383,1862.86704043893,1997.16537024822,401500000
616,618,90.5882648559395,7.6829155113297,4.62090440330933,7.68602171121489,4.61818436071069,367.926307819323,277.338042963383,1862.86704043893,1953.45530529487,401500000
617,206,11.6130171938542,7.68548522426743,4.61803465563593,7.68561960816702,4.61829173303735,423.249389966526,411.636372772672,1997.16537024822,2008.77838744207,401500000
617,205,12.0273002041013,7.68548522426743,4.61803465563593,7.68520459385122,4.61928731676832,423.663672976773,411.636372772672,1997.16537024822,2009.19267045232,401500000
618,619,19.1257271764131,7.68602171121489,4.61818436071069,7.68130270036612,4.6176562451388,387.052034995736,367.926307819323,1953.45530529487,1972.58103247128,401500000
618,207,55.7353472323137,7.68602171121489,4.61818436071069,7.68395818548289,4.61435449649749,423.661655051637,367.926307819323,1953.45530529487,2009.19065252718,401500000
619,208,36.1689430330759,7.68130270036612,4.6176562451388,7.68568904681139,4.61680177292813,423.220978028812,387.052034995736,1972.58103247128,2008.74997550436,401500000
619,209,39.6210711292858,7.68130270036612,4.6176562451388,7.67961408805638,4.61694031615839,426.673106125022,387.052034995736,1972.58103247128,2012.20210360057,401500000
