node1,node2,length,startLat,startLon,endLat,endLon,endNodeL,startNodeL,startYear,endYear,treeID
814,816,144.341230512097,7.81603549642345,5.15177159373842,7.68533852248625,4.62273741422291,375.710564182187,231.36933367009,1759.18686213316,1903.52809264526,755700000
814,815,197.402025375372,7.81603549642345,5.15177159373842,7.80807072132654,5.15167757389454,428.771359045462,231.36933367009,1759.18686213316,1956.58888750853,755700000
815,404,62.4548659161241,7.80807072132654,5.15167757389454,7.525829,5.762072,491.226224961586,428.771359045462,1956.58888750853,2019.04375342466,755700000
815,405,59.4465494253688,7.80807072132654,5.15167757389454,7.845422,5.182916,488.217908470831,428.771359045462,1956.58888750853,2016.0354369339,755700000
816,817,98.5978734611274,7.68533852248625,4.62273741422291,7.68981399517909,4.6224714007939,474.308437643315,375.710564182187,1903.52809264526,2002.12596610639,755700000
816,818,49.6031211942453,7.68533852248625,4.62273741422291,7.68342474221193,4.61581124355094,425.313685376433,375.710564182187,1903.52809264526,1953.1312138395,755700000
817,406,7.05931434762116,7.68981399517909,4.6224714007939,7.68520459385122,4.61928731676832,481.367751990936,474.308437643315,2002.12596610639,2009.18528045401,755700000
817,407,6.67009569879978,7.68981399517909,4.6224714007939,7.68561960816702,4.61829173303735,480.978533342114,474.308437643315,2002.12596610639,2008.79606180519,755700000
818,408,56.0876260262829,7.68342474221193,4.61581124355094,7.68395818548289,4.61435449649749,481.401311402715,425.313685376433,1953.1312138395,2009.21883986579,755700000
818,819,21.3072891060616,7.68342474221193,4.61581124355094,7.68313696671976,4.61657523374354,446.620974482494,425.313685376433,1953.1312138395,1974.43850294557,755700000
819,409,34.315062840125,7.68313696671976,4.61657523374354,7.68568904681139,4.61680177292813,480.936037322619,446.620974482494,1974.43850294557,2008.75356578569,755700000
819,410,37.7636006550037,7.68313696671976,4.61657523374354,7.67961408805638,4.61694031615839,484.384575137498,446.620974482494,1974.43850294557,2012.20210360057,755700000
