node1,node2,length,startLat,startLon,endLat,endLon,endNodeL,startNodeL,startYear,endYear,treeID
613,615,125.89964796045,7.53787213086505,5.26855523286733,7.69216345809078,4.62674452071834,336.903245045283,211.003597084833,1744.35553938291,1870.25518734337,687100000
613,614,223.790795149536,7.53787213086505,5.26855523286733,7.84964164227172,5.18566266764536,434.794392234369,211.003597084833,1744.35553938291,1968.14633453245,687100000
614,203,47.8891024014515,7.84964164227172,5.18566266764536,7.845422,5.182916,482.68349463582,434.794392234369,1968.14633453245,2016.0354369339,687100000
614,202,50.8974188922068,7.84964164227172,5.18566266764536,7.525829,5.762072,485.691811126576,434.794392234369,1968.14633453245,2019.04375342466,687100000
615,616,132.28985980837,7.69216345809078,4.62674452071834,7.68548229378308,4.61835210722053,469.193104853653,336.903245045283,1870.25518734337,2002.54504715174,687100000
615,617,75.4001730324695,7.69216345809078,4.62674452071834,7.6806765585479,4.61886206044569,412.303418077753,336.903245045283,1870.25518734337,1945.65536037583,687100000
616,205,6.26620342713253,7.68548229378308,4.61835210722053,7.68561960816702,4.61829173303735,475.459308280786,469.193104853653,2002.54504715174,2008.81125057887,687100000
616,204,6.69145035235116,7.68548229378308,4.61835210722053,7.68520459385122,4.61928731676832,475.884555206005,469.193104853653,2002.54504715174,2009.23649750409,687100000
617,206,63.5840193684669,7.6806765585479,4.61886206044569,7.68395818548289,4.61435449649749,475.88743744622,412.303418077753,1945.65536037583,2009.2393797443,687100000
617,618,27.090795770106,7.6806765585479,4.61886206044569,7.68093634106127,4.61850795906526,439.394213847859,412.303418077753,1945.65536037583,1972.74615614594,687100000
618,207,36.0042879559436,7.68093634106127,4.61850795906526,7.68568904681139,4.61680177292813,475.398501803802,439.394213847859,1972.74615614594,2008.75044410188,687100000
618,208,39.4559474546284,7.68093634106127,4.61850795906526,7.67961408805638,4.61694031615839,478.850161302487,439.394213847859,1972.74615614594,2012.20210360057,687100000
