node1,node2,length,startLat,startLon,endLat,endLon,endNodeL,startNodeL,startYear,endYear,treeID
614,615,262.898934678973,7.65243590303027,4.615983559785,7.66352970244672,4.62349778745702,490.337424440782,227.438489761809,1692.79501626062,1955.69395093959,710200000
614,616,160.276900080151,7.65243590303027,4.615983559785,7.68739295661983,4.632182052523,387.71538984196,227.438489761809,1692.79501626062,1853.07191634077,710200000
615,203,63.3498024850646,7.66352970244672,4.62349778745702,7.525829,5.762072,553.687226925846,490.337424440782,1955.69395093959,2019.04375342466,710200000
615,204,60.3414859943092,7.66352970244672,4.62349778745702,7.845422,5.182916,550.678910435091,490.337424440782,1955.69395093959,2016.0354369339,710200000
616,618,77.1460223710894,7.68739295661983,4.632182052523,7.68301949542853,4.617736435865,464.861412213049,387.71538984196,1853.07191634077,1930.21793871186,710200000
616,617,148.311995609872,7.68739295661983,4.632182052523,7.68510175728218,4.62001629755794,536.027385451831,387.71538984196,1853.07191634077,2001.38391195064,710200000
617,206,7.37186869956169,7.68510175728218,4.62001629755794,7.68561960816702,4.61829173303735,543.399254151393,536.027385451831,2001.38391195064,2008.7557806502,710200000
617,205,7.83461956035414,7.68510175728218,4.62001629755794,7.68520459385122,4.61928731676832,543.862005012186,536.027385451831,2001.38391195064,2009.218531511,710200000
618,619,37.1580759743241,7.68301949542853,4.617736435865,7.68743356215767,4.61985626658472,502.019488187373,464.861412213049,1930.21793871186,1967.37601468618,710200000
618,207,79.0186804062516,7.68301949542853,4.617736435865,7.68395818548289,4.61435449649749,543.880092619301,464.861412213049,1930.21793871186,2009.23661911811,710200000
619,208,41.4103160205151,7.68743356215767,4.61985626658472,7.68568904681139,4.61680177292813,543.429804207888,502.019488187373,1967.37601468618,2008.7863307067,710200000
619,209,44.8260889143844,7.68743356215767,4.61985626658472,7.67961408805638,4.61694031615839,546.845577101758,502.019488187373,1967.37601468618,2012.20210360057,710200000
