node1,node2,length,startLat,startLon,endLat,endLon,endNodeL,startNodeL,startYear,endYear,treeID
614,615,211.253296035108,7.69245030735279,4.65242958623808,7.68116475849695,4.62893837270415,381.50814060256,170.254844567452,1742.58616009123,1953.83945612634,519100000
614,616,131.101472980626,7.69245030735279,4.65242958623808,7.67963354707906,4.61542752620442,301.356317548078,170.254844567452,1742.58616009123,1873.68763307186,519100000
615,204,62.1959808075652,7.68116475849695,4.62893837270415,7.845422,5.182916,443.704121410125,381.50814060256,1953.83945612634,2016.0354369339,519100000
615,203,65.2042972983205,7.68116475849695,4.62893837270415,7.525829,5.762072,446.712437900881,381.50814060256,1953.83945612634,2019.04375342466,519100000
616,617,125.879533968131,7.67963354707906,4.61542752620442,7.6844946081637,4.61937530212535,427.235851516209,301.356317548078,1873.68763307186,1999.56716703999,519100000
616,618,81.8201025957594,7.67963354707906,4.61542752620442,7.68468060806999,4.61822948109295,383.176420143838,301.356317548078,1873.68763307186,1955.50773566761,519100000
617,206,9.18490113483464,7.6844946081637,4.61937530212535,7.68561960816702,4.61829173303735,436.420752651044,427.235851516209,1999.56716703999,2008.75206817482,519100000
617,205,9.61743929569525,7.6844946081637,4.61937530212535,7.68520459385122,4.61928731676832,436.853290811905,427.235851516209,1999.56716703999,2009.18460633568,519100000
618,619,33.3325241174569,7.68468060806999,4.61822948109295,7.68188279755667,4.61594608811748,416.508944261295,383.176420143838,1955.50773566761,1988.84025978507,519100000
618,207,53.6606809417872,7.68468060806999,4.61822948109295,7.68395818548289,4.61435449649749,436.837101085625,383.176420143838,1955.50773566761,2009.1684166094,519100000
619,209,23.3618438154973,7.68188279755667,4.61594608811748,7.67961408805638,4.61694031615839,439.870788076792,416.508944261295,1988.84025978507,2012.20210360057,519100000
619,208,19.9225062068105,7.68188279755667,4.61594608811748,7.68568904681139,4.61680177292813,436.431450468105,416.508944261295,1988.84025978507,2008.76276599188,519100000
