node1,node2,length,startLat,startLon,endLat,endLon,endNodeL,startNodeL,startYear,endYear,treeID
412,414,116.501420527788,7.67823605718734,4.59940951162041,7.69189032997861,4.6180104819843,323.401062016515,206.899641488726,1770.20657801815,1886.70799854594,699000000
412,413,162.987268514594,7.67823605718734,4.59940951162041,7.82971328969751,5.16761206210916,369.88691000332,206.899641488726,1770.20657801815,1933.19384653275,699000000
413,1,85.8499068919125,7.82971328969751,5.16761206210916,7.525829,5.762072,455.736816895233,369.88691000332,1933.19384653275,2019.04375342466,699000000
413,2,82.8415904011572,7.82971328969751,5.16761206210916,7.845422,5.182916,452.728500404478,369.88691000332,1933.19384653275,2016.0354369339,699000000
414,416,57.1191696258703,7.69189032997861,4.6180104819843,7.69019555784796,4.61790539833415,380.520231642385,323.401062016515,1886.70799854594,1943.82716817181,699000000
414,415,113.044249580926,7.69189032997861,4.6180104819843,7.68683804727612,4.61650354782915,436.445311597441,323.401062016515,1886.70799854594,1999.75224812687,699000000
415,3,9.43118646884447,7.68683804727612,4.61650354782915,7.68520459385122,4.61928731676832,445.876498066285,436.445311597441,1999.75224812687,2009.18343459571,699000000
415,4,9.03620132487669,7.68683804727612,4.61650354782915,7.68561960816702,4.61829173303735,445.481512922317,436.445311597441,1999.75224812687,2008.78844945174,699000000
416,5,65.4105484379771,7.69019555784796,4.61790539833415,7.68395818548289,4.61435449649749,445.930780080362,380.520231642385,1943.82716817181,2009.23771660979,699000000
416,417,33.0849696002753,7.69019555784796,4.61790539833415,7.68488269041989,4.61393146253533,413.60520124266,380.520231642385,1943.82716817181,1976.91213777209,699000000
417,6,31.874441771139,7.68488269041989,4.61393146253533,7.68568904681139,4.61680177292813,445.479643013799,413.60520124266,1976.91213777209,2008.78657954322,699000000
417,7,35.289965828484,7.68488269041989,4.61393146253533,7.67961408805638,4.61694031615839,448.895167071144,413.60520124266,1976.91213777209,2012.20210360057,699000000
