node1,node2,length,startLat,startLon,endLat,endLon,endNodeL,startNodeL,startYear,endYear,treeID
814,816,121.965204865463,7.70184689574454,4.61855947787235,7.68895492715765,4.61706454856655,308.006281550993,186.04107668553,1729.20288589635,1851.16809076182,517700000
814,815,204.936192284394,7.70184689574454,4.61855947787235,7.70190080594117,4.61710033438628,390.977268969924,186.04107668553,1729.20288589635,1934.13907818075,517700000
815,405,81.8963587531541,7.70190080594117,4.61710033438628,7.845422,5.182916,472.873627723078,390.977268969924,1934.13907818075,2016.0354369339,517700000
815,404,84.9046752439094,7.70190080594117,4.61710033438628,7.525829,5.762072,475.881944213833,390.977268969924,1934.13907818075,2019.04375342466,517700000
816,817,149.147248629006,7.68895492715765,4.61706454856655,7.6865231450303,4.61733751266132,457.153530179999,308.006281550993,1851.16809076182,2000.31533939082,517700000
816,818,105.24261362467,7.68895492715765,4.61706454856655,7.68291493917785,4.6166736944158,413.248895175663,308.006281550993,1851.16809076182,1956.41070438649,517700000
817,406,8.85305831370541,7.6865231450303,4.61733751266132,7.68520459385122,4.61928731676832,466.006588493704,457.153530179999,2000.31533939082,2009.16839770453,517700000
817,407,8.45619884131624,7.6865231450303,4.61733751266132,7.68561960816702,4.61829173303735,465.609729021315,457.153530179999,2000.31533939082,2008.77153823214,517700000
818,408,52.8189662936824,7.68291493917785,4.6166736944158,7.68395818548289,4.61435449649749,466.067861469346,413.248895175663,1956.41070438649,2009.22967068017,517700000
818,819,22.1277094522466,7.68291493917785,4.6166736944158,7.68304614555966,4.61728443333039,435.37660462791,413.248895175663,1956.41070438649,1978.53841383873,517700000
819,409,30.2716704288279,7.68304614555966,4.61728443333039,7.68568904681139,4.61680177292813,465.648275056738,435.37660462791,1978.53841383873,2008.81008426756,517700000
819,410,33.6636897618347,7.68304614555966,4.61728443333039,7.67961408805638,4.61694031615839,469.040294389745,435.37660462791,1978.53841383873,2012.20210360057,517700000
