node1,node2,length,startLat,startLon,endLat,endLon,endNodeL,startNodeL,startYear,endYear,treeID
814,816,179.502188629661,7.67958977492761,4.61839596568766,7.68255993322904,4.62616415727496,388.959078382466,209.456889752806,1707.08902800176,1886.59121663142,616400000
814,815,258.565630931563,7.67958977492761,4.61839596568766,7.68486161144253,4.61928591595178,468.022520684368,209.456889752806,1707.08902800176,1965.65465893333,616400000
815,405,50.3807780005766,7.68486161144253,4.61928591595178,7.845422,5.182916,518.403298684945,468.022520684368,1965.65465893333,2016.0354369339,616400000
815,404,53.3890944913319,7.68486161144253,4.61928591595178,7.525829,5.762072,521.4116151757,468.022520684368,1965.65465893333,2019.04375342466,616400000
816,817,114.467613240768,7.68255993322904,4.62616415727496,7.68406712835367,4.61616345572841,503.426691623234,388.959078382466,1886.59121663142,2001.05882987219,616400000
816,818,63.6936919443631,7.68255993322904,4.62616415727496,7.69040577347026,4.61088665526169,452.652770326829,388.959078382466,1886.59121663142,1950.28490857579,616400000
817,407,7.76811103792205,7.68406712835367,4.61616345572841,7.68561960816702,4.61829173303735,511.194802661156,503.426691623234,2001.05882987219,2008.82694091011,616400000
817,406,8.18047833771334,7.68406712835367,4.61616345572841,7.68520459385122,4.61928731676832,511.607169960947,503.426691623234,2001.05882987219,2009.23930820991,616400000
818,408,58.8800965206887,7.69040577347026,4.61088665526169,7.68395818548289,4.61435449649749,511.532866847518,452.652770326829,1950.28490857579,2009.16500509648,616400000
818,819,24.4430949080789,7.69040577347026,4.61088665526169,7.68275193179536,4.61081307250682,477.095865234908,452.652770326829,1950.28490857579,1974.72800348387,616400000
819,409,34.0547602314746,7.68275193179536,4.61081307250682,7.68568904681139,4.61680177292813,511.150625466383,477.095865234908,1974.72800348387,2008.78276371534,616400000
819,410,37.4741001167032,7.68275193179536,4.61081307250682,7.67961408805638,4.61694031615839,514.569965351611,477.095865234908,1974.72800348387,2012.20210360057,616400000
