node1,node2,length,startLat,startLon,endLat,endLon,endNodeL,startNodeL,startYear,endYear,treeID
814,816,135.163094342913,7.84648626346666,5.14238918223576,7.68751643977255,4.61658650286642,348.099873714405,212.936779371491,1760.39032175162,1895.55341609453,932100000
814,815,182.932479118161,7.84648626346666,5.14238918223576,7.83927300676178,5.15745604735804,395.869258489652,212.936779371491,1760.39032175162,1943.32280086978,932100000
815,405,72.7126360641225,7.83927300676178,5.15745604735804,7.845422,5.182916,468.581894553774,395.869258489652,1943.32280086978,2016.0354369339,932100000
815,404,75.7209525548779,7.83927300676178,5.15745604735804,7.525829,5.762072,471.590211044529,395.869258489652,1943.32280086978,2019.04375342466,932100000
816,817,103.625443526907,7.68751643977255,4.61658650286642,7.68443602887783,4.61848035765914,451.725317241312,348.099873714405,1895.55341609453,1999.17885962144,932100000
816,818,44.7974136322957,7.68751643977255,4.61658650286642,7.68789259269094,4.61633270172809,392.8972873467,348.099873714405,1895.55341609453,1940.35082972683,932100000
817,407,9.57087384132663,7.68443602887783,4.61848035765914,7.68561960816702,4.61829173303735,461.296191082639,451.725317241312,1999.17885962144,2008.74973346277,932100000
817,406,10.0378872034251,7.68443602887783,4.61848035765914,7.68520459385122,4.61928731676832,461.763204444737,451.725317241312,1999.17885962144,2009.21674682487,932100000
818,819,35.5956562205449,7.68789259269094,4.61633270172809,7.68528812915912,4.61646147157493,428.492943567245,392.8972873467,1940.35082972683,1975.94648594737,932100000
818,408,68.8825493805066,7.68789259269094,4.61633270172809,7.68395818548289,4.61435449649749,461.779836727207,392.8972873467,1940.35082972683,2009.23337910734,932100000
819,410,32.8288006503423,7.68528812915912,4.61646147157493,7.68568904681139,4.61680177292813,461.321744217587,428.492943567245,1975.94648594737,2008.77528659772,932100000
819,409,36.2556176531958,7.68528812915912,4.61646147157493,7.67961408805638,4.61694031615839,464.748561220441,428.492943567245,1975.94648594737,2012.20210360057,932100000
