node1,node2,length,startLat,startLon,endLat,endLon,endNodeL,startNodeL,startYear,endYear,treeID
413,415,105.09232428794,7.66275578582759,4.75406468544679,7.69020511287947,4.63576860907941,300.006185792728,194.913861504788,1774.19604002485,1879.28836431279,544300000
413,414,183.832437063708,7.66275578582759,4.75406468544679,7.85188008739674,5.17710826698957,378.746298568495,194.913861504788,1774.19604002485,1958.02847708855,544300000
414,1,61.0152763361046,7.85188008739674,5.17710826698957,7.525829,5.762072,439.7615749046,378.746298568495,1958.02847708855,2019.04375342466,544300000
414,2,58.0069598453493,7.85188008739674,5.17710826698957,7.845422,5.182916,436.753258413845,378.746298568495,1958.02847708855,2016.0354369339,544300000
415,416,124.188194729341,7.69020511287947,4.63576860907941,7.68524196223331,4.62209682109399,424.194380522069,300.006185792728,1879.28836431279,2003.47655904213,544300000
415,417,59.129930695096,7.69020511287947,4.63576860907941,7.68493030236017,4.61484841598471,359.136116487824,300.006185792728,1879.28836431279,1938.41829500788,544300000
416,3,5.70991134064757,7.68524196223331,4.62209682109399,7.68520459385122,4.61928731676832,429.904291862717,424.194380522069,2003.47655904213,2009.18647038277,544300000
416,4,5.33587942640609,7.68524196223331,4.62209682109399,7.68561960816702,4.61829173303735,429.530259948475,424.194380522069,2003.47655904213,2008.81243846853,544300000
417,5,70.8183095838113,7.68493030236017,4.61484841598471,7.68395818548289,4.61435449649749,429.954426071635,359.136116487824,1938.41829500788,2009.23660459169,544300000
417,418,37.7888664938892,7.68493030236017,4.61484841598471,7.67998546041732,4.61492088241802,396.924982981713,359.136116487824,1938.41829500788,1976.20716150177,544300000
418,7,35.9949420987984,7.67998546041732,4.61492088241802,7.67961408805638,4.61694031615839,432.919925080511,396.924982981713,1976.20716150177,2012.20210360057,544300000
418,6,32.5679916210248,7.67998546041732,4.61492088241802,7.68568904681139,4.61680177292813,429.492974602738,396.924982981713,1976.20716150177,2008.7751531228,544300000
