node1,node2,length,startLat,startLon,endLat,endLon,endNodeL,startNodeL,startYear,endYear,treeID
614,616,171.985511977324,7.68452165755534,4.60951691421342,7.68577522224776,4.6213576114354,331.273333509769,159.287821532445,1727.58523112368,1899.57074310101,643000000
614,615,213.831570207094,7.68452165755534,4.60951691421342,7.41644176112922,5.71253069701401,373.119391739539,159.287821532445,1727.58523112368,1941.41680133078,643000000
615,203,77.626952093882,7.41644176112922,5.71253069701401,7.525829,5.762072,450.746343833421,373.119391739539,1941.41680133078,2019.04375342466,643000000
615,204,74.6186356031267,7.41644176112922,5.71253069701401,7.845422,5.182916,447.738027342665,373.119391739539,1941.41680133078,2016.0354369339,643000000
616,618,47.850892542923,7.68577522224776,4.6213576114354,7.68788143401674,4.61542563809312,379.124226052692,331.273333509769,1899.57074310101,1947.42163564393,643000000
616,617,102.527638283539,7.68577522224776,4.6213576114354,7.68588603627545,4.61988400405822,433.800971793308,331.273333509769,1899.57074310101,2002.09838138454,643000000
617,205,7.08152761086146,7.68588603627545,4.61988400405822,7.68520459385122,4.61928731676832,440.882499404169,433.800971793308,2002.09838138454,2009.17990899541,643000000
617,206,6.67979699463129,7.68588603627545,4.61988400405822,7.68561960816702,4.61829173303735,440.480768787939,433.800971793308,2002.09838138454,2008.77817837918,643000000
618,207,61.8077779664563,7.68788143401674,4.61542563809312,7.68395818548289,4.61435449649749,440.932004019148,379.124226052692,1947.42163564393,2009.22941361039,643000000
618,619,33.7132377112259,7.68788143401674,4.61542563809312,7.68758819471981,4.61474369736435,412.837463763918,379.124226052692,1947.42163564393,1981.13487335515,643000000
619,208,27.6508865516709,7.68758819471981,4.61474369736435,7.68568904681139,4.61680177292813,440.488350315589,412.837463763918,1981.13487335515,2008.78575990683,643000000
619,209,31.0672302454143,7.68758819471981,4.61474369736435,7.67961408805638,4.61694031615839,443.904694009332,412.837463763918,1981.13487335515,2012.20210360057,643000000
