node1,node2,length,startLat,startLon,endLat,endLon,endNodeL,startNodeL,startYear,endYear,treeID
413,414,212.197824813223,7.86341162464595,5.19418249223385,7.8642146999094,5.19494548868512,396.383202198306,184.185377385083,1747.39373980161,1959.59156461483,503000000
413,415,132.256677752437,7.86341162464595,5.19418249223385,7.69390033497685,4.6214422942111,316.442055137519,184.185377385083,1747.39373980161,1879.65041755405,503000000
414,1,59.4521888098253,7.8642146999094,5.19494548868512,7.525829,5.762072,455.835391008131,396.383202198306,1959.59156461483,2019.04375342466,503000000
414,2,56.44387231907,7.8642146999094,5.19494548868512,7.845422,5.182916,452.827074517376,396.383202198306,1959.59156461483,2016.0354369339,503000000
415,416,125.004387873446,7.69390033497685,4.6214422942111,7.68460208637121,4.61861381330958,441.446443010965,316.442055137519,1879.65041755405,2004.65480542749,503000000
415,417,75.2515996010445,7.69390033497685,4.6214422942111,7.69376988368948,4.62373548731507,391.693654738564,316.442055137519,1879.65041755405,1954.90201715509,503000000
416,3,4.57404385605786,7.68460208637121,4.61861381330958,7.68520459385122,4.61928731676832,446.020486867023,441.446443010965,2004.65480542749,2009.22884928355,503000000
416,4,4.11550713021473,7.68460208637121,4.61861381330958,7.68561960816702,4.61829173303735,445.56195014118,441.446443010965,2004.65480542749,2008.77031255771,503000000
417,5,54.2962509684648,7.69376988368948,4.62373548731507,7.68395818548289,4.61435449649749,445.989905707029,391.693654738564,1954.90201715509,2009.19826812356,503000000
417,418,17.1340498533182,7.69376988368948,4.62373548731507,7.67054588814179,4.62034645213569,408.827704591882,391.693654738564,1954.90201715509,1972.03606700841,503000000
418,7,40.1660365921604,7.67054588814179,4.62034645213569,7.67961408805638,4.61694031615839,448.993741184042,408.827704591882,1972.03606700841,2012.20210360057,503000000
418,6,36.7272011734143,7.67054588814179,4.62034645213569,7.68568904681139,4.61680177292813,445.554905765296,408.827704591882,1972.03606700841,2008.76326818182,503000000
