node1,node2,length,startLat,startLon,endLat,endLon,endNodeL,startNodeL,startYear,endYear,treeID
613,615,124.494663739124,7.71401729478189,4.75047146448789,7.6826548754821,4.62199320006451,376.12398753797,251.629323798846,1751.01712003874,1875.51178377786,855800000
613,614,193.951321066824,7.71401729478189,4.75047146448789,7.84216248087046,5.18301076381071,445.58064486567,251.629323798846,1751.01712003874,1944.96844110556,855800000
614,203,71.0669958283421,7.84216248087046,5.18301076381071,7.845422,5.182916,516.647640694012,445.58064486567,1944.96844110556,2016.0354369339,855800000
614,202,74.0753123190974,7.84216248087046,5.18301076381071,7.525829,5.762072,519.655957184768,445.58064486567,1944.96844110556,2019.04375342466,855800000
615,616,125.819944055285,7.6826548754821,4.62199320006451,7.68531894593229,4.61842114258808,501.943931593255,376.12398753797,1875.51178377786,2001.33172783314,855800000
615,617,58.0901965311745,7.6826548754821,4.62199320006451,7.68414883002797,4.61951999944173,434.214184069144,376.12398753797,1875.51178377786,1933.60198030903,855800000
616,205,7.45953696607037,7.68531894593229,4.61842114258808,7.68561960816702,4.61829173303735,509.403468559325,501.943931593255,2001.33172783314,2008.79126479922,855800000
616,204,7.83288009290656,7.68531894593229,4.61842114258808,7.68520459385122,4.61928731676832,509.776811686161,501.943931593255,2001.33172783314,2009.16460792605,855800000
617,618,41.7244915288612,7.68414883002797,4.61951999944173,7.6869789053289,4.62288399242884,475.938675598005,434.214184069144,1933.60198030903,1975.3264718379,855800000
617,206,75.6417393190967,7.68414883002797,4.61951999944173,7.68395818548289,4.61435449649749,509.855923388241,434.214184069144,1933.60198030903,2009.24371962813,855800000
618,207,36.8756317626735,7.6869789053289,4.62288399242884,7.67961408805638,4.61694031615839,512.814307360679,475.938675598005,1975.3264718379,2012.20210360057,855800000
618,208,33.4456502978158,7.6869789053289,4.62288399242884,7.68568904681139,4.61680177292813,509.384325895821,475.938675598005,1975.3264718379,2008.77212213571,855800000
