node1,node2,length,startLat,startLon,endLat,endLon,endNodeL,startNodeL,startYear,endYear,treeID
613,615,141.592408730459,7.68891337100299,4.60821072637152,7.69735841235787,4.6124834143676,365.934725746584,224.342317016126,1723.8929654596,1865.48537419005,343400000
613,614,223.788071296706,7.68891337100299,4.60821072637152,7.84629417849536,5.1817613426885,448.130388312831,224.342317016126,1723.8929654596,1947.6810367563,343400000
614,202,71.3627166683568,7.84629417849536,5.1817613426885,7.525829,5.762072,519.493104981188,448.130388312831,1947.6810367563,2019.04375342466,343400000
614,203,68.3544001776014,7.84629417849536,5.1817613426885,7.845422,5.182916,516.484788490433,448.130388312831,1947.6810367563,2016.0354369339,343400000
615,616,136.935333161129,7.69735841235787,4.6124834143676,7.68680454627651,4.61807790864323,502.870058907714,365.934725746584,1865.48537419005,2002.42070735118,343400000
615,617,74.2893404181664,7.69735841235787,4.6124834143676,7.68401339234471,4.61568335397681,440.224066164751,365.934725746584,1865.48537419005,1939.77471460822,343400000
616,204,6.77894649746687,7.68680454627651,4.61807790864323,7.68520459385122,4.61928731676832,509.649005405181,502.870058907714,2002.42070735118,2009.19965384865,343400000
616,205,6.36449963889402,7.68680454627651,4.61807790864323,7.68561960816702,4.61829173303735,509.234558546608,502.870058907714,2002.42070735118,2008.78520699008,343400000
617,206,69.4209716546574,7.68401339234471,4.61568335397681,7.68395818548289,4.61435449649749,509.645037819408,440.224066164751,1939.77471460822,2009.19568626288,343400000
617,618,27.3554006592964,7.68401339234471,4.61568335397681,7.6853118685317,4.61871542962244,467.579466824047,440.224066164751,1939.77471460822,1967.13011526752,343400000
618,207,41.6566981208082,7.6853118685317,4.61871542962244,7.68568904681139,4.61680177292813,509.236164944855,467.579466824047,1967.13011526752,2008.78681338833,343400000
618,208,45.0719883330522,7.6853118685317,4.61871542962244,7.67961408805638,4.61694031615839,512.651455157099,467.579466824047,1967.13011526752,2012.20210360057,343400000
