node1,node2,length,startLat,startLon,endLat,endLon,endNodeL,startNodeL,startYear,endYear,treeID
613,615,101.821486749086,7.84141573967304,5.18650912302714,7.68454763041222,4.62204774948825,349.277676102612,247.456189353526,1788.5190924986,1890.34057924769,764100000
613,614,160.769148166824,7.84141573967304,5.18650912302714,7.84730112084663,5.18384949574119,408.22533752035,247.456189353526,1788.5190924986,1949.28824066543,764100000
614,202,69.7555127592313,7.84730112084663,5.18384949574119,7.525829,5.762072,477.980850279581,408.22533752035,1949.28824066543,2019.04375342466,764100000
614,203,66.7471962684759,7.84730112084663,5.18384949574119,7.845422,5.182916,474.972533788826,408.22533752035,1949.28824066543,2016.0354369339,764100000
615,617,70.288946725888,7.68454763041222,4.62204774948825,7.68238580284603,4.60893379988282,419.5666228285,349.277676102612,1890.34057924769,1960.62952597358,764100000
615,616,102.502178810384,7.68454763041222,4.62204774948825,7.68301391751219,4.62242391334585,451.779854912995,349.277676102612,1890.34057924769,1992.84275805807,764100000
616,205,15.966329769643,7.68301391751219,4.62242391334585,7.68561960816702,4.61829173303735,467.746184682638,451.779854912995,1992.84275805807,2008.80908782772,764100000
616,204,16.3727103462151,7.68301391751219,4.62242391334585,7.68520459385122,4.61928731676832,468.152565259211,451.779854912995,1992.84275805807,2009.21546840429,764100000
617,618,18.7447263854117,7.68238580284603,4.60893379988282,7.68173014431282,4.60997005593554,438.311349213912,419.5666228285,1960.62952597358,1979.37425235899,764100000
617,206,48.5694861872557,7.68238580284603,4.60893379988282,7.68395818548289,4.61435449649749,468.136109015756,419.5666228285,1960.62952597358,2009.19901216083,764100000
618,207,29.3814057450645,7.68173014431282,4.60997005593554,7.68568904681139,4.61680177292813,467.692754958976,438.311349213912,1979.37425235899,2008.75565810405,764100000
618,208,32.8278512415811,7.68173014431282,4.60997005593554,7.67961408805638,4.61694031615839,471.139200455493,438.311349213912,1979.37425235899,2012.20210360057,764100000
