node1,node2,length,startLat,startLon,endLat,endLon,endNodeL,startNodeL,startYear,endYear,treeID
614,616,87.1914291179127,7.76638738078983,5.200021980211,7.67220278518881,4.61598814403122,360.829069599885,273.637640481972,1790.90273166433,1878.09416078224,562500000
614,615,172.250497986271,7.76638738078983,5.200021980211,7.78968908146531,5.16228469061968,445.888138468243,273.637640481972,1790.90273166433,1963.1532296506,562500000
615,203,55.8905237740601,7.78968908146531,5.16228469061968,7.525829,5.762072,501.778662242303,445.888138468243,1963.1532296506,2019.04375342466,562500000
615,204,52.8822072833048,7.78968908146531,5.16228469061968,7.845422,5.182916,498.770345751548,445.888138468243,1963.1532296506,2016.0354369339,562500000
616,618,63.389569959755,7.67220278518881,4.61598814403122,7.6738821314247,4.61991266672256,424.21863955964,360.829069599885,1878.09416078224,1941.48373074199,562500000
616,617,117.696746633488,7.67220278518881,4.61598814403122,7.68962889864536,4.62055361022655,478.525816233373,360.829069599885,1878.09416078224,1995.79090741573,562500000
617,206,13.0167525548262,7.68962889864536,4.62055361022655,7.68561960816702,4.61829173303735,491.542568788199,478.525816233373,1995.79090741573,2008.80765997055,562500000
617,205,13.3819595269458,7.68962889864536,4.62055361022655,7.68520459385122,4.61928731676832,491.907775760319,478.525816233373,1995.79090741573,2009.17286694267,562500000
618,619,30.1141781004974,7.6738821314247,4.61991266672256,7.68179595681497,4.61437768190053,454.332817660137,424.21863955964,1941.48373074199,1971.59790884249,562500000
618,207,67.6841036235693,7.6738821314247,4.61991266672256,7.68395818548289,4.61435449649749,491.902743183209,424.21863955964,1941.48373074199,2009.16783436556,562500000
619,208,37.229977484712,7.68179595681497,4.61437768190053,7.68568904681139,4.61680177292813,491.562795144849,454.332817660137,1971.59790884249,2008.8278863272,562500000
619,209,40.6041947580771,7.68179595681497,4.61437768190053,7.67961408805638,4.61694031615839,494.937012418215,454.332817660137,1971.59790884249,2012.20210360057,562500000
