node1,node2,length,startLat,startLon,endLat,endLon,endNodeL,startNodeL,startYear,endYear,treeID
413,414,196.961674615142,7.65758604810513,4.82555240271229,7.83966318312635,5.17378451971072,401.118097904883,204.156423289742,1758.98560181331,1955.94727642846,540100000
413,415,122.985777910043,7.65758604810513,4.82555240271229,7.68941869156083,4.61222082839766,327.142201199784,204.156423289742,1758.98560181331,1881.97137972336,540100000
414,1,63.0964769962017,7.83966318312635,5.17378451971072,7.525829,5.762072,464.214574901085,401.118097904883,1955.94727642846,2019.04375342466,540100000
414,2,60.0881605054464,7.83966318312635,5.17378451971072,7.845422,5.182916,461.20625841033,401.118097904883,1955.94727642846,2016.0354369339,540100000
415,416,117.253574358827,7.68941869156083,4.61222082839766,7.6850613900847,4.61975808233713,444.395775558611,327.142201199784,1881.97137972336,1999.22495408218,540100000
415,417,68.3179092702408,7.68941869156083,4.61222082839766,7.68822259308987,4.61563423344985,395.460110470025,327.142201199784,1881.97137972336,1950.2892889936,540100000
416,3,9.99598515106807,7.6850613900847,4.61975808233713,7.68520459385122,4.61928731676832,454.391760709679,444.395775558611,1999.22495408218,2009.22093923325,540100000
416,4,9.57133942715252,7.6850613900847,4.61975808233713,7.68561960816702,4.61829173303735,453.967114985764,444.395775558611,1999.22495408218,2008.79629350934,540100000
417,5,58.9205033043329,7.68822259308987,4.61563423344985,7.68395818548289,4.61435449649749,454.380613774358,395.460110470025,1950.2892889936,2009.20979229793,540100000
417,418,31.5619698637175,7.68822259308987,4.61563423344985,7.68958818999137,4.61588958067748,427.022080333742,395.460110470025,1950.2892889936,1981.85125885732,540100000
418,7,30.350844743254,7.68958818999137,4.61588958067748,7.67961408805638,4.61694031615839,457.372925076997,427.022080333742,1981.85125885732,2012.20210360057,540100000
418,6,26.9446243424341,7.68958818999137,4.61588958067748,7.68568904681139,4.61680177292813,453.966704676177,427.022080333742,1981.85125885732,2008.79588319975,540100000
