node1,node2,length,startLat,startLon,endLat,endLon,endNodeL,startNodeL,startYear,endYear,treeID
412,414,115.180881074061,7.85609103514163,5.18883189550693,7.68091271356067,4.61765220540633,309.35501071499,194.174129640929,1760.05927313036,1875.24015420442,740300000
412,413,196.28303673571,7.85609103514163,5.18883189550693,7.85170099184063,5.18518472661648,390.457166376639,194.174129640929,1760.05927313036,1956.34230986607,740300000
413,1,62.7014435585853,7.85170099184063,5.18518472661648,7.525829,5.762072,453.158609935224,390.457166376639,1956.34230986607,2019.04375342466,740300000
413,2,59.69312706783,7.85170099184063,5.18518472661648,7.845422,5.182916,450.150293444469,390.457166376639,1956.34230986607,2016.0354369339,740300000
414,416,67.9451005051525,7.68091271356067,4.61765220540633,7.68179048047368,4.61831828867672,377.300111220143,309.35501071499,1875.24015420442,1943.18525470958,740300000
414,415,128.485315692678,7.68091271356067,4.61765220540633,7.68522692900833,4.61876353379485,437.840326407668,309.35501071499,1875.24015420442,2003.7254698971,740300000
415,3,5.46558290421437,7.68522692900833,4.61876353379485,7.68520459385122,4.61928731676832,443.305909311882,437.840326407668,2003.7254698971,2009.19105280132,740300000
415,4,5.02495471307498,7.68522692900833,4.61876353379485,7.68561960816702,4.61829173303735,442.865281120743,437.840326407668,2003.7254698971,2008.75042461018,740300000
416,5,66.0170028376112,7.68179048047368,4.61831828867672,7.68395818548289,4.61435449649749,443.317114057754,377.300111220143,1943.18525470958,2009.20225754719,740300000
416,417,28.2623659264176,7.68179048047368,4.61831828867672,7.68258189633366,4.61791979752294,405.56247714656,377.300111220143,1943.18525470958,1971.44762063599,740300000
417,6,37.3747565670778,7.68258189633366,4.61791979752294,7.68568904681139,4.61680177292813,442.937233713638,405.56247714656,1971.44762063599,2008.82237720307,740300000
417,7,40.7544829645758,7.68258189633366,4.61791979752294,7.67961408805638,4.61694031615839,446.316960111136,405.56247714656,1971.44762063599,2012.20210360057,740300000
