node1,node2,length,startLat,startLon,endLat,endLon,endNodeL,startNodeL,startYear,endYear,treeID
614,615,215.068926584206,7.68915236601004,4.63292713600614,7.55756868691676,4.99323513683367,404.529322301346,189.46039571714,1736.62027613427,1951.68920271848,384700000
614,616,112.150544087426,7.68915236601004,4.63292713600614,7.68543417974274,4.63138957279243,301.610939804566,189.46039571714,1736.62027613427,1848.7708202217,384700000
615,203,67.3545507061779,7.55756868691676,4.99323513683367,7.525829,5.762072,471.883873007524,404.529322301346,1951.68920271848,2019.04375342466,384700000
615,204,64.3462342154226,7.55756868691676,4.99323513683367,7.845422,5.182916,468.875556516769,404.529322301346,1951.68920271848,2016.0354369339,384700000
616,618,92.7053280301878,7.68543417974274,4.63138957279243,7.68576850653028,4.61742030943673,394.316267834754,301.610939804566,1848.7708202217,1941.47614825189,384700000
616,617,154.932205282675,7.68543417974274,4.63138957279243,7.6844015101093,4.62040003756667,456.543145087241,301.610939804566,1848.7708202217,2003.70302550437,384700000
617,205,5.47120731131911,7.6844015101093,4.62040003756667,7.68520459385122,4.61928731676832,462.01435239856,456.543145087241,2003.70302550437,2009.17423281569,384700000
617,206,5.07257473752439,7.6844015101093,4.62040003756667,7.68561960816702,4.61829173303735,461.615719824765,456.543145087241,2003.70302550437,2008.7756002419,384700000
618,619,24.4228945210529,7.68576850653028,4.61742030943673,7.67806862096283,4.61820481430744,418.739162355807,394.316267834754,1941.47614825189,1965.89904277294,384700000
618,207,67.728546446913,7.68576850653028,4.61742030943673,7.68395818548289,4.61435449649749,462.044814281667,394.316267834754,1941.47614825189,2009.2046946988,384700000
619,209,46.3030608276287,7.67806862096283,4.61820481430744,7.67961408805638,4.61694031615839,465.042223183436,418.739162355807,1965.89904277294,2012.20210360057,384700000
619,208,42.9327275508161,7.67806862096283,4.61820481430744,7.68568904681139,4.61680177292813,461.671889906623,418.739162355807,1965.89904277294,2008.83177032376,384700000
