node1,node2,length,startLat,startLon,endLat,endLon,endNodeL,startNodeL,startYear,endYear,treeID
412,413,238.133989620106,7.85916694751191,4.83169332695359,7.85576136131007,4.82907526389019,451.445562753445,213.31157313334,1728.27459302828,1966.40858264839,769700000
412,414,164.988605092596,7.85916694751191,4.83169332695359,7.6684069243387,4.60374342645301,378.300178225936,213.31157313334,1728.27459302828,1893.26319812088,769700000
413,1,52.6351707762697,7.85576136131007,4.82907526389019,7.525829,5.762072,504.080733529715,451.445562753445,1966.40858264839,2019.04375342466,769700000
413,2,49.6268542855144,7.85576136131007,4.82907526389019,7.845422,5.182916,501.07241703896,451.445562753445,1966.40858264839,2016.0354369339,769700000
414,416,58.7896576959855,7.6684069243387,4.60374342645301,7.68832222768696,4.61714412536087,437.089835921921,378.300178225936,1893.26319812088,1952.05285581686,769700000
414,415,110.382592752502,7.6684069243387,4.60374342645301,7.68465146823193,4.61886832782111,488.682770978438,378.300178225936,1893.26319812088,2003.64579087338,769700000
415,3,5.51673727448036,7.68465146823193,4.61886832782111,7.68520459385122,4.61928731676832,494.199508252918,488.682770978438,2003.64579087338,2009.16252814786,769700000
415,4,5.15483610958518,7.68465146823193,4.61886832782111,7.68561960816702,4.61829173303735,493.837607088023,488.682770978438,2003.64579087338,2008.80062698297,769700000
416,5,57.1575063231335,7.68832222768696,4.61714412536087,7.68395818548289,4.61435449649749,494.247342245055,437.089835921921,1952.05285581686,2009.21036214,769700000
416,417,21.3503922757482,7.68832222768696,4.61714412536087,7.68898777408991,4.61821166726084,458.44022819767,437.089835921921,1952.05285581686,1973.40324809261,769700000
417,6,35.3681592620448,7.68898777408991,4.61821166726084,7.68568904681139,4.61680177292813,493.808387459714,458.44022819767,1973.40324809261,2008.77140735466,769700000
417,7,38.7988555079569,7.68898777408991,4.61821166726084,7.67961408805638,4.61694031615839,497.239083705626,458.44022819767,1973.40324809261,2012.20210360057,769700000
