node1,node2,length,startLat,startLon,endLat,endLon,endNodeL,startNodeL,startYear,endYear,treeID
412,413,199.973378004249,7.52927275016824,5.74421248088617,7.52324354428737,5.74530578301643,364.526030186725,164.552652182476,1743.58498411033,1943.55836211458,673800000
412,414,121.681275715352,7.52927275016824,5.74421248088617,7.68585090457254,4.61500158310945,286.233927897827,164.552652182476,1743.58498411033,1865.26625982568,673800000
413,1,75.4853913100822,7.52324354428737,5.74530578301643,7.525829,5.762072,440.011421496807,364.526030186725,1943.55836211458,2019.04375342466,673800000
413,2,72.4770748193269,7.52324354428737,5.74530578301643,7.845422,5.182916,437.003105006051,364.526030186725,1943.55836211458,2016.0354369339,673800000
414,416,78.6735648411547,7.68585090457254,4.61500158310945,7.68868613789155,4.61618064651752,364.907492738982,286.233927897827,1865.26625982568,1943.93982466683,673800000
414,415,129.671266255339,7.68585090457254,4.61500158310945,7.68260133828873,4.61801561094883,415.905194153166,286.233927897827,1865.26625982568,1994.93752608102,673800000
415,3,14.3004856837639,7.68260133828873,4.61801561094883,7.68520459385122,4.61928731676832,430.20567983693,415.905194153166,1994.93752608102,2009.23801176478,673800000
415,4,13.8584299654756,7.68260133828873,4.61801561094883,7.68561960816702,4.61829173303735,429.763624118642,415.905194153166,1994.93752608102,2008.79595604649,673800000
416,5,65.2529904706568,7.68868613789155,4.61618064651752,7.68395818548289,4.61435449649749,430.160483209639,364.907492738982,1943.93982466683,2009.19281513749,673800000
416,417,16.1720528267358,7.68868613789155,4.61618064651752,7.68703984460109,4.6035519646306,381.079545565718,364.907492738982,1943.93982466683,1960.11187749357,673800000
417,6,48.6571739170891,7.68703984460109,4.6035519646306,7.68568904681139,4.61680177292813,429.736719482807,381.079545565718,1960.11187749357,2008.76905141066,673800000
417,7,52.0902261070004,7.68703984460109,4.6035519646306,7.67961408805638,4.61694031615839,433.169771672718,381.079545565718,1960.11187749357,2012.20210360057,673800000
