node1,node2,length,startLat,startLon,endLat,endLon,endNodeL,startNodeL,startYear,endYear,treeID
413,415,146.851588774889,7.808204466926,5.17197704575517,7.67595675031336,4.61638674397713,377.80764233498,230.956053560091,1726.19225184918,1873.04384062407,756400000
413,414,233.233136988814,7.808204466926,5.17197704575517,7.83888391722448,5.18588823483317,464.189190548905,230.956053560091,1726.19225184918,1959.42538883799,756400000
414,1,59.6183645866634,7.83888391722448,5.18588823483317,7.525829,5.762072,523.807555135568,464.189190548905,1959.42538883799,2019.04375342466,756400000
414,2,56.6100480959081,7.83888391722448,5.18588823483317,7.845422,5.182916,520.799238644813,464.189190548905,1959.42538883799,2016.0354369339,756400000
415,416,126.658069025053,7.67595675031336,4.61638674397713,7.68583484025992,4.61780198629641,504.465711360033,377.80764233498,1873.04384062407,1999.70190964912,756400000
415,417,67.0960217849042,7.67595675031336,4.61638674397713,7.68264244794837,4.61542389451821,444.903664119884,377.80764233498,1873.04384062407,1940.13986240897,756400000
416,3,9.52880175159301,7.68583484025992,4.61780198629641,7.68520459385122,4.61928731676832,513.994513111626,504.465711360033,1999.70190964912,2009.23071140072,756400000
416,4,9.10938169013916,7.68583484025992,4.61780198629641,7.68561960816702,4.61829173303735,513.575093050172,504.465711360033,1999.70190964912,2008.81129133926,756400000
417,5,69.0946555780194,7.68264244794837,4.61542389451821,7.68395818548289,4.61435449649749,513.998319697903,444.903664119884,1940.13986240897,2009.23451798699,756400000
417,418,26.1961070587062,7.68264244794837,4.61542389451821,7.68248626951052,4.61803414792131,471.09977117859,444.903664119884,1940.13986240897,1966.33596946768,756400000
418,7,45.8661341328897,7.68248626951052,4.61803414792131,7.67961408805638,4.61694031615839,516.96590531148,471.09977117859,1966.33596946768,2012.20210360057,756400000
418,6,42.4480780090139,7.68248626951052,4.61803414792131,7.68568904681139,4.61680177292813,513.547849187604,471.09977117859,1966.33596946768,2008.78404747669,756400000
