node1,node2,length,startLat,startLon,endLat,endLon,endNodeL,startNodeL,startYear,endYear,treeID
413,414,198.315036062232,7.63612795378797,4.53955669644804,7.74175515983214,4.74862824476135,420.386590131025,222.071554068793,1757.75849967006,1956.07353573229,527500000
413,415,121.507374172041,7.63612795378797,4.53955669644804,7.68875609946001,4.61323201489838,343.578928240834,222.071554068793,1757.75849967006,1879.2658738421,527500000
414,1,62.970217692364,7.74175515983214,4.74862824476135,7.525829,5.762072,483.356807823389,420.386590131025,1956.07353573229,2019.04375342466,527500000
414,2,59.9619012016087,7.74175515983214,4.74862824476135,7.845422,5.182916,480.348491332634,420.386590131025,1956.07353573229,2016.0354369339,527500000
415,416,118.263968881653,7.68875609946001,4.61323201489838,7.68418556807733,4.61933970223177,461.842897122487,343.578928240834,1879.2658738421,1997.52984272376,527500000
415,417,53.0949603889725,7.68875609946001,4.61323201489838,7.68784695470054,4.6139195997446,396.673888629806,343.578928240834,1879.2658738421,1932.36083423108,527500000
416,3,11.6629569225118,7.68418556807733,4.61933970223177,7.68520459385122,4.61928731676832,473.505854044999,461.842897122487,1997.52984272376,2009.19279964627,527500000
416,4,11.2437850279964,7.68418556807733,4.61933970223177,7.68561960816702,4.61829173303735,473.086682150484,461.842897122487,1997.52984272376,2008.77362775175,527500000
417,5,76.8110097928701,7.68784695470054,4.6139195997446,7.68395818548289,4.61435449649749,473.484898422677,396.673888629806,1932.36083423108,2009.17184402395,527500000
417,418,30.0207181077091,7.68784695470054,4.6139195997446,7.68973032198888,4.61669784448428,426.694606737516,396.673888629806,1932.36083423108,1962.38155233878,527500000
418,7,49.8205512617848,7.68973032198888,4.61669784448428,7.67961408805638,4.61694031615839,476.5151579993,426.694606737516,1962.38155233878,2012.20210360057,527500000
418,6,46.4065875810588,7.68973032198888,4.61669784448428,7.68568904681139,4.61680177292813,473.101194318574,426.694606737516,1962.38155233878,2008.78813991984,527500000
