node1,node2,length,startLat,startLon,endLat,endLon,endNodeL,startNodeL,startYear,endYear,treeID
814,816,97.9292964353502,7.84484856696603,5.15881623561944,7.6909790717643,4.61730688303903,301.007225144489,203.077928709138,1750.81015878772,1848.73945522308,459600000
814,815,187.282534573638,7.84484856696603,5.15881623561944,7.85425709180779,5.17267440297404,390.360463282776,203.077928709138,1750.81015878772,1938.09269336136,459600000
815,405,77.9427435725397,7.85425709180779,5.17267440297404,7.845422,5.182916,468.303206855316,390.360463282776,1938.09269336136,2016.0354369339,459600000
815,404,80.951060063295,7.85425709180779,5.17267440297404,7.525829,5.762072,471.311523346071,390.360463282776,1938.09269336136,2019.04375342466,459600000
816,817,148.964860821686,7.6909790717643,4.61730688303903,7.6862789068943,4.61617957509328,449.972085966174,301.007225144489,1848.73945522308,1997.70431604476,459600000
816,818,93.3402071721208,7.6909790717643,4.61730688303903,7.68356457343952,4.61495196917864,394.347432316609,301.007225144489,1848.73945522308,1942.0796623952,459600000
817,407,11.0791427523398,7.6862789068943,4.61617957509328,7.68561960816702,4.61829173303735,461.051228718514,449.972085966174,1997.70431604476,2008.7834587971,459600000
817,406,11.5165810687839,7.6862789068943,4.61617957509328,7.68520459385122,4.61928731676832,461.488667034958,449.972085966174,1997.70431604476,2009.22089711354,459600000
818,408,67.0992663891823,7.68356457343952,4.61495196917864,7.68395818548289,4.61435449649749,461.446698705792,394.347432316609,1942.0796623952,2009.17892878438,459600000
818,819,35.922339282446,7.68356457343952,4.61495196917864,7.68544922967274,4.61530857434135,430.269771599055,394.347432316609,1942.0796623952,1978.00200167764,459600000
819,409,30.8294323939715,7.68544922967274,4.61530857434135,7.68568904681139,4.61680177292813,461.099203993027,430.269771599055,1978.00200167764,2008.83143407161,459600000
819,410,34.2001019229272,7.68544922967274,4.61530857434135,7.67961408805638,4.61694031615839,464.469873521983,430.269771599055,1978.00200167764,2012.20210360057,459600000
