node1,node2,length,startLat,startLon,endLat,endLon,endNodeL,startNodeL,startYear,endYear,treeID
613,615,127.46497943839,7.66861605842244,4.68899268036876,7.68064849151853,4.61697424021123,317.267614491215,189.802635052824,1735.52985641398,1862.99483585237,990900000
613,614,235.888831488317,7.66861605842244,4.68899268036876,7.85846485382113,5.19040503071597,425.691466541141,189.802635052824,1735.52985641398,1971.4186879023,990900000
614,203,44.6167490316013,7.85846485382113,5.19040503071597,7.845422,5.182916,470.308215572742,425.691466541141,1971.4186879023,2016.0354369339,990900000
614,202,47.6250655223566,7.85846485382113,5.19040503071597,7.525829,5.762072,473.316532063498,425.691466541141,1971.4186879023,2019.04375342466,990900000
615,616,131.538725925743,7.68064849151853,4.61697424021123,7.69335579854182,4.61892497565101,448.806340416958,317.267614491215,1862.99483585237,1994.53356177812,990900000
615,617,88.0479693294697,7.68064849151853,4.61697424021123,7.68616715278395,4.62093462428826,405.315583820684,317.267614491215,1862.99483585237,1951.04280518184,990900000
616,204,14.7053968400939,7.69335579854182,4.61892497565101,7.68520459385122,4.61928731676832,463.511737257052,448.806340416958,1994.53356177812,2009.23895861821,990900000
616,205,14.2590545002333,7.69335579854182,4.61892497565101,7.68561960816702,4.61829173303735,463.065394917191,448.806340416958,1994.53356177812,2008.79261627835,990900000
617,618,31.3926220401417,7.68616715278395,4.62093462428826,7.68645604302238,4.61814318317478,436.708205860826,405.315583820684,1951.04280518184,1982.43542722199,990900000
617,206,58.1663172140284,7.68616715278395,4.62093462428826,7.68395818548289,4.61435449649749,463.481901034713,405.315583820684,1951.04280518184,2009.20912239587,990900000
618,207,29.766676378583,7.68645604302238,4.61814318317478,7.67961408805638,4.61694031615839,466.474882239409,436.708205860826,1982.43542722199,2012.20210360057,990900000
618,208,26.319064133943,7.68645604302238,4.61814318317478,7.68568904681139,4.61680177292813,463.027269994769,436.708205860826,1982.43542722199,2008.75449135593,990900000
