node1,node2,length,startLat,startLon,endLat,endLon,endNodeL,startNodeL,startYear,endYear,treeID
614,615,214.093660293271,7.87874065626911,5.25779286755717,7.8466323636667,5.18157916152309,418.479997211461,204.38633691819,1747.42247841553,1961.5161387088,750100000
614,616,121.462727525343,7.87874065626911,5.25779286755717,7.68876812986054,4.61993337391573,325.849064443534,204.38633691819,1747.42247841553,1868.88520594087,750100000
615,204,54.5192982251038,7.8466323636667,5.18157916152309,7.845422,5.182916,472.999295436565,418.479997211461,1961.5161387088,2016.0354369339,750100000
615,203,57.5276147158592,7.8466323636667,5.18157916152309,7.525829,5.762072,476.00761192732,418.479997211461,1961.5161387088,2019.04375342466,750100000
616,617,132.867126684016,7.68876812986054,4.61993337391573,7.68564576061358,4.617865652512,458.716191127549,325.849064443534,1868.88520594087,2001.75233262489,750100000
616,618,72.6618268628455,7.68876812986054,4.61993337391573,7.68495894696121,4.61555288066875,398.510891306379,325.849064443534,1868.88520594087,1941.54703280372,750100000
617,206,7.06179857403686,7.68564576061358,4.617865652512,7.68561960816702,4.61829173303735,465.777989701586,458.716191127549,2001.75233262489,2008.81413119892,750100000
617,205,7.46138991668139,7.68564576061358,4.617865652512,7.68520459385122,4.61928731676832,466.177581044231,458.716191127549,2001.75233262489,2009.21372254157,750100000
618,619,21.970835047947,7.68495894696121,4.61555288066875,7.68138418094003,4.61506438326343,420.481726354326,398.510891306379,1941.54703280372,1963.51786785166,750100000
618,207,67.6975104550335,7.68495894696121,4.61555288066875,7.68395818548289,4.61435449649749,466.208401761413,398.510891306379,1941.54703280372,2009.24454325875,750100000
619,208,45.2878717257539,7.68138418094003,4.61506438326343,7.68568904681139,4.61680177292813,465.76959808008,420.481726354326,1963.51786785166,2008.80573957742,750100000
619,209,48.6842357489057,7.68138418094003,4.61506438326343,7.67961408805638,4.61694031615839,469.165962103232,420.481726354326,1963.51786785166,2012.20210360057,750100000
