node1,node2,length,startLat,startLon,endLat,endLon,endNodeL,startNodeL,startYear,endYear,treeID
814,816,124.41690205506,7.73662859849661,4.63697486910471,7.68132502730822,4.61375196657785,334.646908862256,210.230006807196,1690.8884953117,1815.30539736676,483400000
814,815,251.207153196835,7.73662859849661,4.63697486910471,7.84178741474387,5.17667091773957,461.43716000403,210.230006807196,1690.8884953117,1942.09564850853,483400000
815,405,73.9397884253679,7.84178741474387,5.17667091773957,7.845422,5.182916,535.376948429398,461.43716000403,1942.09564850853,2016.0354369339,483400000
815,404,76.9481049161232,7.84178741474387,5.17667091773957,7.525829,5.762072,538.385264920154,461.43716000403,1942.09564850853,2019.04375342466,483400000
816,817,188.647990834504,7.68132502730822,4.61375196657785,7.68345492017618,4.61921871366909,523.29489969676,334.646908862256,1815.30539736676,2003.95338820126,483400000
816,818,118.899567469478,7.68132502730822,4.61375196657785,7.68737038646154,4.61448787518703,453.546476331734,334.646908862256,1815.30539736676,1934.20496483624,483400000
817,407,4.83982739476204,7.68345492017618,4.61921871366909,7.68561960816702,4.61829173303735,528.134727091522,523.29489969676,2003.95338820126,2008.79321559603,483400000
817,406,5.26731471838304,7.68345492017618,4.61921871366909,7.68520459385122,4.61928731676832,528.562214415143,523.29489969676,2003.95338820126,2009.22070291965,483400000
818,819,33.3980434257438,7.68737038646154,4.61448787518703,7.69147959934878,4.61895540415323,486.944519757478,453.546476331734,1934.20496483624,1967.60300826198,483400000
818,408,75.0209981853042,7.68737038646154,4.61448787518703,7.68395818548289,4.61435449649749,528.567474517038,453.546476331734,1934.20496483624,2009.22596302154,483400000
819,410,44.5990953385873,7.69147959934878,4.61895540415323,7.67961408805638,4.61694031615839,531.543615096065,486.944519757478,1967.60300826198,2012.20210360057,483400000
819,409,41.2131180691586,7.69147959934878,4.61895540415323,7.68568904681139,4.61680177292813,528.157637826636,486.944519757478,1967.60300826198,2008.81612633114,483400000
