node1,node2,length,startLat,startLon,endLat,endLon,endNodeL,startNodeL,startYear,endYear,treeID
613,614,214.837052388788,7.81433531691396,5.13789914399061,7.840020417494,5.17669533464242,382.690521085463,167.853468696675,1705.89674312901,1920.7337955178,510700000
613,615,147.526099486972,7.81433531691396,5.13789914399061,7.68148299426095,4.6165427170553,315.379568183647,167.853468696675,1705.89674312901,1853.42284261598,510700000
614,203,95.3016414161057,7.840020417494,5.17669533464242,7.845422,5.182916,477.992162501568,382.690521085463,1920.7337955178,2016.0354369339,510700000
614,202,98.309957906861,7.840020417494,5.17669533464242,7.525829,5.762072,481.000478992324,382.690521085463,1920.7337955178,2019.04375342466,510700000
615,616,145.47924228437,7.68148299426095,4.6165427170553,7.68486276108944,4.6193594813499,460.858810468017,315.379568183647,1853.42284261598,1998.90208490035,510700000
615,617,81.699850314806,7.68148299426095,4.6165427170553,7.68533965766716,4.61497005618145,397.079418498453,315.379568183647,1853.42284261598,1935.12269293079,510700000
616,204,10.3142012617406,7.68486276108944,4.6193594813499,7.68520459385122,4.61928731676832,471.173011729757,460.858810468017,1998.90208490035,2009.21628616209,510700000
616,205,9.91788778997309,7.68486276108944,4.6193594813499,7.68561960816702,4.61829173303735,470.77669825799,460.858810468017,1998.90208490035,2008.81997269032,510700000
617,206,74.1156169715242,7.68533965766716,4.61497005618145,7.68395818548289,4.61435449649749,471.195035469977,397.079418498453,1935.12269293079,2009.23830990231,510700000
617,618,35.1254132215936,7.68533965766716,4.61497005618145,7.68433930204054,4.61464886904082,432.204831720047,397.079418498453,1935.12269293079,1970.24810615238,510700000
618,207,38.5790930929832,7.68433930204054,4.61464886904082,7.68568904681139,4.61680177292813,470.78392481303,432.204831720047,1970.24810615238,2008.82719924536,510700000
618,208,41.9539974481886,7.68433930204054,4.61464886904082,7.67961408805638,4.61694031615839,474.158829168235,432.204831720047,1970.24810615238,2012.20210360057,510700000
