node1,node2,length,startLat,startLon,endLat,endLon,endNodeL,startNodeL,startYear,endYear,treeID
814,816,117.704352107364,7.69653722254123,4.58323700834539,7.6790692288601,4.61830025253316,328.896995563969,211.192643456605,1749.37917606809,1867.08352817545,910400000
814,815,206.79713120993,7.69653722254123,4.58323700834539,7.62506476355439,4.98915190012766,417.989774666535,211.192643456605,1749.37917606809,1956.17630727802,910400000
815,404,62.867446146641,7.62506476355439,4.98915190012766,7.525829,5.762072,480.857220813176,417.989774666535,1956.17630727802,2019.04375342466,910400000
815,405,59.8591296558857,7.62506476355439,4.98915190012766,7.845422,5.182916,477.848904322421,417.989774666535,1956.17630727802,2016.0354369339,910400000
816,817,136.462725760878,7.6790692288601,4.61830025253316,7.68538530181028,4.61857692653347,465.359721324847,328.896995563969,1867.08352817545,2003.54625393633,910400000
816,818,75.3842199754418,7.6790692288601,4.61830025253316,7.68102056831675,4.61424547855494,404.281215539411,328.896995563969,1867.08352817545,1942.46774815089,910400000
817,406,5.63911875213144,7.68538530181028,4.61857692653347,7.68520459385122,4.61928731676832,470.998840076979,465.359721324847,2003.54625393633,2009.18537268846,910400000
817,407,5.20277785049946,7.68538530181028,4.61857692653347,7.68561960816702,4.61829173303735,470.562499175347,465.359721324847,2003.54625393633,2008.74903178683,910400000
818,408,66.7519994705161,7.68102056831675,4.61424547855494,7.68395818548289,4.61435449649749,471.033215009927,404.281215539411,1942.46774815089,2009.21974762141,910400000
818,819,22.7911439773092,7.68102056831675,4.61424547855494,7.68409959359442,4.61438416155675,427.07235951672,404.281215539411,1942.46774815089,1965.2588921282,910400000
819,409,46.9432114723674,7.68409959359442,4.61438416155675,7.67961408805638,4.61694031615839,474.015570989088,427.07235951672,1965.2588921282,2012.20210360057,910400000
819,410,43.533939390698,7.68409959359442,4.61438416155675,7.68568904681139,4.61680177292813,470.606298907418,427.07235951672,1965.2588921282,2008.7928315189,910400000
