node1,node2,length,startLat,startLon,endLat,endLon,endNodeL,startNodeL,startYear,endYear,treeID
614,616,123.639622377066,7.71117722462273,4.60122447503206,7.68770344890748,4.61557206655163,311.488167666308,187.848545289242,1759.43271505313,1883.0723374302,792100000
614,615,192.073356229628,7.71117722462273,4.60122447503206,7.84999522544336,5.18934990020692,379.92190151887,187.848545289242,1759.43271505313,1951.50607128276,792100000
615,204,64.529365651145,7.84999522544336,5.18934990020692,7.845422,5.182916,444.451267170015,379.92190151887,1951.50607128276,2016.0354369339,792100000
615,203,67.5376821419003,7.84999522544336,5.18934990020692,7.525829,5.762072,447.459583660771,379.92190151887,1951.50607128276,2019.04375342466,792100000
616,618,55.3223370521209,7.68770344890748,4.61557206655163,7.68383687845796,4.61552047972714,366.810504718429,311.488167666308,1883.0723374302,1938.39467448232,792100000
616,617,112.613863877742,7.68770344890748,4.61557206655163,7.68541198173469,4.61922549204181,424.10203154405,311.488167666308,1883.0723374302,1995.68620130794,792100000
617,206,13.0698759667042,7.68541198173469,4.61922549204181,7.68561960816702,4.61829173303735,437.171907510754,424.10203154405,1995.68620130794,2008.75607727464,792100000
617,205,13.5578957482428,7.68541198173469,4.61922549204181,7.68520459385122,4.61928731676832,437.659927292292,424.10203154405,1995.68620130794,2009.24409705618,792100000
618,619,13.997149179283,7.68383687845796,4.61552047972714,7.68276327828752,4.61333965628974,380.807653897712,366.810504718429,1938.39467448232,1952.3918236616,792100000
618,207,70.8242951708694,7.68383687845796,4.61552047972714,7.68395818548289,4.61435449649749,437.634799889298,366.810504718429,1938.39467448232,2009.21896965319,792100000
619,209,59.8102799389701,7.68276327828752,4.61333965628974,7.67961408805638,4.61694031615839,440.617933836682,380.807653897712,1952.3918236616,2012.20210360057,792100000
619,208,56.3970163044411,7.68276327828752,4.61333965628974,7.68568904681139,4.61680177292813,437.204670202153,380.807653897712,1952.3918236616,2008.78883996604,792100000
