node1,node2,length,startLat,startLon,endLat,endLon,endNodeL,startNodeL,startYear,endYear,treeID
413,414,208.998211624936,7.6736752980251,4.65948254757906,7.85061075183714,5.18574378566348,422.326593144948,213.328381520012,1762.19960311194,1971.19781473688,430900000
413,415,111.218232098012,7.6736752980251,4.65948254757906,7.68906241539097,4.61520070143223,324.546613618024,213.328381520012,1762.19960311194,1873.41783520995,430900000
414,1,47.8459386877824,7.85061075183714,5.18574378566348,7.525829,5.762072,470.17253183273,422.326593144948,1971.19781473688,2019.04375342466,430900000
414,2,44.8376221970271,7.85061075183714,5.18574378566348,7.845422,5.182916,467.164215341975,422.326593144948,1971.19781473688,2016.0354369339,430900000
415,417,75.5999875869552,7.68906241539097,4.61520070143223,7.68865389960111,4.61928128760665,400.146601204979,324.546613618024,1873.41783520995,1949.01782279691,430900000
415,416,129.249128060859,7.68906241539097,4.61520070143223,7.68476057384833,4.61840305322991,453.795741678883,324.546613618024,1873.41783520995,2002.66696327081,430900000
416,3,6.56675843355121,7.68476057384833,4.61840305322991,7.68520459385122,4.61928731676832,460.362500112434,453.795741678883,2002.66696327081,2009.23372170436,430900000
416,4,6.16372346973223,7.68476057384833,4.61840305322991,7.68561960816702,4.61829173303735,459.959465148615,453.795741678883,2002.66696327081,2008.83068674054,430900000
417,5,60.1989659324449,7.68865389960111,4.61928128760665,7.68395818548289,4.61435449649749,460.345567137424,400.146601204979,1949.01782279691,2009.21678872935,430900000
417,418,28.6001115177409,7.68865389960111,4.61928128760665,7.68951355094261,4.61888118683427,428.74671272272,400.146601204979,1949.01782279691,1977.61793431465,430900000
418,7,34.5841692859215,7.68951355094261,4.61888118683427,7.67961408805638,4.61694031615839,463.330882008642,428.74671272272,1977.61793431465,2012.20210360057,430900000
418,6,31.1628053570337,7.68951355094261,4.61888118683427,7.68568904681139,4.61680177292813,459.909518079754,428.74671272272,1977.61793431465,2008.78073967168,430900000
