node1,node2,length,startLat,startLon,endLat,endLon,endNodeL,startNodeL,startYear,endYear,treeID
413,415,114.820216675772,7.7312495439375,5.41641025870243,7.68685851359295,4.61563301007039,357.568840700528,242.748624024755,1753.04252630003,1867.8627429758,870500000
413,414,190.044237759252,7.7312495439375,5.41641025870243,7.86800007241445,5.1999821329254,432.792861784007,242.748624024755,1753.04252630003,1943.08676405928,870500000
414,1,75.9569893653743,7.86800007241445,5.1999821329254,7.525829,5.762072,508.749851149381,432.792861784007,1943.08676405928,2019.04375342466,870500000
414,2,72.948672874619,7.86800007241445,5.1999821329254,7.845422,5.182916,505.741534658626,432.792861784007,1943.08676405928,2016.0354369339,870500000
415,416,130.715727693604,7.68685851359295,4.61563301007039,7.68645253114312,4.61853641428472,488.284568394132,357.568840700528,1867.8627429758,1998.57847066941,870500000
415,417,81.8066910277294,7.68685851359295,4.61563301007039,7.68907920360886,4.61982670475294,439.375531728257,357.568840700528,1867.8627429758,1949.66943400353,870500000
416,3,10.6560952781308,7.68645253114312,4.61853641428472,7.68520459385122,4.61928731676832,498.940663672263,488.284568394132,1998.57847066941,2009.23456594754,870500000
416,4,10.2456929816744,7.68645253114312,4.61853641428472,7.68561960816702,4.61829173303735,498.530261375806,488.284568394132,1998.57847066941,2008.82416365108,870500000
417,5,59.5493789372708,7.68907920360886,4.61982670475294,7.68395818548289,4.61435449649749,498.924910665528,439.375531728257,1949.66943400353,2009.2188129408,870500000
417,418,29.3044566776519,7.68907920360886,4.61982670475294,7.68377525645271,4.61740421270439,468.679988405909,439.375531728257,1949.66943400353,1978.97389068119,870500000
418,7,29.8121705070702,7.68377525645271,4.61740421270439,7.68568904681139,4.61680177292813,498.492158912979,468.679988405909,1978.97389068119,2008.78606118826,870500000
418,6,33.2282129193837,7.68377525645271,4.61740421270439,7.67961408805638,4.61694031615839,501.908201325293,468.679988405909,1978.97389068119,2012.20210360057,870500000
